Mapillary_ID,Latitude,Longitude,country_code,country_name,continent,geocoded_city
vXSkE9gqQzYmsgwa7mW1eA,38.926053917507,-77.035437865291,US,United States,North America,"Washington, D.C."
sRcMHZJhBQjAfVQdHoiFcw,33.9025003,-84.4879839,US,United States,North America,Smyrna
HvCnu3uDr8gpI6QveXukcw,60.1644789,24.9150645,FI,Finland,Europe,Helsinki
uWgXpne6CkvGP6mBoHvc2g,33.515677777778,-86.804580555556,US,United States,North America,Birmingham
eIQCwwpMqzxA_OQCTO4Wcg,55.730084558223,12.358017132633,DK,Denmark,Europe,Ballerup
z-IgPLKhCNhBRBxLd9JVug,47.41303177,8.53801191,CH,Switzerland,Europe,Zuerich (Kreis 11) / Oerlikon
I1yzG-DpP4TB7HRdyZ468Q,38.72447,-9.1494566666667,PT,Portugal,Europe,Lisbon
bVhx_RJdmLwruspTN-7Vjg,22.290524,114.212849,HK,Hong Kong,Asia,Kowloon
qqlyX70Ii8pPWMkOb83fVA,35.305578,136.911737,JP,Japan,Asia,Komaki
3QQrUUWoNcLmMhP76AT-TA,51.44658579,7.03383306,DE,Germany,Europe,Essen
LGwcadvIVvti9wSvtqOcbg,48.82531271,2.21585121,FR,France,Europe,Sevres
WshWWXHHUgPubBAQGxHD3Q,36.050758,140.171412,JP,Japan,Asia,Naka
9cIXUOaQ6qJ1PBqsb-3eVA,52.50639033,13.2831657,DE,Germany,Europe,Charlottenburg Bezirk
P_eChlILG6tD_q2h23V12w,50.10940936,14.49648266,CZ,Czechia,Europe,Prosek
4QnX1QLSCUjjKHVN2m80dw,50.855105,4.69567,BE,Belgium,Europe,Leuven
aJyj7DxbP3UCord-NUpnGw,56.094647,12.763818,SE,Sweden,Europe,Odakra
s1tfmktqvPGICdUyFirqxQ,39.36713,-76.648479,US,United States,North America,Towson
ufYiHqZMK-BIvLcn9PVNlA,52.396141,4.904554,NL,Netherlands,Europe,Amsterdam
wLKLSrR2h2GRc09iFXmtQA,35.176665,138.736654,JP,Japan,Asia,Fuji
4LoKYdyYvZfdr45ZWctchg,39.304399,-76.563394,US,United States,North America,Rosedale
8xztwKREmqWpRzhJzhw_2Q,-34.90603699,-56.19177835,UY,Uruguay,South America,Montevideo
Bz5-mgMDWk6gMN_gLPwnxg,-23.666241,-46.6940375,BR,Brazil,South America,Diadema
C8Xyfj2asi5f7pj0Qrjtgw,50.090244,14.467371,CZ,Czechia,Europe,Liben
WGc3hh2c4yPlOcG-L-uCaA,40.769686666667,-111.90270166667,US,United States,North America,Salt Lake City
5r35aLpzDE_FffYP6Eqf3w,48.878299,2.370489,FR,France,Europe,Paris
uuBsafQ1r406IWQ5ULTR_A,35.051629850556,138.42728854167,JP,Japan,Asia,Shizuoka-shi
ZxDGgapMr-SX6uDa-BD9Eg,35.076443,136.66616,JP,Japan,Asia,Tsushima
dLxMAzJH8MG2HwyYUFnnGA,48.789684,-122.491861,US,United States,North America,Bellingham
C3ZCBfbFRpxWH6gEhKfRPw,36.037096,140.178739,JP,Japan,Asia,Naka
ogbOuYoAkr0nIs3BmMKF4w,52.398775,5.271248,NL,Netherlands,Europe,Almere Stad
WaZHNbp6bNc4KJ8COXUMtg,10.40451136,-66.90442701,VE,"Venezuela, Bolivarian Republic of",South America,Baruta
lM1BUd_zEUb7EW2mCwzYAA,35.65542,139.79787,JP,Japan,Asia,Urayasu
2taV5obPb56PZWx8nkAWyg,42.038254,-88.109425,US,United States,North America,Schaumburg
f8L05EBsJmre2L20gNIBjQ,55.956742,-3.196345,GB,United Kingdom,Europe,Edinburgh
SB2e-ameWxpBv4om-ykkwA,23.134841559108,-82.368983582687,CU,Cuba,North America,Centro Habana
8GMhcND28oX6MCrGOIqALQ,53.4023429,-6.1508616,IE,Ireland,Europe,Donaghmede
ehIH2DPf1NwcN_sgzEAKWw,10.57787405,-66.99650309,VE,"Venezuela, Bolivarian Republic of",South America,Catia La Mar
HQfBG40VYPVM1PNZiv4Qmg,22.220915,114.205835,HK,Hong Kong,Asia,Wan Chai
d05VxFYu5wrmWUv1lMFCCg,37.636704722222,-122.44754138889,US,United States,North America,San Bruno
nH-gC8WSKJZMmy403ipJkA,37.808498785495,-122.41386968808,US,United States,North America,San Francisco
74aa8LHMiDmis_rRQon4fg,51.338930555556,12.304580555556,DE,Germany,Europe,Leipzig
ZDxP1g2BfCSdHBvZfuJEFQ,50.109347222222,8.6719027777778,DE,Germany,Europe,Frankfurt am Main
h5eazKC58YgCg_VxcZOWaQ,49.177213311209,-123.12526071441,CA,Canada,North America,Richmond
MbPE1SdjzPspEKXXOf5b3A,41.88219717,-87.83406324,US,United States,North America,Maywood
1PA--U0r9AjcC2IxMw7nJQ,-23.598539,-46.640215,BR,Brazil,South America,Sao Paulo
4IMdOrlMZiYIEH7a8OWf0A,47.608100006306,-122.32833574611,US,United States,North America,Seattle
2t9a84w3wgg4QFPFBmNOUA,48.860945,2.367262,FR,France,Europe,Paris
mspA0hAOxhK3BU1eD9H1lQ,32.724225,-117.164829,US,United States,North America,San Diego
HRbQIgfLbDC9_2tE5lxx-w,41.903692,12.5092069,IT,Italy,Europe,Rome
1E71kNzKyl49VCYcBINowA,39.77273665,116.51170101,CN,China,Asia,Jiugong
kPMEWyFJlcMC6X3shlqeYg,-27.436034,152.935247,AU,Australia,Oceania,Ferny Hills
lu4O0-rC9S8yn5iL-u47EA,34.966104267778,138.39000235861,JP,Japan,Asia,Shizuoka-shi
s9RMyYTeDT4yGUMdIeCGGA,35.367465,139.098969,JP,Japan,Asia,Hadano
mJbe4uZYmPzqgKenEJWSZQ,-34.58862221,-58.39162833,AR,Argentina,South America,Retiro
HTbZEiuBABTkxbWIZAPllg,52.375114,4.862471,NL,Netherlands,Europe,Amsterdam
k5rshwxr4OsIBYROLfX4Tw,10.44696794,-66.92347658,VE,"Venezuela, Bolivarian Republic of",South America,Baruta
BRe9YkN1bb7PaWUZQGwzxQ,43.45273346,142.64789137,JP,Japan,Asia,Shimo-furano
5J7I1z4fW_tx1g76dFOjlQ,33.44546904,-112.06997624,US,United States,North America,Phoenix
5gPWjcG-qCrBo4KQrUaSmw,43.071174,141.495027,JP,Japan,Asia,Ebetsu
CNd4K_N7x0n45Y12SST_jw,35.625962,139.605497,JP,Japan,Asia,Chofugaoka
8l0pneUC6HEWxgrjyx1B6w,52.154972735675,5.3950235246784,NL,Netherlands,Europe,Amersfoort
W4SbbddXg1x2v23VArJLsg,35.154752,138.826734,JP,Japan,Asia,Numazu
fZQeb5rRjZzOLbW2xpH9zg,47.6535681,-122.3147764,US,United States,North America,Seattle
X4d27DAN73gY1wzYJYG7ZQ,36.05237,140.215635,JP,Japan,Asia,Ami
7bG7U7WIvfaBhUG5IJU27w,45.703869899735,11.482880953699,IT,Italy,Europe,Thiene
Psb6fQFn8zF049Hk_caWSQ,50.100967220823,14.472588987906,CZ,Czechia,Europe,Liben
mTpLasw2fcmOT5_ctNLrYA,47.5282473,19.0330924,HU,Hungary,Europe,Budapest II. keruelet
MhvwwOdnMazQXNbEMjeSdA,43.6549904,-108.2002767,US,United States,North America,Thermopolis
wqBlbWamKeoxyo1dnpktpg,-12.085560802021,-77.040773759965,PE,Peru,South America,San Isidro
C-HZFpXAazkR1UW9lRp5dQ,41.87080865,-87.87079276,US,United States,North America,Bellwood
n2nEbvkPfraMPfDQ5y-JbQ,47.81781369,-122.37102963,US,United States,North America,Edmonds
41MeNiLklCoamMQtjYX1-g,35.106876,138.885417,JP,Japan,Asia,Numazu
qg9BNe9SLUwa7zBbHbigsQ,34.030513,-117.975448,US,United States,North America,Avocado Heights
pOw7qNOd5M7gJ13IPlhtGQ,50.84506445,4.34623226,BE,Belgium,Europe,Brussels
jRVm9aAuVmkK7r8nznBLmw,47.483349745162,19.054313180968,HU,Hungary,Europe,Budapest IX. keruelet
42ltiq6R1DcjCCBeqTNKLw,51.5110406,-0.11363831,GB,United Kingdom,Europe,City of Westminster
JLbSKSeJWJMf4C4j-c9Scg,33.95375742,-84.6560748,US,United States,North America,Kennesaw
z5DZkGnSY11B6C58HPrf5g,47.61725644,-122.19099892,US,United States,North America,Bellevue
q9rK7JXv8qzDGg3ujMqowA,49.105408,-122.73847,CA,Canada,North America,Langley
cV98N96fiioLJdOtsb_y4w,19.36054432,-99.16321059,MX,Mexico,North America,Coyoacan
gf-GzEaxGFxVOnXzKf8e8A,36.225077,139.864323,JP,Japan,Asia,Yuki
LvqqaiVbTRXxZzpkFm8HUg,-23.55972163,-46.68909691,BR,Brazil,South America,Sao Paulo
dYsVP_3HwCpnzlUBH3c7qQ,35.086871,138.930623,JP,Japan,Asia,Mishima
zOzaSlw3JN4KzCVdyH2OnQ,50.087954270008,14.426335639969,CZ,Czechia,Europe,Prague
7jnm8yJvsndKX03z6h5YpQ,32.71804356,-117.17338989,US,United States,North America,San Diego
UzFfIm2kmXDFbQ5bf8ENTw,49.0137797,8.46453262,DE,Germany,Europe,Karlsruhe
Ghvu_prj4sdm3bYamy4SkQ,13.73045117643,100.5345207189,TH,Thailand,Asia,Bang Rak
pTSofzT4CAWXw8BhmiPHNQ,52.351711665072,4.9134177166256,NL,Netherlands,Europe,Amsterdam
7BzadvL6tPeGotqEMW6-tA,43.649558333333,-79.367430555556,CA,Canada,North America,Toronto
jebnubu2Hl7AZxdMyAGGZw,51.5147846,-0.1297554,GB,United Kingdom,Europe,London
aAD1nr59NaEkLor0TJadaA,35.700258,139.793857,JP,Japan,Asia,Urayasu
D4J8uMZ4OdmebvfK50aRpA,1.313538,103.854355,SG,Singapore,Asia,Singapore
hcRKqSnFqkA1fgO0cgdfhA,40.7631946,-73.9452766,US,United States,North America,Long Island City
7dr4Cszty20X3mTRLtiWrA,48.877553,2.370926,FR,France,Europe,Paris
1vNOWEbcBsz38xR0AkJ-pA,18.7908195,98.9877313,TH,Thailand,Asia,Chiang Mai
5MMCve0U0BCmDcsYQdWrnw,50.941277233444,5.981028478124,NL,Netherlands,Europe,Brunssum
wlIhrSf1oVE8sQnRtfuqJA,41.89032596,12.47531225,VA,Holy See (Vatican City State),Europe,Vatican City
OQdRFPg9aKFyTuQl34K7FQ,34.97592461,135.81576524,JP,Japan,Asia,Otsu-shi
GMjEeKpUsMiq7HvVvIXawQ,40.719063055556,-73.996433055556,US,United States,North America,New York City
UFYi8tGysD4sV8VPGCiWUw,41.46502892,-82.13243347,US,United States,North America,Sheffield Lake
RrRAd6-KCX5d9RCGxDK_jQ,48.19939383,16.39416557,AT,Austria,Europe,Vienna
2Ngre3iNIrll-cTM1gGDPA,43.657659,7.170962,FR,France,Europe,Saint-Laurent-du-Var
p8Rb8E2RXD99WfDJiG1p6A,-12.98530159,-38.50527468,BR,Brazil,South America,Salvador
FpMfbDRbIc8PsFvBKHTjrw,42.326565,-71.148768,US,United States,North America,Brookline
3zcZjpvjm19DBYD21Dx6kQ,13.71384589117,100.59268400053,TH,Thailand,Asia,Phra Khanong
axPpbh9KcHLwcB5qjdWfSg,52.250298,5.213,NL,Netherlands,Europe,Laren
ZAdgP3Q5NV5b9Jbly_EArA,8.98042615,-79.50820579,PA,Panama,North America,Panama
qDZsIIxRrJLUTkxfzQY2bQ,12.13433766,-86.26791961,NI,Nicaragua,North America,Managua
VKROoGeONkwcpZ946iUGzg,35.585243,139.628306,JP,Japan,Asia,Chofugaoka
_a5_f8l5IVEpfYydxUa_FA,43.29729,5.368721,FR,France,Europe,Marseille 02
HdRwJXfIQptF3FqnfIulkg,26.024591666667,-80.114905555556,US,United States,North America,Hollywood
2aggH7f4XkR-1i8Z16DgRQ,35.090922620278,138.37593723083,JP,Japan,Asia,Shizuoka-shi
qgyjGX1m6acSruOo7K18mA,55.945793,-3.218903,GB,United Kingdom,Europe,Edinburgh
2LHNsNpByMUjcMmF4L2qbg,35.115675,138.617128,JP,Japan,Asia,Fuji
UVztnXiK7p3Pm1ez5X64Vg,35.082486,138.857965,JP,Japan,Asia,Numazu
TnLynZVaT86n7KEtN1Nxew,-27.448015,152.979348,AU,Australia,Oceania,Milton
6DStJrHktwh-wT6o8EWJsg,43.64218834,-79.38573607,CA,Canada,North America,Toronto
h3n0YKO-Lo-B9sS1DrEzcw,35.651865,139.785516,JP,Japan,Asia,Tokyo
aIBEGOgrKlIVZrawOHUTgQ,42.224965310197,1.8735747746257,ES,Spain,Europe,Guardiola de Bergueda
FPF7aU2gr7IOR9O5QSlylQ,42.889758,140.750644,JP,Japan,Asia,Niseko Town
OsQllen9JSBqGpLLgeq9fw,30.234088,-97.869067,US,United States,North America,Barton Creek
nQrQRN7XKCnHqMgF1UbZOA,42.306237,-71.153256,US,United States,North America,Jamaica Plain
J7hq7gP54aP411sIvXb2Fg,41.45309954,2.23233925,ES,Spain,Europe,Badalona
_4SjTmQ-zn3XSv4D1-Tg4w,52.228214,21.00351,PL,Poland,Europe,Warsaw
FKFJwLPuDL-tE702oluY9A,1.296238,103.851578,SG,Singapore,Asia,Singapore
DBEDlxlkbVZasiYaigW4QA,35.939441666667,-83.948919444444,US,United States,North America,Knoxville
6R3QO9IiEEOd3CBLLTMu3Q,52.50955747,13.37728,DE,Germany,Europe,Tiergarten Bezirk
lkBuBI7zl-TnBmcbSfnkcA,38.94459513,-77.06369493,US,United States,North America,Chevy Chase Village
6h-aByB9JpgT0RcEsaGn4w,35.651142,139.811673,JP,Japan,Asia,Urayasu
sT8qi4Wae8B32b9JsFE-Gg,51.356377777778,12.282408333333,DE,Germany,Europe,Schkeuditz
qLA72iylyf7R-p5Xo0OVyA,36.035184,139.665216,JP,Japan,Asia,Shiraoka
0ImMgBKkZDtJiYZ4-PN5TA,33.7806559,-84.372841,US,United States,North America,Atlanta
5cB9pgzeH9BusEfyw-J5Gg,37.734138055556,-122.49161138889,US,United States,North America,Daly City
sqyeUHB5uJsSGo_Hzw_boA,-33.855719444444,151.14741388889,AU,Australia,Oceania,Canada Bay
pS-fyT2jlgihueLZ78rcrg,1.298086,103.849351,SG,Singapore,Asia,Singapore
DF4eRJfIYeKGfpTIu80HzA,51.499341,-0.116094,GB,United Kingdom,Europe,City of Westminster
i2WwHipuoSCqnwG-CO4mYQ,47.9554673,-122.2610375,US,United States,North America,Mukilteo
n6AgomcAhCXHb8EVJDBzdg,51.501202,-0.124335,GB,United Kingdom,Europe,London
KqvA5e5qcZKPDXuiIT7_mg,35.653489,139.811173,JP,Japan,Asia,Urayasu
fn4i3VGJQAU_yT-PbUt0vQ,34.773984208229,138.14537094054,JP,Japan,Asia,Kanaya
1CHtM4yh7kdvmeMvb3io1g,35.008028,138.472234,JP,Japan,Asia,Shizuoka-shi
wjwbHpmEcTD-W9Gm4214MA,35.470015,139.442911,JP,Japan,Asia,Minami-rinkan
k4-V8XkowhVmmKlFbetUpw,41.152814,-8.630564,PT,Portugal,Europe,Porto
RYKwfxEvD0FKHQon9GLHcQ,12.9760288,77.58708018,IN,India,Asia,Bangalore
ws3umu_hjhk2lFiKB5J7Mg,-23.09414108,-47.20189454,BR,Brazil,South America,Indaiatuba
_uTXOF8FBlCYVJUQtOfGRg,34.076202,-118.318103,US,United States,North America,Hollywood
q3emdTfqPsnk_xyMkYG13g,-6.8190055555556,39.286772222222,TZ,"Tanzania, United Republic of",Africa,Dar es Salaam
E1HV009l6QdMOGzJCifqVw,52.943205050935,-9.4195268165764,IE,Ireland,Europe,Kilrush
3Zl9XTmpfim-gUm7QQBMJg,-23.30977045,-51.16003203,BR,Brazil,South America,Londrina
5i3mFOt92fEkvrsgCUFp5A,26.047158333333,-80.194091666667,US,United States,North America,Davie
nb_a2R1Y64Qdcb5-qHIecg,43.06641914,141.48927607,JP,Japan,Asia,Ebetsu
kQUWqjbeTf29XnlbzBPIEw,37.827588055556,-122.20955972222,US,United States,North America,Piedmont
Cmg0oL8d1V2ijuJgcSHguw,5.3238183,-4.001985,CI,Côte d'Ivoire,Africa,Abidjan
hBaQLOLaB4ta-NkkGSCMpA,34.9633748225,138.37126008694,JP,Japan,Asia,Shizuoka-shi
g3omAHEjf0I9G2QjoYp8cA,-34.81700984,138.50674007,AU,Australia,Oceania,Birkenhead
MhV92oiJwQVksVbM6Ru_1w,35.618508,139.596127,JP,Japan,Asia,Chofugaoka
jxwNrgAR8upXxxBYhbvM4g,51.45669911,7.02040885,DE,Germany,Europe,Essen
58NFVbyl6eejkjuAgt3RPQ,43.667475,-79.590688888889,CA,Canada,North America,Etobicoke
C_IeXthKsEqFUzRA03im8A,34.47002,-118.561247,US,United States,North America,Valencia
7dXcyg9oCu8A0mJ8-fqfqQ,43.688691666667,-79.58705,CA,Canada,North America,Etobicoke
lNQdLz1vzz4Hiii0gv6I0g,51.4416737,6.9948119,DE,Germany,Europe,Essen
j3bFSok-hVMrcMVu9deNwg,40.469686,-3.714262,ES,Spain,Europe,Tetuan de las Victorias
TzsNlqt5XhAjuEhjIhdTBw,32.801223,-117.113427,US,United States,North America,La Mesa
RdM8c5Tju6g4Yvm2f8ZJfg,52.26886018,20.98626422,PL,Poland,Europe,Zoliborz
5CS2ELIPfJKvrEg7XS86nw,43.708861,7.308256,FR,France,Europe,Villefranche-sur-Mer
3tol9yKyV1bTtxBmMgNHYg,35.658667,139.788551,JP,Japan,Asia,Urayasu
hVDTKnztlLr_ewwVLb6uRg,-23.561008,-46.691262,BR,Brazil,South America,Sao Paulo
3E13VlqqZSWK3sbs4WEnAg,-34.6146757,-58.5240522,AR,Argentina,South America,Caseros
kilbQr6UF_YnE4BSwFxU7Q,47.502475236543,19.085852522403,HU,Hungary,Europe,Budapest VII. keruelet
OJ_HaA0_ui3a4Ti5ReLghw,51.4469046,7.0026204,DE,Germany,Europe,Essen
a67XXcNj1rWsU9nrehexaw,52.3916331,13.07468,DE,Germany,Europe,Potsdam
2b3Z0b0MJ2asv3THhHp_bA,29.698488,-95.290737,US,United States,North America,South Houston
F_gIgRSDT7E_vPZPZbYW3A,51.284136,-0.26780699999995,GB,United Kingdom,Europe,Headley
gGXc6-oeHOnU7Kb750QjCQ,43.721930555556,-79.571708333333,CA,Canada,North America,Etobicoke
Q0MXf102E-kpWvykixYcMg,54.49576797,11.22145391,DE,Germany,Europe,Fehmarn
Kpuc81vbkJRppwBroR5WOg,28.72817588,-82.05435031,US,United States,North America,Lake Panasoffkee
tlM1df9SVZEYWiu__igVOg,22.279348,114.17114,HK,Hong Kong,Asia,Wan Chai
07uWBP_EQE-psN5x5HbV-w,46.956387,7.4239250000001,CH,Switzerland,Europe,Bern
GnWKq6Ll9Xn7l8heMxyEEA,4.7127051930556,-74.078327324167,CO,Colombia,South America,Barrio San Luis
fTiAhGQ6k4IywKnf1EIRrA,35.349451,139.142694,JP,Japan,Asia,Hadano
hhBpzLqnzuzDGa-sAIiFJQ,40.741596428571,-111.896293,US,United States,North America,Salt Lake City
mqzmyoQPyBNTARq-T03cBw,51.499301,-0.117077,GB,United Kingdom,Europe,City of Westminster
SE5bnzwOzOk9j7WlvyhaxQ,50.07007031,14.41019143,CZ,Czechia,Europe,Vysehrad
wVitWBa2xkmCrst897LH5w,-23.560258,-46.657778,BR,Brazil,South America,Sao Paulo
ZwUz9m77yM5L-OuQPIxlMg,39.266212,-76.796128,US,United States,North America,Ellicott City
cGJQyM0409eDwOizddohGg,33.902984,-117.907594,US,United States,North America,Brea
lX9gXyMFn6k9vWfbtwm7Fw,47.61691377,-122.18846039,US,United States,North America,Bellevue
sUS-Ltfb1fVNO3bd6ZObzQ,9.4435016,-5.6307766,CI,Côte d'Ivoire,Africa,Korhogo
gFrrSip743DoSH9yvdqnPg,44.115161,15.443883,HR,Croatia,Europe,Galovac
kyALQU6v2Wxcdrb7OnUGww,-23.561763,-46.6902,BR,Brazil,South America,Sao Paulo
9ihoueYJcF997998qtK_9A,29.78024143,-95.45369226,US,United States,North America,Hunters Creek Village
CBdU-F236guDcS7UBn2Jpw,47.7245136,-122.1890557,US,United States,North America,Kingsgate
ajEJQ7TpEbhfZGQd4hxz8A,42.068318,-88.053752,US,United States,North America,Hoffman Estates
J8xdf2DKYK27elMSnSKITw,39.945253,139.717709,JP,Japan,Asia,Tenno
ghZomxsm77VxDv02yPdRMg,50.074814403422,14.403996585449,CZ,Czechia,Europe,Mala Strana
PyldAHI2xYZe3X_dgUpAQA,37.81817,-122.23481305556,US,United States,North America,Piedmont
1BrbxQ3e3i-FPpifwOqycg,30.40434,-97.745181,US,United States,North America,Jollyville
mUmZpyV4yDLwgRBNFb5yRw,-43.531187,172.567629,NZ,New Zealand,Oceania,Christchurch
rGofmlJp4WOQtAk8rAErgA,-27.429294830489,153.03698878893,AU,Australia,Oceania,Wooloowin
317HZ5wmNYSX1_-909n1zg,-6.8147666666667,39.254130555556,TZ,"Tanzania, United Republic of",Africa,Magomeni
IV2d7Om_Ve2EnPUebuaYmQ,43.699681,7.268144,FR,France,Europe,Nice
v6ghrVjpkWy427sPXnev7g,35.274206388889,139.67710472222,JP,Japan,Asia,Yokosuka
87ehvo8_cvUeeg27fYg6kg,43.628669444444,-79.596402777778,CA,Canada,North America,Etobicoke
AGxQK4GN_qg5qCl-e0KpWQ,55.169567,-1.6916939,GB,United Kingdom,Europe,Morpeth
ZqPQ4iaH-cEuqbmr5S5PpQ,32.72810745,-117.15197598,US,United States,North America,San Diego
CnZ1nic0fCHdSFu0oK-jCA,42.363108,-71.056797,US,United States,North America,Boston
ODXCeg-xev2ic7VGFHKu2Q,-15.833767,-48.03824,BR,Brazil,South America,Brasilia
DL2cNWCaRrdkjCJyBANUkQ,19.478009,-99.119751,MX,Mexico,North America,Colonia Lindavista
bvUeQR1ezfqNVSOfWJWygQ,36.026858,140.282624,JP,Japan,Asia,Inashiki
GkM7YKoOd448fICAE8t_MQ,19.411545,-99.144043,MX,Mexico,North America,Benito Juarez
BkJn8jQHFe6apNRi8WVmCQ,37.756105555556,-122.43506388889,US,United States,North America,San Francisco
8_I_AA2in-aVkONm32ZObQ,42.373793,-83.050569,US,United States,North America,Hamtramck
1e4P6AA39xI1SdKN-HC6rw,-41.283264,174.757695,NZ,New Zealand,Oceania,Kelburn
oApYZHLphutVYE9RTWT08g,19.36857259,-99.18180182,MX,Mexico,North America,Alvaro Obregon
77r5CFYeA3oLMRiSyH0yvQ,37.775905,-122.492105,US,United States,North America,San Francisco
2VleXPzeiEzhCylADT8Ntg,1.28676598,103.85354225,SG,Singapore,Asia,Singapore
ggpWvIvvNawqqHpRcscacA,53.3962343,-6.2163825,IE,Ireland,Europe,Bonnybrook
HHL-YOLkviM72qWQuRl-3Q,52.1708833,0.1196245,GB,United Kingdom,Europe,Cambridge
LguplCsAFQI7EF_IAJnXnQ,-22.9130518,-43.1913237,BR,Brazil,South America,Rio de Janeiro
ilPNqtwqKgEoVJnLXadlcA,47.501948350109,19.039380820468,HU,Hungary,Europe,Budapest
rP9Hk4QnFYFGSjgtxtjMMQ,-33.493643,-70.599905,CL,Chile,South America,"Villa Presidente Frei, Nunoa, Santiago, Chile"
hlgI3QE-9-bscgHcqNFOmQ,22.339688333333,114.15740333333,HK,Hong Kong,Asia,Sham Shui Po
SyrTuifFRruW13pUXsgiJg,47.765364,1.611668,FR,France,Europe,Tavers
CmJqyzm_LHyqOT8mMNTXBA,37.45330337,139.83904346,JP,Japan,Asia,Kitakata
0SazT9wChzEj_AH9wTChVg,48.864328333333,2.3444133333333,FR,France,Europe,Paris
ZetYYDMzEQaUkENPCuq7hg,34.008786,-6.851671,MA,Morocco,Africa,Rabat
KZUvW1BiZzzAmJOB50EFlA,37.54929,140.384136,JP,Japan,Asia,Motomiya
uoEW5eQE8NznsCBPGuQ-WA,33.4502649,-112.0700198,US,United States,North America,Phoenix
CqkkjCbNnWbuJkibzguBSw,34.732283,135.731982,JP,Japan,Asia,Ikoma
P13LSFHUhMdQU44iPW6knQ,-33.4106169,-70.586494,CL,Chile,South America,"Villa Presidente Frei, Nunoa, Santiago, Chile"
2_MHBTsYKK9t_-twwkyKag,37.756883333333,-122.421325,US,United States,North America,San Francisco
o2J1YOkZ9C3H0v_yL445AA,39.948826,-75.147714,US,United States,North America,Philadelphia
vdJeA_FW74d1qAY9HOoRJg,35.023769,138.483529,JP,Japan,Asia,Shizuoka-shi
NRdx3CG9X6tm3h-5aTcnPg,13.643265953056,100.68251984167,TH,Thailand,Asia,Bang Na
VBtT2jG0WvapedSouieW1w,42.357312,-71.2398,US,United States,North America,Waltham
oSOeklD6vGcTq6X5futMbg,39.328964,-76.441121,US,United States,North America,Middle River
ILEMD8Q1FCYlgiwEDRraUw,50.091314579979,14.4089215,CZ,Czechia,Europe,Mala Strana
39bQJF94TrvebfWApuZujA,9.9972489,-84.1133996,CR,Costa Rica,North America,Heredia
Sim8FB_C2VJ_y8Q0ReYUDA,41.40750262548,2.2017958760262,ES,Spain,Europe,Sant Marti
dGkOGVG3flIpm-9eC3Bi2A,33.4480761,-112.0652482,US,United States,North America,Phoenix
kSPNsKaq3oCYNEJOdit2GA,18.797733333333,98.961081666667,TH,Thailand,Asia,Chiang Mai
DJC-67MBS1E8xT4OtzL4Qw,43.44662083,-79.68682694,CA,Canada,North America,Oakville
PLn2SwsrAXovfYeQrA9T4Q,35.995872,139.913793,JP,Japan,Asia,Iwai
bWAdK25yE_S5w-3lUAlfxA,37.07826132,-113.57211981,US,United States,North America,Saint George
fgoFSo19hUa_arOlylX0XQ,35.624301,139.637953,JP,Japan,Asia,Tokyo
G6FYoewKY6gCBn0laRt5Cw,37.753911,140.435832,JP,Japan,Asia,Fukushima-shi
lPJ41nsL78dC4Ws65Y-cFQ,41.569397,1.929847,ES,Spain,Europe,Viladecavalls
dX-i3GyJA0NdZQQ4tmCoZA,48.7863511,2.318596,FR,France,Europe,Bourg-la-Reine
qszc8KCcv75PblnXRhuXYw,51.484891,-0.110063,GB,United Kingdom,Europe,Kennington
atsph6J-jmoYVWNgB7MBJQ,37.799661111111,-122.46944166667,US,United States,North America,San Francisco
O-CWZADvl1ov8dwk3O6_lA,52.411702,13.056593,DE,Germany,Europe,Potsdam
2gLRdpU0HWZRxMywQMopjw,35.113826,138.926715,JP,Japan,Asia,Mishima
p1doKVZfIUE3bQ8OjmBV3w,37.317705,140.485829,JP,Japan,Asia,Sukagawa
MrKcoBaLF1BoYouaXhItxA,44.905263888889,-91.825025,US,United States,North America,Tainter Lake
KsEpQd7J9EIzyc5rkYtpLw,4.53391,101.140534,MY,Malaysia,Asia,Ipoh
Wgciz0WgYmE2ki0_Laht3g,42.346676,-71.092955,US,United States,North America,Cambridge
pRD2yHe-TrhydDf-k1oDSA,39.934281,139.876035,JP,Japan,Asia,Tenno
OeiGUbHuvxm4CgGitQoMAA,39.308418,-76.626095,US,United States,North America,Baltimore
8TswqxTaebmPW2bmaQoYmg,48.848909,2.403331,FR,France,Europe,Saint-Mande
1Lx5fkCA0in5x7OVEn1bAA,39.96670168,-76.77611202,US,United States,North America,Shiloh
VLAewuP8KB83ub_Di4xY9Q,29.724888,-95.388181,US,United States,North America,Houston
8FF58wpNZtOO8WjdFASPcg,37.789952,-122.397715,US,United States,North America,San Francisco
A_xzrPbmGDr7xTpfSI-o0g,50.890151666667,4.7300366666667,BE,Belgium,Europe,Leuven
uHz7TRtWRs2z-7PXmOwK9w,34.983783,138.407462,JP,Japan,Asia,Shizuoka-shi
jGdgNk5GTo7pldEjJ1q9UQ,52.168241666667,0.10944444444444,GB,United Kingdom,Europe,Grantchester
8Z0fY_TdSaK_0iHW8nb9bQ,39.321649,-76.619899,US,United States,North America,Baltimore
O7VZTUCmSfO-0Q3f3Eb5QA,-41.456403856622,147.14276178807,AU,Australia,Oceania,West Launceston
3qorfjHSLAvcN-dGaweMeg,40.055862,-75.047938,US,United States,North America,Rockledge
Dpap_LJIg0XZjCWlP5CsHQ,50.075485,14.423831,CZ,Czechia,Europe,Stare Mesto
2uKr3S8lkv4FCZa-mEcXaA,46.95226984,7.42056796,CH,Switzerland,Europe,Bern
a7SD0EK5VRBo7TYL4dpzVg,50.093859654859,14.446408029899,CZ,Czechia,Europe,Karlin
8Ptm8WOkCQt8LNGP7sxq2A,50.866895,4.69558,BE,Belgium,Europe,Leuven
e13SZ1nJ6SCyeHicy4Db0A,-27.46755522,153.02618863,AU,Australia,Oceania,Brisbane
jx7h62ZayBRpQYI0s-Y3cg,35.283832926111,138.33968766222,JP,Japan,Asia,Fujinomiya
kgeDPFWse36X4zyg4wDGIQ,-37.9218007,145.1857561,AU,Australia,Oceania,Mulgrave
MSYX2OkNWj-3AmyavQnfrQ,22.250406666667,114.16981333333,HK,Hong Kong,Asia,Wan Chai
ydzzeBjKHKTZg2ggPhxnbA,34.720129,137.86212,JP,Japan,Asia,Iwata
v57Y1qUEFI0-XVY4YkmcYg,-15.38807,28.317389,ZM,Zambia,Africa,Lusaka
UN-z91rQj51QvlhCWZstRw,12.9792077,77.6149573,IN,India,Asia,Bangalore
Hg1XLg4bAmaNXFB_ArAXIA,10.48498995,-66.85957749,VE,"Venezuela, Bolivarian Republic of",South America,Chacao
cTzQWzQiL-VJ3sk9hYUC2w,52.393035,4.87043,NL,Netherlands,Europe,Amsterdam
_aTpHvBraCMhi_wxJ3kZSw,37.204972,140.466921,JP,Japan,Asia,Ishikawa
Ak_uhC61pwLZLV6l0maXkg,49.22447356,-122.94177611,CA,Canada,North America,New Westminster
Yyc_JJUhnGoVUxdFWcixCg,46.94664172,7.42663811,CH,Switzerland,Europe,Bern
56V3O7uBwUAx-I5nuMmfIg,48.192229,16.281254,AT,Austria,Europe,Perchtoldsdorf
RPKoHVcFLXnZihycR5jggw,37.329425,140.817789,JP,Japan,Asia,Namie
lekBzlV_c1TDPe_JpuscWQ,51.5437351,-0.13638976,GB,United Kingdom,Europe,Camden Town
85QucLAjJLlW43ij40hMfA,19.427388,-99.18886,MX,Mexico,North America,Miguel Hidalgo
g599JxbApcViaDXcqVx6Ow,22.333336,114.163759,HK,Hong Kong,Asia,Sham Shui Po
eqTw3fhG2XZodb3UQd5XIw,45.465915,12.274687,IT,Italy,Europe,Campalto
P-yxzQiV9XQIE0PGVg238g,-41.435826423569,147.1372639789,AU,Australia,Oceania,Launceston
e2kJAzrsZnb1cwXavt0xzQ,42.37564,-71.064611,US,United States,North America,Boston
ZoMbm22JGKO4fTQHU6LHfQ,38.13161126,13.34489013,IT,Italy,Europe,Palermo
GdGyCtJ1_iFbiB28cxPCEw,-38.006683,-57.541632,AR,Argentina,South America,Mar del Plata
cujqBrDznM0xtNyYX0XYzA,40.472137,-3.785097,ES,Spain,Europe,El Pardo
7jbwn0s8FlqJO1wnEV6xrw,39.771421188489,-86.163404267281,US,United States,North America,Indianapolis
uHUDA2TMd3Rkg7jQcjD_Uw,59.947836552747,30.304433461279,RU,Russian Federation,Europe,Saint Petersburg
wQcOHSYqR9XbNl3qe0PNqQ,34.0303552,-84.5499224,US,United States,North America,Kennesaw
j2FOGTA1A2mSu2fhKcLgGQ,35.968233333333,-83.919341666667,US,United States,North America,Knoxville
hkqk9imbI_bq5Pd8KDdF1Q,35.281008,138.333164,JP,Japan,Asia,Fujinomiya
FIcXL_SIVe4l8-fHE1G0mA,45.008825,-93.245641666667,US,United States,North America,Saint Anthony
IrZFUnMCato-Y-nCxNzHaA,51.508897222222,-0.080288888888889,GB,United Kingdom,Europe,City of London
nn4Snk3ZkqFQQXktxcY7Sw,55.60459753,13.02612764,SE,Sweden,Europe,Malmoe
zhcRtnDdwysq3xdJfwUhjA,40.713273206889,-74.011065125557,US,United States,North America,New York City
duMTX1KAGw5yo1OfGhPyOw,34.077701,-118.139843,US,United States,North America,Alhambra
VC19L5yg-yfpUqeFYZn9SA,-41.30883887,174.79159314,NZ,New Zealand,Oceania,Wellington
Iq1V74M5GEAoRmRY6sSYQw,1.285362,103.833734,SG,Singapore,Asia,Singapore
VvJIdgGVVOYtuCJ0MOXjmg,-15.8141189,-48.0981583,BR,Brazil,South America,Brasilia
-o4-dLzOXoOSOdR4P9ZGtA,12.15221215,-86.24404083,NI,Nicaragua,North America,Managua
Q_kk1b2S2IhlKvL3CeXCRA,25.76424882,-80.19134244,US,United States,North America,Miami
GubR971fvX4E_nOx-pubZg,43.38763767,-79.78177843,CA,Canada,North America,Burlington
Wt49Nm4rAD9br2pLkynQtg,51.522510226379,-0.17382624578052,GB,United Kingdom,Europe,Bayswater
FWeuo3KwURi0yQKUaHwTkA,50.0584692,14.4227294,CZ,Czechia,Europe,Vysehrad
2I62jcKbCg-mKJSuUZw7tw,-41.29199397,174.77175466,NZ,New Zealand,Oceania,Wellington
4F2nCiLRAtOqSyCTMMOJDQ,48.849116,2.412755,FR,France,Europe,Saint-Mande
Hxju1L2YKKRFngnRVBMGyw,52.332248680026,5.01091680806,NL,Netherlands,Europe,Driemond
HokEFCNYArRXSN7NEnlG4Q,42.361316,-71.063087,US,United States,North America,Boston
f4Q-Ok9SgvVZ7ZjnGuct1Q,6.2149775,-75.5699577,CO,Colombia,South America,Medellin
NiMJ0wXVmO9sADSTyijHug,39.268297,-76.614356,US,United States,North America,Baltimore
LelW-zoLMtcodvv51foZXw,47.624552490838,-122.34790496401,US,United States,North America,Seattle
k5t9x93xN3OiVUp6LtVCNQ,55.373674792845,10.409117565842,DK,Denmark,Europe,Odense
Vk6SPkaloDHHI9og0wz7gg,-41.448447701115,147.13864267772,AU,Australia,Oceania,West Launceston
CmIM22rLkCuCUX_VaICE2w,60.2076756,24.9148226,FI,Finland,Europe,Helsinki
CJRlYnqavEo63igHCmLbDA,39.414273,-76.599123,US,United States,North America,Towson
d-pYXRUL6fuXvyBrAfBs9g,-37.812274,144.944765,AU,Australia,Oceania,West Melbourne
piu9TBB44ObS0ghW59vzZQ,43.391741666667,-79.823172222222,CA,Canada,North America,Burlington
tonCu1lD4w-NMPbyA0rQZw,45.955752,14.305131,SI,Slovenia,Europe,Verd
mmig3EtqOjzCir4cnU89bw,35.7371012,139.7328577,JP,Japan,Asia,Tokyo
N4nevaNmG7ZNb6yLyylVgg,49.256787,-123.138772,CA,Canada,North America,Vancouver
Y_qp6i9HAoO0gvhP7dkU2Q,37.794231,140.776256,JP,Japan,Asia,Marumori
1xFYAWWL1RVJoAGUOwFHbg,59.912450672127,30.505919409916,RU,Russian Federation,Europe,Krasnogvargeisky
dEI78dfPcCGFJNYdwiiGvQ,35.046610096389,138.42469585139,JP,Japan,Asia,Shizuoka-shi
-hE6JisEaq_RlW7YvbZ1bQ,51.515491,-0.070991,GB,United Kingdom,Europe,Bethnal Green
TM4sziJwG729WnEqmEYLTQ,51.451446,6.97293,DE,Germany,Europe,Essen
KgGvJlhkIloL5gYfB_DL0A,47.67422738,-122.12998782,US,United States,North America,Redmond
PkPf9LGZz7w0iwfap9nhtg,47.538762926124,19.033762095496,HU,Hungary,Europe,Budapest III. keruelet
_WfKezHUiyQj5Tz6Ffx4dQ,37.685723888889,-122.48810788889,US,United States,North America,Broadmoor
CeMm3UBqdQWHFic3dBcTnQ,43.293363,5.375607,FR,France,Europe,Marseille 02
Al1ba1vRpEai0s2fYUpEkA,-22.214825,-49.943554,BR,Brazil,South America,Marilia
DgEPnT5XXTZXfdWP5M7D1A,50.084428,14.413551,CZ,Czechia,Europe,Stare Mesto
LbIUEZV7yCIprVu06EWewQ,64.113958333333,-21.875627777778,IS,Iceland,Europe,Reykjavik
kWzQtMGDSOkZ970ATcxKLw,53.481195,-2.250139,GB,United Kingdom,Europe,Manchester
4XTrwjGESCFzhgx22TOT9g,36.056987,140.15133,JP,Japan,Asia,Naka
yXKTvRZYi7R_-jzIU4hH3Q,-6.800255,39.2379733,TZ,"Tanzania, United Republic of",Africa,Magomeni
4WhTJuwrLBw6NCpGbIMQ7g,59.27236846,18.01427512,SE,Sweden,Europe,Arsta
XVYImN8uEnFRQJgIJURfGg,10.0802903,-84.1881823,CR,Costa Rica,North America,Sabanilla
50qMQH36R2jlV86Ly6NCqQ,36.413215,140.419692,JP,Japan,Asia,Mito-shi
VP0kJWJb5q94fVD9fGae3g,40.7438584,-111.8621314,US,United States,North America,Salt Lake City
C4quW-KqGLwGsQZ1b7wbrw,42.883916666667,-80.114241666667,CA,Canada,North America,Norfolk County
dEfIJVxK7DpS05Uc-QO27g,38.98995573,-77.02880448,US,United States,North America,Silver Spring
seN7F-aseuS3VzBii883og,52.334828,4.806468,NL,Netherlands,Europe,Amstelveen
yMkuu-sM7Rb9uMM4gygl3A,43.5196816,142.56827455,JP,Japan,Asia,Shimo-furano
ozZlVnDdMd1IOb3PZbHqqA,40.74588161,-73.99797549,US,United States,North America,New York City
Mahc8ZJzkJ8AvNUyRwh0AA,13.743453081667,100.54707046583,TH,Thailand,Asia,Ratchathewi
Qa3j1qKiKwJvub9DbV4doQ,-16.6939768,-49.2454626,BR,Brazil,South America,Goiania
g6aI4xAc9g8p_A7f4LGIww,49.262204,-123.140983,CA,Canada,North America,West End
B3dXjOl87GUtKI5zHEg2gg,59.91354354,30.33330808,RU,Russian Federation,Europe,Saint Petersburg
zUvmJMg4yCC3iqPy1eQMsQ,48.833796,2.243908,FR,France,Europe,Boulogne-Billancourt
B5jS6wdsQ4K8DEvR1yrvkA,47.39305468,8.53785922,CH,Switzerland,Europe,Zuerich (Kreis 6) / Unterstrass
GmEuLL_ne65Eq9IUCCZp1A,48.18158157,16.39989156,AT,Austria,Europe,Vienna
mtLrsxuWiWI4Mgw1EnwqWQ,40.740576,-74.009453,US,United States,North America,Hoboken
EnSITkukhw4EZu597keJsg,35.08939,138.897939,JP,Japan,Asia,Numazu
Db0VNDe1RRAALoP_U55FGg,50.103845587962,14.526833233151,CZ,Czechia,Europe,Vysocany
kPXfw_yxhlQ-4Rv1tWMyag,39.291141,-76.592718,US,United States,North America,Baltimore
UOOYmMz5NdP78j7IT1eHeg,35.230814220278,138.34589006944,JP,Japan,Asia,Shizuoka-shi
Pef6YOWKfitxqSP-t7FMyA,43.076477,141.266587,JP,Japan,Asia,Sapporo
1RO68XGawf739CZqJDYWNw,37.680496388889,-122.068175,US,United States,North America,Hayward
Z1uQoNUJ1F8xzU_RCR3WUw,43.09008614,-89.52216522,US,United States,North America,Middleton
gZ0Naqp80qFhioIdNS-o8g,-22.9115965,-43.1918964,BR,Brazil,South America,Rio de Janeiro
jfGJDGyO920fU8_pOyIIfQ,37.369664,139.918848,JP,Japan,Asia,Inawashiro
kSJeuKOPkB9W05zLHEizjQ,41.42728677,2.21494587,ES,Spain,Europe,Sant Adria de Besos
khFYWkFmGfzte7tV7WXagw,35.3629482,139.3060621,JP,Japan,Asia,Isehara
NNDqEoavyrSrshvl4TyrxA,39.372038,-76.433551,US,United States,North America,White Marsh
c-ltEjScm7d0YH4Ff1HlNQ,34.962223,138.374059,JP,Japan,Asia,Shizuoka-shi
yppr77Mb7zbC5661gZZKYQ,37.484242,139.938851,JP,Japan,Asia,Kitakata
ctsHt5G6K2nqU9kMLX5GQA,6.245255,-75.573095,CO,Colombia,South America,Medellin
EE2v1Yn2YIY2Gi7w3ekcsg,50.911689593737,4.4713275409901,BE,Belgium,Europe,Zaventem
SLSCq1APqav7xGmiKNgoxA,30.393986,-97.744013,US,United States,North America,Jollyville
I_TjDnefhSM1L4tjDKWTUA,37.56159448,126.97242519,KR,"Korea, Republic of",Asia,Seoul
FeZcz9umCXe1HC6YiNrpAg,51.73852734,-0.47103091,GB,United Kingdom,Europe,Hemel Hempstead
jgo8L2iyWIcBXsAOzE9rjg,54.605755,-5.932137,GB,United Kingdom,Europe,Belfast
RbAKRa8F5AqOIipDb39xjQ,39.79383003898,-86.116575831547,US,United States,North America,Indianapolis
s7wm-IHDGRh9IP9T1VfOKQ,-37.826143760039,145.13697527997,AU,Australia,Oceania,Box Hill
N42wUYTdR4bRxD7br64fiA,53.3420615,-6.2508538,IE,Ireland,Europe,Dublin
V1GL1yXjz24bFLnprsAKRQ,35.1502792,139.1241827,JP,Japan,Asia,Yugawara
o7Ga9Y6SB2xUQh7nxS_JiA,45.49537777,-73.56891723,CA,Canada,North America,Montreal
_K6MMZG4oa4Ihk8jIGscnQ,50.853331666667,4.3649283333333,BE,Belgium,Europe,Brussels
64QzuFEtkWyO8CU37YYXMQ,51.499463888889,-0.12945277777778,GB,United Kingdom,Europe,London
a6eKKCarHRdKYa2TiIkBqQ,37.469862,139.8487739,JP,Japan,Asia,Kitakata
PP6aibVfC9wmwORWfKQn-Q,39.292023,-76.599554,US,United States,North America,Baltimore
4GgyoCqnDCI67PiA8hOB3A,-23.562823,-46.665169,BR,Brazil,South America,Sao Paulo
iJ_MKP-oVZIKt7PJFB2-NQ,12.13022797,-86.2450587,NI,Nicaragua,North America,Managua
3sF9DakPVpn3KSb4YOd6lQ,47.187273432501,18.418719749898,HU,Hungary,Europe,Szekesfehervar
EOVrsHLqIcby3m7LbNnong,39.955101,116.449838,CN,China,Asia,Chaowai
HeF8wJio6jzDRPk701oPkQ,-12.069781,-77.036584,PE,Peru,South America,Lima
tpXbWbKou74kfzwhD_k5GQ,35.622758,139.770318,JP,Japan,Asia,Tokyo
5T7PuvQs526xUGQSXVbKrg,35.143732,138.886514,JP,Japan,Asia,Mishima
HWC8lQ-i3p79NXVK_a3gvQ,35.990022,139.915589,JP,Japan,Asia,Iwai
mggCSE1W_DsgiYLYvG_4NA,50.097880620542,14.463742443718,CZ,Czechia,Europe,Liben
MWz04y6Db1ytlQZ8pl0nWg,39.297241,-76.618417,US,United States,North America,Baltimore
ieT7uyB8MDNYK828T8sxAQ,64.11449033,-21.89924032,IS,Iceland,Europe,Kopavogur
ehtFt5gDZQ5xfe4CRwOGKw,33.41513784,-111.82302617,US,United States,North America,Mesa
EtN8fluv8FEpEMz9FAJ0jQ,50.844723,4.35314,BE,Belgium,Europe,Brussels
oJYEHPfWPNxTBWK15xj5kA,51.514111,-0.174753,GB,United Kingdom,Europe,Bayswater
hhJ6VWM1Z21kJS5x_nDMeQ,55.58990952,13.00420607,SE,Sweden,Europe,Malmoe
51RM_N9F5gGELxTCClEtOQ,40.451114,-3.623968,ES,Spain,Europe,San Blas
NPpI30p7mWRSkcDK9KfUbw,51.525429,-0.136401,GB,United Kingdom,Europe,Camden Town
R13OIIH2xhWC6idS1GqT2A,12.97434301,77.5733516,IN,India,Asia,Bangalore
-RLOns23d2Ca7nv74pQ-jw,50.86409624,4.37894651,BE,Belgium,Europe,Brussels
z4WwdtYFibVQaNmufz63oA,44.414052777778,-79.117172222222,CA,Canada,North America,Uxbridge
npTa7mJ14rCeOBHX7uDcBw,5.3255933,-4.0206367,CI,Côte d'Ivoire,Africa,Abidjan
Fpsy7XRFMyRLhQX2kQKtGw,35.24522,138.998402,JP,Japan,Asia,Hakone
SqFtqFJZQpfIYEMXKR_CwA,35.5060694,139.4826205,JP,Japan,Asia,Minami-rinkan
hS_DGaI2x3ynNS0jHRuWMg,51.50432335844,-0.083271861076355,GB,United Kingdom,Europe,City of London
QlAHNmRZPCmvx3CVQoaWzg,42.354549,-71.053197,US,United States,North America,Boston
z0MyWVxmddcDQdyTnuUz0Q,46.944613,7.428742,CH,Switzerland,Europe,Bern
B19eSTDwM7kah_NJKZZ5Pg,40.76076,-73.961138,US,United States,North America,Long Island City
mQj3HoZeuGgO_gow9d0uxA,43.534377777778,-79.91445,CA,Canada,North America,Milton
osEKwr3fifYv34uBHTfdag,43.656801,7.153195,FR,France,Europe,Cagnes-sur-Mer
b0xotur5IS83odO8ei1-Yg,35.964172222222,-83.920661111111,US,United States,North America,Knoxville
xn6_W9dc1_KGuNkBJfmo8g,27.89450892,-82.33817114,US,United States,North America,Progress Village
p4sYDNS69hIS0vA7lULRcg,-37.789358333333,145.00004444444,AU,Australia,Oceania,Clifton Hill
PHH2Gt69VwkfagLHPIjD3Q,37.785411,-122.4061461,US,United States,North America,San Francisco
nEtVe_rYk__WWN6qUq-HeQ,-36.88132583,174.78599556,NZ,New Zealand,Oceania,Auckland
wGpxsaO_Qm-_oKlJloaq8Q,40.40442029,-3.74876581,ES,Spain,Europe,Latina
7GX8DVGcbajiJfn7xJbpUw,35.859017,128.6406848,KR,"Korea, Republic of",Asia,Daegu
k2PHi5jhJSqutm0QElhyfw,35.001555,138.406352,JP,Japan,Asia,Shizuoka-shi
zi-q5P6ZxCqGv7AMYGFx2A,50.087224,14.431939,CZ,Czechia,Europe,Prague
76kC49fg8FaW4-DHjMrWnw,40.750200786637,-73.979073192497,US,United States,North America,Long Island City
2on1Qjj3ki-gD4BriP3ZRg,50.04774183,14.45290339,CZ,Czechia,Europe,Vysehrad
MlFyc9B2nI9TBqQZ9gO04w,-33.43789447748,-70.605212152004,CL,Chile,South America,"Villa Presidente Frei, Nunoa, Santiago, Chile"
TgzAQQzn9pjzwpB5ewPqLQ,59.9347,11.135496,NO,Norway,Europe,Fetsund
6yRNueJzXo-HDYKeDed95g,-34.9255544,138.6020519,AU,Australia,Oceania,Adelaide
XMF8aRmvK0pounitdMq65g,35.433286,139.617355,JP,Japan,Asia,Yokohama
o_jzAzRzIB-FWVag5WocoQ,29.53579274,-98.40735067,US,United States,North America,Windcrest
GzDLsiFDi3J-EAVadECd3g,12.98247866,77.56950817,IN,India,Asia,Bangalore
-iZRdojTthvZtH8D1id45Q,43.453272222222,-79.757536111111,CA,Canada,North America,Oakville
nGweVZIy0IG9mc_D4o7Idg,-25.4468786,-49.2252994,BR,Brazil,South America,Pinhais
lndmueCWZuyAFmNGLy4pGA,40.437012,-79.9726754,US,United States,North America,Pittsburgh
iFFGh7cOLpfUezXwbtCvag,47.210214748222,-1.5624409325347,FR,France,Europe,Nantes
HloLxJzi6ZNpDzct-73Ung,48.42263779,-123.40183744,CA,Canada,North America,Victoria
Im5eLSxcGNagOl4n8lYu2g,59.702507,6.52501,NO,Norway,Europe,Sauda
NMOnSw0WXRxvczBuRb4ecg,59.91227988,10.50506639,NO,Norway,Europe,Sandvika
EFEiySG6JQ8hL9UCNQca5Q,51.497535,-0.103419,GB,United Kingdom,Europe,Lambeth
n-2yUNVt710hrNYT6R8xag,39.31945,-76.61538,US,United States,North America,Baltimore
acYZZIs3QoY60afgKCpYuQ,48.77598323,-122.49923515,US,United States,North America,Bellingham
Z-S8P3jkggGUP9W8YZKLvA,32.72978963,-117.15101188,US,United States,North America,San Diego
FMP6iWblgcWBujBA4o9nqw,50.0409972,14.48894374,CZ,Czechia,Europe,Vestec
YUs0-dn5mvHT7rzdFJUffw,33.90032996,-84.54068018,US,United States,North America,Fair Oaks
q0QYr2wE73PqnRT70lcjdQ,42.374112,-83.076023,US,United States,North America,Hamtramck
Hzg4jYxWCoVW-mmqM_glcw,35.653055,139.749034,JP,Japan,Asia,Tokyo
GSP3AcycpMqCrGPnD7Qd6g,27.93271545,-82.28909062,US,United States,North America,Brandon
FvN5qMCle1yG7cChRkoIiw,1.05828993,34.21152842,UG,Uganda,Africa,Mbale
07kQvxZ_6UZoTPvH3YhiFg,47.988075,-122.183273,US,United States,North America,Everett
5_n62UYKs2jtdQmQS5eD5A,-32.88171787634,151.71885403577,AU,Australia,Oceania,Mayfield West
DXAq3-qI9p1SPTJN3S5xiA,34.86190637,134.55414833,JP,Japan,Asia,Tatsunocho-tominaga
5pvf6oLlicbPTHXjanplZA,50.451591666667,30.520933333333,UA,Ukraine,Europe,Kiev
fS2NjonoWotbpOJhU4dxUA,35.683368682861,139.85461425781,JP,Japan,Asia,Urayasu
wwc_BjEOYjUp-5ZpwwDWEg,51.527336111111,-0.081291666666667,GB,United Kingdom,Europe,Barbican
Q17bjyJyCt2KFfj8bGxtsQ,53.3544748,-6.2674711,IE,Ireland,Europe,Drumcondra
AXHYpI__Qk5YPHG6rNWRKw,39.353435,-76.629905,US,United States,North America,Towson
6B-wE5JbpejREcrL3RlEug,35.65827,139.79276,JP,Japan,Asia,Urayasu
lZT36OfpChOcYE-48I500w,40.4378734,-79.9471477,US,United States,North America,Bloomfield
Ebdcc4LKUf4BwK9yqTTwbw,30.382123,-97.772692,US,United States,North America,Jollyville
F0ml-sx-yO0yS5FZSAknVw,44.954613888889,-93.2881,US,United States,North America,Minneapolis
SEinTOTmzvCNOMZNqkrTvw,38.12482255,13.34792003,IT,Italy,Europe,Palermo
T35unAq9aEW3WNAY5F6obw,1.41619032,103.83988934,MY,Malaysia,Asia,Kampung Pasir Gudang Baru
AOZ09bd4dc-l5BJcqI8bKA,56.64916278,23.69892718,LV,Latvia,Europe,Jelgava
3PZpBha4oNlwpGbc_HwDNA,52.016891464444,4.8776410983334,NL,Netherlands,Europe,Oudewater
-G6ZKGj-TEUy4DFRjCy3yg,52.394672222222,13.058711111111,DE,Germany,Europe,Potsdam
hZudSBy6NQAAGKcZRCC3Iw,4.537049,-75.672445,CO,Colombia,South America,Armenia
NFMdG0JR9Sq8vdiYNuMllw,37.369818055556,-121.98088972222,US,United States,North America,Santa Clara
g4tgE-J-07y3YXxhiehA6A,59.93693882,10.67985399,NO,Norway,Europe,Sjolyststranda
EeTA5iKS-DVj9z2aFtcPOg,34.046155,-118.236115,US,United States,North America,Los Angeles
EDtmMp0z6XaLffEjV5Qafw,-27.69086724,153.19202253,AU,Australia,Oceania,Beenleigh
aiJfn2P0CDjEqQbCPGRBCQ,32.710502,-117.156357,US,United States,North America,San Diego
tiSMj63IohjDwjRkGeArJw,34.9546829,135.77432227,JP,Japan,Asia,Kyoto
G7d-RrPjRCsfG6Zm6RRsNQ,1.373401,103.726315,MY,Malaysia,Asia,Johor Bahru
FM4Oaji7rr4OA-E9UcmquQ,37.683949722222,-122.405755,US,United States,North America,Brisbane
BGMjuRw4ARjpmM_B-BSqpw,34.083598,-118.297556,US,United States,North America,Silver Lake
9Af67LtPUtrA_R5HzxLOaA,43.589541450029,-79.628839529915,CA,Canada,North America,Mississauga
aiVunG-NSrbuBL2uEUPHpQ,1.326666,103.841626,SG,Singapore,Asia,Singapore
Vy9DxMoNR2FtDgrwDXo-nA,59.405487,6.139813,NO,Norway,Europe,Sand
-EWyNaeId-UrIMVxKmbe-g,52.361372,4.89939,NL,Netherlands,Europe,Amsterdam
PFv7MsApfCpcv3vMBiyhtA,40.437787,-3.737735,ES,Spain,Europe,Moncloa-Aravaca
Hrfu6LQ9DKLIw5Rm34GOQw,40.713247,-74.004386,US,United States,North America,New York City
iRM0pdQxFOu7tE3zlMaZYA,37.414725,-122.11823055556,US,United States,North America,Los Altos
C6MlwbQfjs4ANHCtYzcZ9A,52.401528,13.063307,DE,Germany,Europe,Potsdam
wFyfk_wiWM14V613xEooyA,4.537524,-75.667864,CO,Colombia,South America,Armenia
74brgVKYwrwzB2uB4gbbww,35.651166,139.78623,JP,Japan,Asia,Tokyo
Wet0hFoJNgvfzU8U7iIBKg,50.843898,4.345995,BE,Belgium,Europe,Brussels
ZPxoutUBCr2rND3WTlS2Kw,38.12153449,13.35217435,IT,Italy,Europe,Palermo
syEtXGrGTopf665Pkl9_iQ,-34.89979795,138.56336577,AU,Australia,Oceania,Allenby Gardens
VXcRlADv-J0Z-XVL4jNN3g,-43.487822090325,172.55854937584,NZ,New Zealand,Oceania,Christchurch
XTK5VWfKpzE_O7aLJKZbnQ,42.365467,-71.060371,US,United States,North America,Boston
Y7AqWWveW2wJMT5WXDHuYg,54.6024115,-5.9219828,GB,United Kingdom,Europe,Belfast
7cBqInFopI3cIvk_vO02vw,44.416508,8.946025,IT,Italy,Europe,Genoa
QTiH0lkQNXLhjU_cuhNA3g,37.689401388889,-122.07645343064,US,United States,North America,Castro Valley
0OXtgeu2dlHylcGb1ShCEA,52.244402,21.035905,PL,Poland,Europe,Praga Polnoc
XgRTcEJ7XjrrnT-i5LRh6A,39.221077663611,-76.430007135278,US,United States,North America,Edgemere
E16G3CKnOvDeSRf1alsccQ,37.607679722222,-122.41494305556,US,United States,North America,San Bruno
0D5Jn1i9mtKZqkTRAFrIww,10.4226051,-66.92576323,VE,"Venezuela, Bolivarian Republic of",South America,San Antonio de Los Altos
rRemQP7PrfVtqLGcux4xaQ,59.3152577,18.0728913,SE,Sweden,Europe,Stockholm
pK_05cRZbrHHZfzPmR9S_g,37.616452,139.846361,JP,Japan,Asia,Kitakata
kKwdHCiYHyRdeh8VF9of4Q,49.260003,-123.138663,CA,Canada,North America,Vancouver
Scklv2Na_YdpQbUdlZYuMw,37.740173055556,-122.44642638889,US,United States,North America,Daly City
dAMDv5Hd4rw5AMSD1u0xCQ,35.11051,138.314282,JP,Japan,Asia,Shizuoka-shi
3UwyvoQHgLG9LqmjX7sULA,22.441928,114.182231,HK,Hong Kong,Asia,Tai Po
K0GqwhFZra6Fu23vqPFfvw,46.940356,7.454226,CH,Switzerland,Europe,Bern
J-8nlLTMRhKGH1lokswIzQ,41.853275,-87.920066666667,US,United States,North America,Oak Brook
QC_MhKJI7sjnpMgIjz147A,35.689845,139.816386,JP,Japan,Asia,Urayasu
-OB82zvf2k0rTOxuMEuQGA,48.252493,16.374192,AT,Austria,Europe,Vienna
B-NRG6UOaDOO0JMXHzzmsA,33.9024909,-84.78425454,US,United States,North America,Hiram
viweHcSa_MwUIY_eqYCvWQ,22.281389,114.162682,HK,Hong Kong,Asia,Central
2oZW5mcrPGQS1X3Ppy_jxw,37.566186388889,-122.37959805556,US,United States,North America,Hillsborough
6dcFj2Yb9TubW9QMXaaZ1A,42.021495,-88.128815,US,United States,North America,Hanover Park
XtDz1W1gHc9bcBlaYSb6aA,43.3537233,142.2966208,JP,Japan,Asia,Shimo-furano
CUrE18ITxQgKcYkIQqKnPA,51.489146221429,-0.1355243101716,GB,United Kingdom,Europe,London
zCFLEUKlN6rmEC-QCT7Vjw,44.972036111111,-92.749166666667,US,United States,North America,Hudson
J1gR8vVWLJ97DyWdzIb7kQ,-23.31187871,-51.16273938,BR,Brazil,South America,Londrina
tTMd9pLwW6K2HV9W81QiZA,-33.427725469058,-70.593131482601,CL,Chile,South America,"Villa Presidente Frei, Nunoa, Santiago, Chile"
Ar4n_0npVlDM9b5w3ymV-Q,47.494927248918,19.028898077086,HU,Hungary,Europe,Budapest I. keruelet
WPUr7NX_UZtcpbiCgBwaTw,41.384481653263,1.5826190353286,ES,Spain,Europe,Sant Marti Sarroca
mVXoJy9sbuq_LjnOKWZ8Ig,37.37850273,-5.97975281,ES,Spain,Europe,Sevilla
0VGACHmnzbjqiRs6BQ4ufA,48.822552,2.249735,FR,France,Europe,Boulogne-Billancourt
CcPuCMdjWJPRuWHlFcW-kA,22.273547,114.158936,HK,Hong Kong,Asia,Central
ZQQd17Zn80UvFr1vFP_JLA,55.952829,-3.191394,GB,United Kingdom,Europe,Edinburgh
qZzHeQFISvXAQZd8VuZPyg,46.936936,7.46435,CH,Switzerland,Europe,Bern
4qidlaadCZP8BRb5VTd3RQ,51.515612,-0.2262042,GB,United Kingdom,Europe,Hammersmith
7402WyUTna4BRuU5RUmeEg,3.462025,-76.528918,CO,Colombia,South America,Cali
oe09m3CGICq596BGfHJEGg,36.085763,140.125767,JP,Japan,Asia,Naka
A3DIZQDn2GvqV9Cp-wfxzQ,1.299196,103.85473,SG,Singapore,Asia,Singapore
yMPmWTlq3H9ShZvBiPTVkA,55.73651496,37.62426262,RU,Russian Federation,Europe,Zamoskvorech'ye
v3ToJjOz5mO4qogJepGkNQ,49.002613236746,8.3590745810418,DE,Germany,Europe,Karlsruhe
AJQb31-FxdUtAq0JtSnbxQ,43.5388593,-79.7301413,CA,Canada,North America,Mississauga
HNmnbSwOLxA2i8hFoY1hIw,-41.30487546,174.79261652,NZ,New Zealand,Oceania,Wellington
15kwLK0TFGJE_3LB4GHglQ,38.243177777778,-84.284377777778,US,United States,North America,Paris
yM2xI3U8zLJ--9aImI2sUA,42.364495,-71.063058,US,United States,North America,Boston
V9W5ZXUJE6GqHsfEN6A3LA,35.151206,138.916052,JP,Japan,Asia,Mishima
ZheA6j5khQgP-Ovr3Qnxqw,1.313683,103.839087,SG,Singapore,Asia,Singapore
3lkcZwb8RMADcuxllEPqYA,55.77255444,37.64587992,RU,Russian Federation,Europe,Moscow
D717Y9cTE4VdlVS7xeQJyQ,41.8849657,12.48900479,IT,Italy,Europe,Rome
NE4B7b303vqGW4QinBRBzg,39.385129,-76.658718,US,United States,North America,Lutherville
ooV4oevKWXZBybts7vaz8Q,48.10405386,11.56946089,DE,Germany,Europe,Munich
vbuS5B21QN8wl1R5rBLKaw,-6.77865,39.241052777778,TZ,"Tanzania, United Republic of",Africa,Magomeni
XQnMfQch_QKIBDLl6y76WQ,-27.412196,152.962371,AU,Australia,Oceania,Everton Park
rzJwdQPWhawnOPYhlrS5QA,33.461601,-112.0850158,US,United States,North America,Phoenix
nTf31ekTCIL3fqiUF1hBuA,47.508451,19.0106586,HU,Hungary,Europe,Budapest XII. keruelet
--zBInAo8-NDrBCfvJ4fEw,34.009576225653,131.37595843524,JP,Japan,Asia,Ogori-shimogo
be7swMgfIbKkaGjpnddlWQ,6.2148178,-75.5764453,CO,Colombia,South America,Itagui
9tD0deEmAi0ClYGeeb3a0w,43.047031,141.453512,JP,Japan,Asia,Sapporo
0wNf0XgEMaB3oTOievFmgg,35.78072884,139.89685086,JP,Japan,Asia,Matsudo
OV8epP3vjYTQ77dGBxZt8Q,34.98048,138.772941,JP,Japan,Asia,Heda
9u03HtdeKJ11Klu_MTJk6g,43.611261111111,-79.581152777778,CA,Canada,North America,Etobicoke
Hc77RT0jRflFqd1jmMF3Kw,40.721733055556,-73.984973055556,US,United States,North America,New York City
I5KCGCImogJHoMEuss4Opw,60.15398942,24.93183257,FI,Finland,Europe,Helsinki
ZZa_0dv_ddaVi_f_6Zx9zQ,47.379552777778,8.5162944444444,CH,Switzerland,Europe,Aussersihl
SBYoMwRfKknA5k4kzNcdBA,-37.821482,144.944573,AU,Australia,Oceania,Docklands
byJr4JctlP7bDFtyWRm8jQ,41.96881,-87.679367,US,United States,North America,Lincolnwood
OXtqrj7nKrnTr9VyvnomKQ,-37.8336672,145.0242213,AU,Australia,Oceania,Toorak
ydRnt65uXfoI273wuZCL8Q,36.057016,-115.171969,US,United States,North America,Paradise
a2n-xCGvqyZ2BZp7VKrGeA,40.4686594,-3.7008241,ES,Spain,Europe,Tetuan de las Victorias
ZRJFX8E6ls076pkO1-_mqg,-33.794696,151.141155,AU,Australia,Oceania,North Ryde
ub3W43_jzeYRqGiJCS6eyw,39.306565,-76.632557,US,United States,North America,Baltimore
dzelLoP_l5lug9kSW2motA,33.95878734,-84.5491605,US,United States,North America,Marietta
pA4unR6JOVkVPTlBclkEaw,59.3102865,18.0874407,SE,Sweden,Europe,OEstermalm
TWVuoNe8hei3AloGq8FjJg,41.146441,-8.617381,PT,Portugal,Europe,Porto
HZuw-Zyp0iG82_xMYGewig,54.99604039,-1.48455213,GB,United Kingdom,Europe,Jarrow
D9a1ttU41kh0CpByNCFCiA,-27.46830024,153.02041017,AU,Australia,Oceania,Spring Hill
_yiBW76Hq9_jkE3iZ7YMPA,41.913579,-87.682517,US,United States,North America,Chicago
Tc1mSICkW-NQbcUKisACQw,3.371197,-76.537181,CO,Colombia,South America,Cali
xGUIRlwbrk2dpAgwQwn6uw,51.29043319,12.36944834,DE,Germany,Europe,Markkleeberg
0VbycD0Rm50flulLp2K80w,38.87998504,-77.10629444,US,United States,North America,Arlington
MtPZr8e-Uy5PIB0uty4-4w,37.77355,-122.28604722222,US,United States,North America,Oakland
vihdEnxD2Ofo5yK2gXKHhQ,-33.893677,151.224987,AU,Australia,Oceania,Paddington
LHXKggseOQtQpgzZxb2KsA,48.18950746,16.41691284,AT,Austria,Europe,Vienna
MvyTsYaeGiV8BqoqcA8ukQ,-37.791352777778,145.00343055556,AU,Australia,Oceania,Abbotsford
N85PeY_7a4x5CI5cAqB-bg,59.302915,18.006399,SE,Sweden,Europe,Arsta
gxv9RvgHZi_XF11EbJ4Opw,-22.8987319,-43.2087388,BR,Brazil,South America,Rio de Janeiro
cKS9hAZmRYDcv1ZyyXt4OA,33.8292624,-84.4350868,US,United States,North America,Vinings
w-_hMRLHd3m8Y-J0LEsoEg,48.855028,2.343033,FR,France,Europe,Paris
1YjCK0SG4qhv8KY0-nuRbw,51.5107045,-0.1045111,GB,United Kingdom,Europe,City of London
fQeltMFSc4PSV6Q0sCjNng,59.339108,18.036374,SE,Sweden,Europe,Stockholm
VDyWLBIzcWAxc6OiZuCR4g,37.4761635,139.8291387,JP,Japan,Asia,Kitakata
l8emblEojo2UU7lmpGsijw,-33.864334,151.170679,AU,Australia,Oceania,Lilyfield
zQY9jsZ-p1HSf0bXE1LHbQ,19.3305053,-99.1878695,MX,Mexico,North America,Magdalena Contreras
iQDZbCQjcOe0u-YCynYUSQ,52.08612,5.1449870000765,NL,Netherlands,Europe,Utrecht
Gf8NXs7AwGBI4MgaZu-E2g,-23.6632701,-46.7088418,BR,Brazil,South America,Diadema
tBpJAxvjZKSJUBdrXEgzbg,-27.448022,152.974183,AU,Australia,Oceania,Milton
fAsCW7xDAvjamZqWIp1J3g,36.080715,140.199693,JP,Japan,Asia,Naka
FW_a5hMcbBkz_Qeo2Ye9_Q,36.079008,140.154596,JP,Japan,Asia,Naka
4gFntUHznVsgo_gC3UOCNQ,43.661075,-79.595816666667,CA,Canada,North America,Etobicoke
TckCiT3txFGhUa_-8-KcbQ,34.94728108,135.73088026,JP,Japan,Asia,Muko
qOzCqLOT02jTC33bUH7YOA,51.529830303056,-0.27868269,GB,United Kingdom,Europe,Acton
yanTofA3G7YxBmt_iUwUaA,52.2308539,20.9847162,PL,Poland,Europe,Ochota
UW_nxq125DOkfnA8ykgwcQ,19.4149758,-99.1851276,MX,Mexico,North America,Polanco
MGUyof6dlGkBgZFIFhyqzQ,-33.39718701,-70.58847361,CL,Chile,South America,"Villa Presidente Frei, Nunoa, Santiago, Chile"
_IjneZn1vXydX_p8dfXV4A,32.717995,-117.154079,US,United States,North America,San Diego
u-cz3If2QxVAZtNEvaxuvA,39.906833630323,116.44380253923,CN,China,Asia,Chaowai
ARa8kCD66tVp746HBa7sxA,-12.072126666667,-77.04121,PE,Peru,South America,Lima
7izM-KCKr_1PvQuRZzO4Xw,34.759379,137.948653,JP,Japan,Asia,Fukuroi
U7441fdPxRg2Zj4tJOsmVg,47.464206735604,19.012429816648,HU,Hungary,Europe,Budapest XI. keruelet
ye3-_MCoUZ_6U5RJb_87Vw,8.95678321,-79.53659705,PA,Panama,North America,Ancon
CTeG4vi-9bP2DwNoHU7elg,36.283132,140.415867,JP,Japan,Asia,Okunoya
vfbcCQbko2L3VCeRyaEFkw,50.09586,14.429358,CZ,Czechia,Europe,Prague
cHt2lGDidP6R6S5bnmf2GA,34.971902289444,138.40430203417,JP,Japan,Asia,Shizuoka-shi
WOXOFJs2N67uG3NGNq2Apw,43.427894,6.740859,FR,France,Europe,Frejus
3wrUlCL3hhEjb8B1A3spNg,24.187958,120.686677,TW,"Taiwan, Province of China",Asia,Taichung
IMz8rs3LT-U9IFAKUSmLog,34.09805,-118.120675,US,United States,North America,Alhambra
Dp04ASGp5yx6CliO-FA_VA,47.3137748,18.7884978,HU,Hungary,Europe,Martonvasar
yhcj3zAfzu67vnfw-X8BRQ,45.47625443,12.24964213,IT,Italy,Europe,Mestre
e7L1oHlYWOe1CfExEOKFQQ,10.57509406,-67.00855075,VE,"Venezuela, Bolivarian Republic of",South America,Catia La Mar
243GxeDcKLwDAs65X4EMqg,40.751245,-111.87114899972,US,United States,North America,Salt Lake City
CSvkotX3WUL1cL96cMxTGg,48.859996,2.327843,FR,France,Europe,Paris
lUjb9miAL8DcFqHkHPTf6Q,48.211308333333,16.371861111111,AT,Austria,Europe,Vienna
IvO9vd3LT16Zi7e-KA4Dpw,-37.814671,144.899888,AU,Australia,Oceania,Yarraville
pp_4i3IPlYBAx_9poX3RzQ,40.443086388889,-74.265998055556,US,United States,North America,Laurence Harbor
_suEf8akoJiUvWvb4eteTw,43.045685,141.292896,JP,Japan,Asia,Sapporo
RkOsMj7HaZjhX63FJZU5wg,40.441003,-3.694343,ES,Spain,Europe,Chamberi
SIcq7k2QlXn49G4NWBbo4A,37.569554,140.35135,JP,Japan,Asia,Motomiya
jm3G_b2RUGrqrSgskPOrAQ,50.89559833325,4.4371260052178,BE,Belgium,Europe,Diegem
0DvctHVEGgeMOT3VT9xsDg,41.888377,12.514297,IT,Italy,Europe,Rome
zqs8mjqdS09NxvZKetASUA,50.4525618,30.5277626,UA,Ukraine,Europe,Kiev
AtRtoxDaxd2xoy_wXvNoTA,34.977509,138.39898,JP,Japan,Asia,Shizuoka-shi
eimM2R3SbR19N9hFPUIaOQ,51.510934727266,-0.053771249949932,GB,United Kingdom,Europe,Bethnal Green
U6MfLAvmCBA8AaBH8doenA,22.229475,114.219132,HK,Hong Kong,Asia,Wan Chai
ob5NnbFy6tQgV5DaaOnnWQ,-36.849039,174.748151,NZ,New Zealand,Oceania,Auckland
id69DZIdnDFMSk8GyY-WSg,36.64216667,138.21757906,JP,Japan,Asia,Nagano-shi
WV0UnIJ2KtrU-KWt4u9NMg,38.948191160903,-77.038783915379,US,United States,North America,Takoma Park
FrdeEzVu5ypVXzlAQl9xyQ,33.8923564,-118.2938005,US,United States,North America,Gardena
_QdP20dkYy1QCKdcoqLGGA,29.681105,-95.376502,US,United States,North America,Southside Place
HrAP7o7hdLJUvpT7O7jYlA,34.869557,134.542263,JP,Japan,Asia,Tatsunocho-tominaga
gwy4KzhfDXJdorwdTH_mXg,40.75534439,-73.99855572,US,United States,North America,Weehawken
mF2SuW5mxoDt3-xYoodJNg,51.329669444444,12.365044444444,DE,Germany,Europe,Leipzig
menCZ47gEcpzWuN8uuk_wg,30.5527131,-87.2618995,US,United States,North America,Ensley
s1Rn4EXZzmKundNW8erDCw,39.771128576249,-86.149115804583,US,United States,North America,Indianapolis
eTOqTNVyB1kZez7l5onfcg,-34.589902,-58.400809,AR,Argentina,South America,Retiro
JL7xOVbLmYPc03xzbH3jmQ,32.589832,131.671627,JP,Japan,Asia,Nobeoka
SfbokgvmyOfbwbqmV69Xpw,41.95164397,12.47201664,VA,Holy See (Vatican City State),Europe,Vatican City
NpUFZoQQ8qTL0ug-L4zgKA,34.0267905,-84.4681407,US,United States,North America,Woodstock
-lq--TUNqiNC_SizcDD5fw,48.8240408,2.353156,FR,France,Europe,Le Kremlin-Bicetre
h6h1bi_rKmI1ZlTiHk4Abw,54.5945837,-5.9343715,GB,United Kingdom,Europe,Belfast
7H0_I7GxJAUQqLAwqVee2w,43.641822222222,-79.375036111111,CA,Canada,North America,Toronto
dwnRD6FNLIDFXXJ36kVYyA,43.30253,5.379288,FR,France,Europe,Marseille 03
6feNpkiwqLZ7JLyq6UbJoA,13.748016105833,100.59546958639,TH,Thailand,Asia,Watthana
5ro8Ayuf9Qn8fQVfy3nGBA,47.648338,-120.071379,US,United States,North America,Waterville
9i8pA565AuaSY8bNbubWyg,35.39338,139.283038,JP,Japan,Asia,Isehara
XnZpxQ54XjxSbCfEIZpZrQ,33.88633807,-84.4580989,US,United States,North America,Vinings
CgkENPuuXN8ezz1ajFIEEQ,4.6658991369444,-74.075726084167,CO,Colombia,South America,Barrio San Luis
yu1KUnSQYkQRP5_0snfTaQ,59.314033,18.101886,SE,Sweden,Europe,OEstermalm
9YafdoFo7eAad5u9NBJT1g,-27.456229442577,153.04084076414,AU,Australia,Oceania,Fortitude Valley
jO3YXedTj-3bwvYprsQhOA,48.462558333333,11.975372222222,DE,Germany,Europe,Langenpreising
p4EmZlHfoZPTsHNgIrdA6Q,43.657977,7.150913,FR,France,Europe,Cagnes-sur-Mer
iZOriGL63uLtZ5CB5z8fVA,10.296727,123.885758,PH,Philippines,Asia,Calero
atEROWmFkyHGOGMjkjhJZw,2.44654013,-76.60506391,CO,Colombia,South America,Popayan
bNYXD7ViJtOS3BhaN2MbZA,-34.0345134,18.4648694,ZA,South Africa,Africa,Bergvliet
q9WfRpPAmNGYC6o1iKII7Q,39.816241666667,-84.021636111111,US,United States,North America,Fairborn
WihhxGZk4ZICAuuG4SyXDQ,13.777948301111,100.57374989611,TH,Thailand,Asia,Huai Khwang
P-RFG3ieZVu2gUmddNyBNg,45.66937726,12.23511539,IT,Italy,Europe,Treviso
zWZVI_cKyf0xN96CaV-QiA,35.658951,139.791384,JP,Japan,Asia,Urayasu
b0Z3mx2hLWzjk-ZK02Ri_w,37.926168,140.107474,JP,Japan,Asia,Yonezawa
_vAOx86WXTptgr6IS3NxMA,55.941973,-3.18396,GB,United Kingdom,Europe,Edinburgh
Nybfv6m2mnUjvNX9_Jftgg,47.483669808134,19.072429575026,HU,Hungary,Europe,Budapest VIII. keruelet
eGre90jefz7x9b_OxlM4nw,47.61855707,-122.35581934,US,United States,North America,Seattle
DMRAmxJ9sV-8l-G26hdLIA,43.043998,141.482486,JP,Japan,Asia,Ebetsu
PQJXuUbsMtkqHWmvYgKd1g,50.448016666667,30.514452777778,UA,Ukraine,Europe,Kiev
SJA27nQjA9UmO4zGnraAOQ,-43.48792014503,172.58824548636,NZ,New Zealand,Oceania,Christchurch
fLOMhCjTC4Fo0hcd9rtnwQ,48.792892,-122.491427,US,United States,North America,Bellingham
K2rIp4WBYEg560sPdmqC4w,33.43303278,-84.18761143,US,United States,North America,McDonough
ONfJOo1YX3XOOGdYVLZnfg,-12.075696,-77.035661,PE,Peru,South America,Lima
GzBUQ0hQLO9WypBQMR8O0Q,22.395426,114.199808,HK,Hong Kong,Asia,Sha Tin
zhKge9zU61AJc9H7uaWEdw,39.29935019,-76.54835894,US,United States,North America,Rosedale
BWP4YGCaqSRElc9_JZQ-0Q,41.677859,-88.106749,US,United States,North America,Romeoville
O3OAFv8gdyr4U7oUYsZilQ,47.109523333333,-2.1008316666667,FR,France,Europe,Pornic
lH89GMcH9XlUnh-UZfUc5g,34.890233,138.258141,JP,Japan,Asia,Fujieda
5ajhpjS7WKNs1N6Ql-vLxQ,-38.000062,-57.555962,AR,Argentina,South America,Mar del Plata
-ejZD7evLtjfTiluk3Lkpg,34.973366907222,138.34445014472,JP,Japan,Asia,Shizuoka-shi
FBgmb5iq7oN_76PQ5o87Jg,30.4735936,-87.2098777,US,United States,North America,Brent
DFcz4YUamRB0NiND-FEgeg,29.7145907,-98.1595535,US,United States,North America,New Braunfels
pcKqYYLjiwcri3TL_m5qpQ,37.439654,140.373825,JP,Japan,Asia,Koriyama
SN-JNR6g6enY6XyhVw8jVQ,37.720587,140.482999,JP,Japan,Asia,Fukushima-shi
U5YJo0RQq0PXBVgvPhuNrg,47.4613953,18.9660385,HU,Hungary,Europe,Budaors
SSg-Tmj1MUozOzleXwEzGQ,55.824028160469,37.62591406703,RU,Russian Federation,Europe,Ostankinskiy
382xH63TSC82w2TY-JlikA,43.640575,-79.378280555556,CA,Canada,North America,Toronto
7EiBpD0BkSL6TAPlJDcVPg,30.51900328,-87.90286944,US,United States,North America,Fairhope
6EYmjXmzGaj2D4BCbnChxA,50.923126,4.426329,BE,Belgium,Europe,Vilvoorde
NeBUYwKJpbFY71hdgzon8g,35.685514336886,139.77426584688,JP,Japan,Asia,Tokyo
S8ZJTFTkl9Pv6F3hHpYQFA,53.347032,-6.336913,IE,Ireland,Europe,Chapelizod
N59035UOExGfjeNqVSG8oQ,48.833569,2.243556,FR,France,Europe,Boulogne-Billancourt
dyzWTle6XGPRvdZiFqwMLQ,-33.694084,151.018844,AU,Australia,Oceania,Glenhaven
pNeFHDf7UgHQ81B6jaC5Ow,41.93917524,12.46895623,VA,Holy See (Vatican City State),Europe,Vatican City
FEqIa615LAo3vPsxsfG2_Q,59.302096,18.005729,SE,Sweden,Europe,Arsta
GgZl65FKNCr3EMYccNo21w,34.971845,138.762858,JP,Japan,Asia,Heda
LrsextzaXy6RlsO2wc59Yg,39.314244,-76.616491,US,United States,North America,Baltimore
xm_FA-yPbxdB0fpqiVkQHA,55.976319,12.87309,SE,Sweden,Europe,Barslov
1UeOqGHXtYS2bdatbMBmSw,48.79165,-122.491432,US,United States,North America,Bellingham
Tvz2ZGs1LO-SpavwORkAWQ,-27.46989018,153.02657425,AU,Australia,Oceania,Brisbane
Tj288HmkbgaGZrnryvi-oA,55.73784751,37.63883343,RU,Russian Federation,Europe,Zamoskvorech'ye
59SoRxi3j3PYxp9PQMxNWw,35.678971,139.783088,JP,Japan,Asia,Tokyo
-aZs4bu6mgdPQs7Xi8xUNQ,-12.069236666667,-77.035623333333,PE,Peru,South America,Lima
xFuH-kmN5ArC1Gn9NRWhAA,12.98050019,77.6168569,IN,India,Asia,Bangalore
I1STd3ByomfVpqi1Oxq-gw,-37.81639662,144.97248977,AU,Australia,Oceania,Melbourne
8HeNJ_L7nnBp94CZ_Z4Iuw,37.557998,139.850039,JP,Japan,Asia,Kitakata
qN7CJ7Z3N2gjoumQwioRsQ,40.745336111111,-73.906569444444,US,United States,North America,Long Island City
J0x84mzjlmDEj_jzUHnrNQ,50.1152208,14.4901079,CZ,Czechia,Europe,Strizkov
2lRB40TtVgPL1_lLQQevsg,50.843264,4.340963,BE,Belgium,Europe,Brussels
XhlAfDGJE8rEDCAHO_n0yQ,25.77111948,-80.18931255,US,United States,North America,Miami
6jqjx_arTDXI11ZzogGLTQ,36.079964,140.194306,JP,Japan,Asia,Naka
GKUCAcUO5K4HpUxVEzUtEQ,50.062325329199,14.430428700536,CZ,Czechia,Europe,Vysehrad
oxN7bAVbkhet4gzb4pmvPQ,23.140013353472,-82.359156402804,CU,Cuba,North America,Centro Habana
-0C1J9CvgFP4BTVLXNeNZA,22.221071666667,114.21171,HK,Hong Kong,Asia,Wan Chai
GLDo8VgOHAFCmHwxvzmOiw,33.9215262,-84.5015967,US,United States,North America,Smyrna
i2FY_5n1O5xLsQ4KFjKeqg,59.951472222222,5.3283555555556,NO,Norway,Europe,Fitjar
h5p_-0df-Iu7l_doHR27Tg,36.684531,139.758082,JP,Japan,Asia,Imaichi
w6VkxQZznVjpVpI-TNUePw,50.09796024,14.48107275,CZ,Czechia,Europe,Liben
7Aao-8jjFaDmJdUiIettpw,43.6277895,-79.6812992,CA,Canada,North America,Mississauga
2xbDXt0TQFxYOx6TgrdoXQ,43.604444444444,-79.649877777778,CA,Canada,North America,Mississauga
OSRsh9Uwo-Po4FvMt67E0A,53.56485026,-6.20970043,IE,Ireland,Europe,Balrothery
uzOUbaSIcG8KgMRclYSUbA,-12.0749356,-77.0471781,PE,Peru,South America,Lima
3ZvRHD297edmrNMY0tjszA,39.4657249,-0.3826062,ES,Spain,Europe,Valencia
EjIlK5dzdmapcbbsDrLXAw,33.8574054,-118.0302025,US,United States,North America,La Palma
gWlssV-47e05UBoSeTmHqg,37.750348055556,-122.43647972222,US,United States,North America,San Francisco
r4tp5bqYDYLnngX2dDx7Jw,60.16740209,24.93164633,FI,Finland,Europe,Helsinki
uuAbGKUAdR4udDeUuBVrHA,59.913662321322,10.652900350232,NO,Norway,Europe,Lysaker
3qb2uglycvCgcK_ma22myQ,35.033485343611,138.42994635917,JP,Japan,Asia,Shizuoka-shi
uNo8GwY52yur9uqhRbLuJA,39.79077735,116.51438092,CN,China,Asia,Jiugong
c33c0LCGoXl9P6mFprE1ww,58.284055555556,6.7840388888889,NO,Norway,Europe,Flekkefjord
RFpj-DzXWTQTChIxcW326w,50.0648411,14.43855938,CZ,Czechia,Europe,Vysehrad
4Tbzy_EgpwS4aOU9ttdmoQ,37.48850424,139.9517731,JP,Japan,Asia,Inawashiro
osmjIaNxbk_3Xsz-DVGt_A,36.042092,140.156098,JP,Japan,Asia,Naka
SKj5DMNlWli9Awq05XEIUQ,35.139138,138.666739,JP,Japan,Asia,Fuji
8whxHIQcCqNk6Rs8kCUtoA,34.161945,-118.053858,US,United States,North America,Sierra Madre
HmaW7BTgEnblehAhdZdJog,19.492741,-99.129761,MX,Mexico,North America,Colonia Lindavista
PV2JAj-OLdc_aUgiBWMS3Q,52.3919673,13.0732367,DE,Germany,Europe,Potsdam
FGAikUy7T_U5CZbcmiM7XQ,39.829687,-75.13519,US,United States,North America,Woodbury
aG9Q_zbwk7aWXMxZLpfGUA,19.418081,-99.161208,MX,Mexico,North America,Benito Juarez
nF0y0EKrPK7CUuz6pOMEsQ,53.5816579,-6.1341689,IE,Ireland,Europe,Skerries
kuw46mYdrOBC2pHVlDLdeA,35.68189655,139.49191684,JP,Japan,Asia,Kokubunji
rDCep9LS9vl5YFR79oCYyg,39.396954,-76.548324,US,United States,North America,Parkville
7YnQ9aYOgl4mubRn6xG-1w,11.9307476,-85.9549709,NI,Nicaragua,North America,Granada
1-RJMdpt4X1knyrpLYNPAg,52.22781,4.998058999919,NL,Netherlands,Europe,Vreeland
Ua_bgqpPpJRkHZqH-fU2tw,10.74579826,106.653119925,VN,Viet Nam,Asia,Quan Sau
2b5dZXyXulzwww03AYLPAA,43.24418065,143.54718649,JP,Japan,Asia,Otofuke
zyupbI4cbeYqIPXQOANOeQ,34.889297,137.647197,JP,Japan,Asia,Shinshiro
7Hfz3xOTbjiAHpG9lDaMRw,46.956499,7.4246390000001,CH,Switzerland,Europe,Bern
MMNXfhyMaqmDhLtyl6AcHQ,34.9388804,135.7150563,JP,Japan,Asia,Muko
aCyaRlEaDECA06sh-pjwmw,48.15469959,11.51128602,DE,Germany,Europe,Pasing
E9B6brxy7UsbrtnYmpY-xA,42.371868,-71.099184,US,United States,North America,Cambridge
AzUyeIjuW6LR_1m7brtXVw,35.002812,138.4062,JP,Japan,Asia,Shizuoka-shi
xMRxP_ZMTejgI3NaJGhEng,41.919751,12.487282,IT,Italy,Europe,Rome
o8-1_swk3OSnHr-2Wj85iA,47.479974268936,19.123357348144,HU,Hungary,Europe,Budapest X. keruelet
AP11uMzS_-fWnqOrMvKLaw,46.977721,7.436547,CH,Switzerland,Europe,Kirchlindach
in7T_9ZPzpLedJq5ZOoTTQ,35.556085,139.782074,JP,Japan,Asia,Kawasaki
7uyMI0cGShEXKVD9GERm4g,35.354287,139.5991338,JP,Japan,Asia,Zushi
6ptC_G961MTlCASM6ZwyuQ,43.585136111111,-79.647763888889,CA,Canada,North America,Mississauga
TTLXcpocY6jPSOQcf2QHoQ,33.96125089,-84.06783043,US,United States,North America,Lawrenceville
jusM0MzZl3MAYQtzE0Lgpg,41.891176,12.490423,IT,Italy,Europe,Rome
yxIa8wnBheB94zXSu95A0Q,39.79271767,116.51836556,CN,China,Asia,Jiugong
37T7kJK8yJa28XpaccQ1VQ,-34.87474155,138.5511735,AU,Australia,Oceania,Woodville North
mPQqbi_BdQPVxqkCW5sW7w,19.42234373,-99.16538429,MX,Mexico,North America,Benito Juarez
m15LYeFJ6FuUQ3EDTb83cA,47.503747735173,19.079229226336,HU,Hungary,Europe,Budapest VII. keruelet
GMMQIIgrn2loKRYdIu8HwQ,51.45907779,7.35917425,DE,Germany,Europe,Witten
U4nU2qqF35JKhwoUisjVmw,46.953112,7.42691,CH,Switzerland,Europe,Bern
e6ZS57GUlfgphaLk7WGNkQ,41.380974763357,2.1822299965861,ES,Spain,Europe,Ciutat Vella
KZEsWNIIrZvK6m3GjIOeUw,48.846802,2.340679,FR,France,Europe,Paris
SWh7AVoE-Mgdap6WevTMRQ,51.4412978,6.9920955,DE,Germany,Europe,Essen
kMF5rnntvpU6D_O62xoWPQ,40.767183,-111.885582,US,United States,North America,Salt Lake City
KVcN-dP4jEWlQ0TnNjg47Q,50.091277,14.384239,CZ,Czechia,Europe,Mala Strana
mnZRM39jvRtal9jNXWPZlw,41.80932051,12.59319944,IT,Italy,Europe,Ciampino
aZdfAW-TLI3Z_R-wmQZFbQ,35.3588317,138.9910948,JP,Japan,Asia,Gotemba
9YFGevAuXNA_cujX_WL8Ig,-22.9438258,-43.1842431,BR,Brazil,South America,Rio de Janeiro
MLT8jT08ErsaDNvHAXTWEA,1.305036,103.850722,SG,Singapore,Asia,Singapore
hQBv6Sdtt6h9VYVEpnvnJA,40.732201388889,-73.98865,US,United States,North America,New York City
ve7YT8LqYZbbiv1zuS2naA,1.330112,103.875601,SG,Singapore,Asia,Singapore
clXXNaBwFCAmfi54g0FnEQ,35.1460842,136.1329367,JP,Japan,Asia,Omihachiman
3Vmx7rfvzDWpPrk0cagksw,-1.2807348,36.81628956,KE,Kenya,Africa,Nairobi
dtsO5O4O4T71lgNsB83-Yg,44.789902777778,-93.108983333333,US,United States,North America,Rosemount
aJ0KI8IbooNMXZZ4HRTXLQ,33.342089,-112.087021,US,United States,North America,Laveen
YJJKZK_KLuLJVcUGcxazWg,41.88679,12.504555,IT,Italy,Europe,Rome
aJCYzYlf_sCgE2N7eKr9oQ,47.8152047,-122.3792196,US,United States,North America,Edmonds
fa8fZ6r9uQYvGuvh-9mCSg,55.7430716,37.6174013,RU,Russian Federation,Europe,Moscow
68elaQ3l4nd3WuBj7xQ86A,33.992111,-6.845936,MA,Morocco,Africa,Rabat
PPTeu6ClyY7IL5rv6qhv_g,34.92611379,135.68724574,JP,Japan,Asia,Muko
mA9nYMx5TAaZXYnY6igWgQ,-33.78408,151.190157,AU,Australia,Oceania,Roseville Chase
ZP4QyBO7v7dwcNTKrJ-rOA,51.342038888889,12.381013888889,DE,Germany,Europe,Leipzig
hj0ci7hMFV7sDT7WZDDBUA,55.79971737,37.63681456,RU,Russian Federation,Europe,Mar'ina Roshcha
3mz6ZPAfbxapSa0j3klqjg,12.12696746,-86.24437495,NI,Nicaragua,North America,Managua
ZRd8XAwVgxvQAUrASmfBsA,60.18091552,24.91290644,FI,Finland,Europe,Helsinki
nMdximodlz7gqfJDM_pvgQ,50.926101,4.425278,BE,Belgium,Europe,Vilvoorde
q1uRulywcKXfSH4wxjtGPA,47.745098,-121.092307,US,United States,North America,Leavenworth
tSCMOIK-2HX84IDBU5bDeg,-34.83394283,138.54587722,AU,Australia,Oceania,Alberton
eKX0EGxYq29PgosErnVJ_g,24.70352462,120.92256363,TW,"Taiwan, Province of China",Asia,Hsinchu
zQgQ_fZBxBtXyC9W6s7ESg,35.518001,139.499772,JP,Japan,Asia,Machida
6SKcZ1Xpf5-nmLw5joBPYQ,35.09872,138.855549,JP,Japan,Asia,Numazu
QuEPjQgm2jmqUlt3xRKNvg,33.96412949,-84.43232115,US,United States,North America,Sandy Springs
10Zl09L3wyaQVi2uIZvYPA,47.592139480032,-122.32246770665,US,United States,North America,Seattle
D4ec-L4mCAaVS2ap2u56Zg,43.6405417,-79.38392585,CA,Canada,North America,Toronto
qI4ZS4uZW4oo7ipRQPoMOQ,52.250816,21.036162,PL,Poland,Europe,Praga Polnoc
qaLlkbXJBsUun-FhNNAbaw,50.041622,14.2522034,CZ,Czechia,Europe,Rudna
Eehe3sZvSjWKXCT2YnZrYA,34.987457860278,138.39681191361,JP,Japan,Asia,Shizuoka-shi
-jri_jG7haWRygtOb8FffQ,33.9710229,-84.5188908,US,United States,North America,Marietta
pzwC4YIP1wTanBf83wgAFw,50.86439,4.6933766666667,BE,Belgium,Europe,Leuven
33FhsnJIzx0dagjvfy7GBg,35.665964,139.738119,JP,Japan,Asia,Tokyo
bfKX59vtgVPsl7Y6bGKCKw,-27.47776196,153.01268212,AU,Australia,Oceania,South Brisbane
Dt6JaDHCBaTC88z6O0LO0Q,39.36786,-76.464777,US,United States,North America,Rossville
BSsS9hhzMQM2p1Fry0GpeQ,37.811011388889,-122.26329638889,US,United States,North America,Oakland
-HFT-WGo9ftuyGUUm-4zGQ,33.94553267,-84.61033968,US,United States,North America,Marietta
tXcdYaGCQz5DtURALwkM6g,45.280487,-122.769406,US,United States,North America,Wilsonville
GDS9_Sysn2mOUrJHG05ddA,34.005797,-6.853374,MA,Morocco,Africa,Rabat
SCHRRYQdA_oudr_nkq70LA,35.169022,138.749985,JP,Japan,Asia,Fuji
cubHP-wEfXRtXY4zRCbq8g,37.45429818,139.83630267,JP,Japan,Asia,Kitakata
IheMBH1WYwyx2oVDomT5yg,42.349499,-71.076459,US,United States,North America,Boston
UJ43orR0C6xcOyz8zGr2lw,51.527658,-0.129515,GB,United Kingdom,Europe,Barnsbury
CojPrDePFcZlRO1dtoZqXA,37.38774812,-6.02493733,ES,Spain,Europe,Camas
fn6zKpG_MJzwvuu1cAyi-w,55.66433244,37.5204852,RU,Russian Federation,Europe,Semenovskoye
UN-mXC4vVkJUvH-mZ6YKXw,-34.88708759,138.5709433,AU,Australia,Oceania,Allenby Gardens
90u9SPe8inMH8bCetkezSw,47.479395205155,19.053835077211,HU,Hungary,Europe,Budapest IX. keruelet
4Hdc67iSICfaNYtGVaRGOw,35.361071,137.671017,JP,Japan,Asia,Nakatsugawa
QKQs0sxlJPMBCVlqGj3BLg,47.336149401963,18.999533420429,HU,Hungary,Europe,Szigethalom
CLj6n_AJwMu1CwhbXo5btg,35.151692,138.894378,JP,Japan,Asia,Mishima
XXqp9zGhtN3fFEHUygQSUw,38.910462827863,-77.062307967546,US,United States,North America,"Washington, D.C."
8lUt1vyw7yCSDYR1rZXaOA,48.07000746,16.355227,AT,Austria,Europe,Laxenburg
-sEEaHeGOQcClkpluqufjQ,-6.81845,39.284419444444,TZ,"Tanzania, United Republic of",Africa,Dar es Salaam
gHusXbedQPytazoPz08c5A,40.368903,-3.804284,ES,Spain,Europe,Alcorcon
YBh5QtuNf2hCt6Fun4gR9g,37.293164,140.523686,JP,Japan,Asia,Sukagawa
5Wz8cuV7svJrBBZMEmaHKw,55.706999,13.237617,SE,Sweden,Europe,Lund
G9XIH8cmoF1MfQJansFvhQ,53.3583998,-6.2606473,IE,Ireland,Europe,Drumcondra
uEihPiweRfzMepxwcIfWdw,51.004936,4.4571,BE,Belgium,Europe,Zemst
zCtZGol99tjrgfOU14cQtA,43.0311,141.348246,JP,Japan,Asia,Sapporo
ee00qrZc1hN6HbcQJ-oojg,35.787214,138.409852,JP,Japan,Asia,Nirasaki
B30zLlN67lqXaMWIJUrIHw,37.403097,139.929671,JP,Japan,Asia,Inawashiro
iCMjabT6ohRTrqvG5YLW5A,46.944322,7.432066,CH,Switzerland,Europe,Bern
Bwe285OUzTKB01KUh9wiZA,37.041483,140.819797,JP,Japan,Asia,Iwaki
lGnZm3a0Z3UVJCDk1hm7ew,34.782148,138.025223,JP,Japan,Asia,Kakegawa
bS06_LyxIs9sZ_VtUqSLnw,56.830602,60.561455,RU,Russian Federation,Europe,Yekaterinburg
81_2CZ6tu74rKa17IylcyA,35.695577,139.770313,JP,Japan,Asia,Tokyo
Mz4VSAmgLjr4I_KrmSnbvw,-15.8181479,-48.0126114,BR,Brazil,South America,Brasilia
5sm5ZDcVUh-dAYwc__9-fw,11.9368392,-85.95826609,NI,Nicaragua,North America,Granada
e7flyNuOk6zfY-jMfbKRow,42.041611,-88.087764,US,United States,North America,Hoffman Estates
7nnCxM1H7gheU2j_jNUGsQ,-34.90514272,138.57220378,AU,Australia,Oceania,Thebarton
aGN-wYjn_d7I2magQBw9Iw,35.943726,139.41332,JP,Japan,Asia,Sakado
0cyDbulAYr8RqYaD9PlK-A,-34.609756,-58.399326,AR,Argentina,South America,Buenos Aires
zVVOg1jNzauihx8h8Y_rFA,13.729148459204,100.53598599942,TH,Thailand,Asia,Bang Rak
ShCnEXHpgDGvCn6H-lKViQ,43.086603,141.51568,JP,Japan,Asia,Ebetsu
Arf8VmflcYZHWlVs1Tu3YA,35.644843,-97.425713,US,United States,North America,Edmond
TNbYv3AHGVj4hITlv38rkQ,30.6444349,-87.0966472,US,United States,North America,Milton
BJdJ1fpqoW3ErDDMjEyq-Q,-6.8062972222222,39.2551,TZ,"Tanzania, United Republic of",Africa,Magomeni
ipoJkyfn2LRFNXqaDaIFjA,33.95881646,-84.53666693,US,United States,North America,Marietta
HHI-Tp_3p-_Gqhoptld05g,59.898602,30.476471,RU,Russian Federation,Europe,Obukhovo
vizImJ9wfXhXhOu_VcJFcQ,6.23138926,-75.6022235,CO,Colombia,South America,Medellin
jXdSVNBqjam1Jw9GVSEO9g,47.93255,-122.102206,US,United States,North America,Snohomish
CKFBXVII0dm-5wMbqP-6Yw,41.791746,-87.597314,US,United States,North America,Chicago
OMyvxvZbTExtx3-0unwtnw,58.6929339,13.8216037,SE,Sweden,Europe,Mariestad
d96B7gC6J4CsX0t84Dlk5g,35.668992,139.779481,JP,Japan,Asia,Tokyo
kMRZe3cb4J_eAWrb5NO2Ug,35.667659,139.772225,JP,Japan,Asia,Tokyo
_4jWdbbCdQ7tqYcwLVvP7g,39.28409,-76.618331,US,United States,North America,Baltimore
Fqof1yVki4f0VIb2F4vXvQ,48.88300537,2.25367716,FR,France,Europe,Courbevoie
aSqVUgt36gddhmJdI1lXNA,26.13021444,-80.10337439,US,United States,North America,Sunrise
2S5RJ650snwQ_QjKZfd5FA,29.42439416,-98.49747379,US,United States,North America,San Antonio
TJHQ6HN4ba5-NCWfEhdjRg,42.347647,-83.058104,US,United States,North America,Detroit
QGrIzK5vx1WkjUbGmLR4iw,12.13655107,-86.27749602,NI,Nicaragua,North America,Managua
mRROWg1Z04TULP4vXFsRKQ,50.04845293,14.46326047,CZ,Czechia,Europe,Karlin
MmICqc4vaicNFEJHXmbeKg,40.747927,-111.865395,US,United States,North America,Salt Lake City
M9mXxaLMvXtDF56OzHC-xQ,58.7033819,15.8419763,SE,Sweden,Europe,Finspang
U-DbV9zXDMuK5d09gXtoFw,35.649585,139.80312,JP,Japan,Asia,Urayasu
uPrcjzwSHnG2jrNUHAqXlQ,51.527755,-0.131174,GB,United Kingdom,Europe,Camden Town
XBk0wGi4OYZhsZiC5izuUA,22.377793,114.181902,HK,Hong Kong,Asia,Sha Tin
9OgTTALhYGm1OoWgWvcxVg,47.6695177,-122.384379,US,United States,North America,Seattle
zEZhlgYPu8fmtfbK5yWabA,34.965559,137.613472,JP,Japan,Asia,Shinshiro
UD_Q3d_tG1BsXHZVbxU_Uw,29.5590226,-98.25387,US,United States,North America,Schertz
IS0S0IkabzzhkSLzey6ogg,37.800787722222,-122.24078305556,US,United States,North America,Piedmont
RodV1WK5hAwXcCjLNUXjZA,59.3292443,18.0433196,SE,Sweden,Europe,Stockholm
CJIJtw0-ZHWIqmMgHk16zg,28.00838724,-82.13784522,US,United States,North America,Plant City
kEIYdG4wmDkSOy7wGud2IA,64.1133074,-21.8965517,IS,Iceland,Europe,Kopavogur
71CnMgj5duOQd4XdDcHfRg,35.990544444444,-83.999808333333,US,United States,North America,Knoxville
1DsQ0qOCC5KscbbfRfS07A,51.4447311,7.0220651,DE,Germany,Europe,Essen
3cI9wKJIzmTtdS-pZErxyw,48.867443,2.363332,FR,France,Europe,Paris
26cV4_2YRG8FlDCSP-DruA,39.321059,-76.621381,US,United States,North America,Baltimore
2J7RqaXCUclOQrSCwMD0Iw,59.3279906,18.05296514,SE,Sweden,Europe,Stockholm
BY9CY2r8wNaLDOtBv9NF0Q,50.100674,14.389095,CZ,Czechia,Europe,Mala Strana
EDGQ-Iuq6bpsUnFwmLw23Q,52.53551755852,13.290519156587,DE,Germany,Europe,Charlottenburg-Nord
oJvS5udT0AEeqog_HpdjPw,50.456425,30.521044444444,UA,Ukraine,Europe,Kiev
u8u02l9KVkpWtGF5zOvDlg,-34.90474764,138.54674118,AU,Australia,Oceania,Allenby Gardens
HjLGgLNhzvw1Bl-Bo-igvA,40.733285,-74.007426666667,US,United States,North America,New York City
g8uOiiIyP1KJxqwuFAPdoA,33.433891388889,-112.341275,US,United States,North America,Avondale
pR9x9dm8azAKcPv5-PWt4w,39.78100379929,-86.161231342703,US,United States,North America,Indianapolis
KUavEcSQWeaHwp7a_M-03A,-34.221374806948,-58.921972280368,AR,Argentina,South America,Campana
Bh36Ed4HBJatMpSNnFTgTw,59.3296141,18.0620879,SE,Sweden,Europe,Stockholm
AAxRDbsGxOg1q43frAgtWw,34.967814325556,138.40803194306,JP,Japan,Asia,Shizuoka-shi
J_Qqe5WUDw29MlqPdGRLaw,24.808391,120.922533,TW,"Taiwan, Province of China",Asia,Hsinchu
OVE6fJP-TTfZkqVI7R4qTw,19.403463,-99.169659,MX,Mexico,North America,Benito Juarez
PTWUmSMyW7LxEVmW-quJbA,29.421166666667,-98.454336111111,US,United States,North America,San Antonio
Wdb2fc2leF0kGKezZuMSKA,41.968837,-87.677253,US,United States,North America,Lincolnwood
feTgvrPfAQcytoWkVKSDUg,29.798186,-98.419659,US,United States,North America,Bulverde
WZRxku9EbAWLwOqu-AAHTA,30.4876361,-87.1967703,US,United States,North America,Ferry Pass
gwIn3wXT2fwBgFdIbHn5KQ,47.510397098958,8.5915003716946,CH,Switzerland,Europe,Embrach / Kellersacker
-oh2crUz4HFuhwgehbigGw,-15.7973206,-47.881387,BR,Brazil,South America,Brasilia
QiH6Mci6ptfDLVDuNldd5A,48.745007,2.223794,FR,France,Europe,Igny
CYdn7spjYQGeczeQh3nugQ,-15.8387942,-48.0388798,BR,Brazil,South America,Brasilia
VBB7uhbdiGQLLKOqgh8CCg,-15.83762,-48.0244521,BR,Brazil,South America,Brasilia
Lc2X8mkBgKx7zXtFdVXTcA,55.54499378,13.03698905,SE,Sweden,Europe,Tygelsjo
vUKjCWeFSGOzmj4QbwH5sA,37.760636,140.402154,JP,Japan,Asia,Fukushima-shi
TaF_gvVUZx_nN_t6o5WnOw,-22.9114165,-43.1944199,BR,Brazil,South America,Rio de Janeiro
vqjXUL2f07W3ldu4PP9ulg,42.973797,141.876092,JP,Japan,Asia,Iwamizawa
wc9AQQYpfWOUL-fKoRurPg,37.500576388889,127.03663333333,KR,"Korea, Republic of",Asia,Seoul
STs-DKe3qCvjmz2fVpvsRQ,47.475859425031,19.053045585752,HU,Hungary,Europe,Budapest IX. keruelet
Bqou1Ai0yr_5qqavAgySOA,36.4144321,127.6413833,KR,"Korea, Republic of",Asia,Okcheon
BaszJ6dWF_fy0d1mCvKo2w,4.540955,-75.674006,CO,Colombia,South America,Armenia
_VJeFmuDIO6-ielHWoK-Sw,48.831518,2.24478,FR,France,Europe,Boulogne-Billancourt
3PVuoGhNNSKzLwAtCZLglg,-15.8359115,-48.0216349,BR,Brazil,South America,Brasilia
3csq7HOX6c2HvZvIGj4-9w,59.906380359979,10.779594779993,NO,Norway,Europe,Oslo
B8b80KDta5q0wVLdvxUEhA,43.66719374,-79.4011917,CA,Canada,North America,Toronto
ljwr9zVmrW2G5cXD_v2ePA,42.352607,-71.064439,US,United States,North America,Boston
UN-oSkMKy7pPrGC9ePfIxQ,57.14894272,65.54939052,RU,Russian Federation,Europe,Tyumen
dQRMJBdPOoSKYg8IhgK8eA,51.21459,2.9265039,BE,Belgium,Europe,Ostend
9HKnajEedVVW0Y6YNyN8Kg,50.89322901,4.31350848,BE,Belgium,Europe,Wemmel
pJ2GnQyzxxazEziQDre97g,37.3274,-122.026727,US,United States,North America,Cupertino
0PkrQqg3IeAtnMH7JWpA0A,51.510399836116,-0.12220152653754,GB,United Kingdom,Europe,London
BoFv-J6Q_d1PAB9RRN8yMA,35.137114,136.918535,JP,Japan,Asia,Nagoya-shi
SlSrAry4KwiJ9JZBMrX33w,-36.858069,174.762476,NZ,New Zealand,Oceania,Auckland
I3dtqAplD7M_dFGHNuj6mw,35.969427777778,-83.919797222222,US,United States,North America,Knoxville
q911VMWgVBtUinShzv6Btw,42.382409,-71.079561,US,United States,North America,Somerville
IK2h-WzRueZDlJEcTlj-mw,52.338162856111,4.9470833222222,NL,Netherlands,Europe,Duivendrecht
rjw8Hrwc4_UPcROllsbLGQ,36.148192,140.212882,JP,Japan,Asia,Ishioka
ChooB-F_PDwa802lulPLYg,40.460728,-3.614981,ES,Spain,Europe,San Blas
KL1hBIs4ofTBBmD2aCu6pw,33.7685238,-84.4948359,US,United States,North America,Mableton
BZ--9REfUkC4pt4EbGB_gQ,37.554836,139.870503,JP,Japan,Asia,Kitakata
dBftMXPwTq5jA2dY7VN5QA,59.3668338,17.9881662,SE,Sweden,Europe,Rasunda
HS6HfQwN73mEQ2out3LYmA,40.730066388889,-73.974563055556,US,United States,North America,Long Island City
8duGXFe_UrHQYy8_HNZMGw,43.41506,6.810427,FR,France,Europe,Saint-Raphael
Y36rlrnCfQMxgSP0UW0fFQ,39.312488,-76.584086,US,United States,North America,Baltimore
yjYkXtsp5UpsxYy9x4jOcA,48.20037045,16.36746345,AT,Austria,Europe,Vienna
_7zhntDU5r1EmkFSuzKxaQ,47.69918546,-122.35539745,US,United States,North America,Shoreline
oMActvfEz20nI3NwN0Y0RQ,3.061578,101.484823,MY,Malaysia,Asia,Klang
svZ6D7kC1RXJi6ihAE4lVg,41.905463,-87.91444,US,United States,North America,Berkeley
_mJm8Xy5gHxDHIZr6ywpfg,46.88740976,15.2596067,AT,Austria,Europe,Stainz
huCkaLvWE5jLOak4ePBmJg,59.319427,18.066304,SE,Sweden,Europe,Stockholm
UfMSw2eFkYXalGi5U0xb7g,51.495069444444,-0.12910555555556,GB,United Kingdom,Europe,City of Westminster
yb80ZbVfNvuJs9cUsds65Q,44.976283333333,-93.252316666667,US,United States,North America,Minneapolis
6N1SQ9w4KsDngHylqcIM4A,55.608025,13.021475,SE,Sweden,Europe,Malmoe
2VocUH1rhqljMer4lhI9zA,43.655983,7.151256,FR,France,Europe,Cagnes-sur-Mer
KKuEJH7tl9vfarUc1iIJvw,35.172185,138.920473,JP,Japan,Asia,Mishima
7UfpwqjWdgIjXnDN6qk-OQ,50.06207652,14.4028463,CZ,Czechia,Europe,Vysehrad
JARwgsAxhLIpv5YnMJgZ_A,10.76286323999,106.65855400996,VN,Viet Nam,Asia,Quan Muoi
MGCljEDCb-uj1mqitYMLTA,1.301743,103.837317,SG,Singapore,Asia,Singapore
oKTyTtTNxaBmwV807gtigA,30.5962532,-83.1190138,US,United States,North America,Statenville
CbeetgGGurxnuWb0awyEmQ,35.482118,139.458093,JP,Japan,Asia,Minami-rinkan
R9eSYGfxiuF9YCrH9PNRLA,35.101355,138.862078,JP,Japan,Asia,Numazu
o5rv2RFk36cuxuljWqpnmg,35.430796,139.399493,JP,Japan,Asia,Atsugi
nsF-MIHv1ScOJT3oRDGD1w,-43.530331870614,172.63304792202,NZ,New Zealand,Oceania,Christchurch
pB6odp2ukIazqS9tc-7oCg,15.605233333333,120.92113166667,PH,Philippines,Asia,San Fabian
Q-Z3TM9ilDscPypFdwyg6w,51.454348,7.041837,DE,Germany,Europe,Essen
eM8yWRLbQ8KciJA6GsiPkQ,-34.89614413,-56.19130105,UY,Uruguay,South America,Montevideo
YAAKwgMVPjepInsApbW7Rw,-41.28733904,174.76932431,NZ,New Zealand,Oceania,Kelburn
DkOcZGM4ELLwppKFdX4u1g,50.04875389,14.43418125,CZ,Czechia,Europe,Vysehrad
P229ePF_VS__VEeVUFK-Dw,52.171980555556,0.10786666666667,GB,United Kingdom,Europe,Grantchester
iOxbbWsEsH_D65HvL2ox_Q,37.900423,140.431237,JP,Japan,Asia,Hobaramachi
rru0Tijv22riLle52WW1gQ,43.658157,7.160285,FR,France,Europe,Cagnes-sur-Mer
_TRMA1vB7O-UbcY7RPvNTw,6.214669,-75.5696312,CO,Colombia,South America,Medellin
iBwkAtJ07zbvcubF7fj7aA,-23.5694,-46.65415,BR,Brazil,South America,Sao Paulo
yduRl_Qu1CrdOf5dldXlRg,44.941236111111,-93.262580555556,US,United States,North America,Minneapolis
CV4d1RNzWbWJYMKiwqjClw,34.141564,-118.608002,US,United States,North America,Woodland Hills
0G3pseXonpH_cmLxb2B2xw,47.674315,-122.1297828,US,United States,North America,Redmond
Gd-L2zLZT2VqF7VpIXsA7g,39.291527,-76.620009,US,United States,North America,Baltimore
kWcPVDjlTK0mIO_9LwGCNQ,50.869836,4.6949457,BE,Belgium,Europe,Leuven
K52sd5Joy1owI5cEZ3LXMg,1.29995,103.843165,SG,Singapore,Asia,Singapore
EjDznD81zaxTqTAnxtOooQ,38.897541,-77.052766,US,United States,North America,"Washington, D.C."
ORiTp_QAx88AfR5YULjgpg,36.027605,140.279142,JP,Japan,Asia,Ami
9YcviOim__11_oq5xRYR3g,34.771194,138.002994,JP,Japan,Asia,Kakegawa
j7WmVKW3EzUtvI3W7W88eg,47.5862649,-122.3314704,US,United States,North America,Seattle
pI8VciGB35ctg5mnPIeu5A,35.102585,138.877482,JP,Japan,Asia,Numazu
znBx2nD4TbxnwW5R91N5cA,29.089777,-82.1848798,US,United States,North America,Ocala
t9-C4xBwZB7Oc1WZBW2ukg,41.42419419,2.20790663,ES,Spain,Europe,Sant Marti
BsiTE4dUYqLiYa4csVlpfA,-27.47217653,153.0235056,AU,Australia,Oceania,Brisbane
XLgr6WNotcTekdHcJgtalw,40.767259,-111.8921,US,United States,North America,Salt Lake City
9iVArmjD4N2Pnu3NsnPLpw,53.3972242,-6.2448431,IE,Ireland,Europe,Beaumont
ffrvHyLJq1Ftffaoy2vHnA,47.478378844156,19.090997337662,HU,Hungary,Europe,Budapest VIII. keruelet
_zSur36bCHAufPTWDUvtRA,43.45322484,142.64670374,JP,Japan,Asia,Shimo-furano
MjETYTEUr9I8H9D7nWdurg,33.983283,-6.826916,MA,Morocco,Africa,Rabat
NemHTgDgPfWeNZwLQLGbzQ,46.02075845,-80.58504204,CA,Canada,North America,Greater Sudbury
vQYM8DICP7CrH8TWnNG5iQ,48.203902777778,16.359694444444,AT,Austria,Europe,Vienna
f40s3laPNoi-mZu5nE4zHg,37.897914,140.146758,JP,Japan,Asia,Yonezawa
lH1vuN3w1BVdWDQUpIKSyA,-12.071393,-77.036783,PE,Peru,South America,Lima
f0n5BiuCYMlqiIFCEo3VbQ,52.167783333333,0.10793611111111,GB,United Kingdom,Europe,Grantchester
qKYhVd7OCUaIO2d5J1S3Gg,40.834049,-73.86105,US,United States,North America,The Bronx
mOnd4I233MBCL9Gg26jkXw,50.854121666667,4.695635,BE,Belgium,Europe,Leuven
wURsyhW7Clp9gdmCCpbbog,24.69762452,120.9179471,TW,"Taiwan, Province of China",Asia,Hsinchu
U6ezctPYyn4ZrObww-O4Tw,51.51913435,-0.07446801,GB,United Kingdom,Europe,Bethnal Green
ZCXFJWC6UzzX3xXLCkmTEA,30.394414,-97.751633,US,United States,North America,Jollyville
R9wdUqitxiO3LGECYyXp1Q,51.50850809,-0.13839335,GB,United Kingdom,Europe,London
dQfJH6zFY1ySkaV2bwpCuA,55.85775323,-3.18457407,GB,United Kingdom,Europe,Loanhead
duE0byZBiEo6DL8XIyINqA,63.436424167735,10.39423860108,NO,Norway,Europe,Trondheim
7AgOyHo8HVOSAZ8YyKD4Bw,18.794192547273,98.981836930609,TH,Thailand,Asia,Chiang Mai
rOpaZRsMExRXHy5G2PI7Og,19.403645,-99.169424,MX,Mexico,North America,Benito Juarez
36a1LOpcxk_ieZim8Mi8Lg,52.090523333333,4.3809283333334,NL,Netherlands,Europe,Voorburg
qVHESuQLRlJap6lUrYkG6w,50.8635194,4.33018266,BE,Belgium,Europe,Brussels
0tAq2z-y2WgMvq1W1In9Sg,10.42340106,-66.92211409,VE,"Venezuela, Bolivarian Republic of",South America,San Antonio de Los Altos
OiIYv9fVXOO9Nf4k4p8MIw,39.313979,-76.598156,US,United States,North America,Baltimore
mQYagqbHfI2vEt2yiCb5cw,35.056427707086,138.23928569221,JP,Japan,Asia,Shizuoka-shi
a1DF7VjBYj_LxS9HhmD5UA,50.0631686,14.4348527,CZ,Czechia,Europe,Vysehrad
vqGmEUZ1NZQAJJbjM3B9Aw,26.13245,105.119857,CN,China,Asia,Liupanshui
UpOr-cqSZm_Zhwr8mC_ijA,50.851928,4.3529,BE,Belgium,Europe,Brussels
7B4qnb2kd0RDAE7W9m7wOw,39.858306907117,-86.157136699185,US,United States,North America,Broad Ripple
EUUNQM1t-jgy53YIvWE1dA,-27.451501666667,153.00281166667,AU,Australia,Oceania,Milton
4iCVzNF1zWyk5Ojdqwxbgg,45.426466666667,-75.700561111111,CA,Canada,North America,Ottawa
SA9TNUqD6vzoXYRF6BDVFA,-23.577546,-46.659557,BR,Brazil,South America,Sao Paulo
GiupYsKZYPPxShH37-8uBA,63.429386111111,10.416469444444,NO,Norway,Europe,Trondheim
tL0ICczd4Ztesr8WjWq1Wg,51.5158793,-0.1265015,GB,United Kingdom,Europe,London
gm12GBFPm-YSITahMtfVQg,36.966523,139.858142,JP,Japan,Asia,Yaita
4GdeOv1AuIMzHL30ATjHPw,39.26729,-76.607773,US,United States,North America,Baltimore
FegzSDKmJmZoNc1i7Ic6Gg,48.8456789,2.3732881,FR,France,Europe,Paris
TxYBGBjycVK_b0AJC2COxQ,-27.6510016,153.12547675,AU,Australia,Oceania,Logan City
GnXiknojT9ukpaJYEy9Ahw,11.5308221,-72.9180801,CO,Colombia,South America,Riohacha
akTFdB0gsS6KEbMAnMuAcg,43.583052777778,-79.733397222222,CA,Canada,North America,Mississauga
Ho69Q2Vremvhn7o5l6eGhQ,39.839840820059,-86.121848132461,US,United States,North America,Broad Ripple
4oESBYACFZ_o7GGuOgCgGw,34.02315161,-84.48575679,US,United States,North America,Woodstock
IjUsvXawuOPbt8mnxI4bPw,37.351383055556,-121.94051638889,US,United States,North America,Santa Clara
B9nXvAN51XOc0d0YF_B0Sw,42.364112,-71.051432,US,United States,North America,Boston
IkrSOI8mV538YzuQ7JGbTw,-33.432455952078,-70.589868207404,CL,Chile,South America,"Villa Presidente Frei, Nunoa, Santiago, Chile"
Cpg5lWF9Ui0l3PXaH_zVEQ,-33.8861786,151.1532661,AU,Australia,Oceania,Lewisham
pIieVtSTwK3QczIFgTUMOA,39.290038,-76.622351,US,United States,North America,Baltimore
2g73-N2IfHBYbLtoV4zn2w,-6.8175861111111,39.292302777778,TZ,"Tanzania, United Republic of",Africa,Dar es Salaam
K4838Ze0_ce51vn_blh-Zw,42.91241,143.070397,JP,Japan,Asia,Obihiro
iUNJzyH9xzUYdDbJAkod8Q,49.227145,-123.139908,CA,Canada,North America,Vancouver
CUnOKqUnlG69hn92S5SilQ,50.032333874998,36.264136125002,UA,Ukraine,Europe,Kharkiv
5Hoi6KHdtFkzPA6dQ6ocgA,56.088307,12.751879,SE,Sweden,Europe,Odakra
5UtKWmdI14S0vuekjcATMA,53.362811,-6.2368058,IE,Ireland,Europe,Fairview
EJt5LKetYHO_XHMnJyAqLA,18.802433158848,99.070577232204,TH,Thailand,Asia,San Sai
Lv4PkQQmn6DZVX6-yXtoJA,52.525251,13.420076,DE,Germany,Europe,Berlin
C0CM91YkEMDHUAsOt8HxSg,43.651208333333,-79.580169444444,CA,Canada,North America,Etobicoke
Gi140KgTGQeSX8apmfafHQ,13.776219533611,100.57370488528,TH,Thailand,Asia,Huai Khwang
pnFwZnDtclKposNU7srDEQ,52.37182,4.9630190000876,NL,Netherlands,Europe,Diemen
J_T-6kQhJuGaDCGP8IZolQ,3.115095,101.663966,MY,Malaysia,Asia,Kuala Lumpur
FF_1D668icYbNayA8c-pmg,47.8140846,-122.3796467,US,United States,North America,Edmonds
QysTQji2iOCqtm_m16TQdQ,-27.473967,153.0080978,AU,Australia,Oceania,Milton
JN-T95IHc0-4TR8ym302zA,39.906444716947,116.4452170043,CN,China,Asia,Chaowai
Bsj7HjPg-s4qoanAaAH0XQ,37.4802784,139.8396655,JP,Japan,Asia,Kitakata
_JrzAmOmEbrAzQKEqHFk0A,36.194586,-115.12514,US,United States,North America,North Las Vegas
xVdJeZLEtKmj2x5zfxQjyg,36.171219,-115.160755,US,United States,North America,Las Vegas
uWnmo3Fs1jTEdRVPa0rSNg,-34.92167949,138.59914386,AU,Australia,Oceania,Adelaide
Tkfu390jKj6yhy6mZV1Hgw,47.62488802,-122.34125311,US,United States,North America,Seattle
_kxzs8Gq9SXGyapgKk8Gzw,39.293938,-76.609726,US,United States,North America,Baltimore
B8lkLtsG1EBDN5aLPkDJFw,36.121001,139.632419,JP,Japan,Asia,Kazo
d89-TGmYbVopnOruHqBFiQ,43.651741,7.153378,FR,France,Europe,Cagnes-sur-Mer
UInXTSM0jHrw_TJVK9kELg,47.486794765887,19.080562107017,HU,Hungary,Europe,Budapest VIII. keruelet
WEE84JWHQdg-ha62mVzm6A,30.34987477,-83.00741899,US,United States,North America,Live Oak
a9qlUTUMetnsVIfh9f614w,60.16796255,24.95704716,FI,Finland,Europe,Helsinki
drPaP4xBPkac2Sdsz9RjFg,49.23457711,-123.19605371,CA,Canada,North America,Vancouver
NmyhU1FqFhJnqb3s0BXUHQ,35.666423,139.767179,JP,Japan,Asia,Tokyo
nju_TUYCPFGxn0EKH8XG3w,50.111320021026,14.502831069354,CZ,Czechia,Europe,Prosek
ieAyeXIv3VkvyWum-8u49Q,33.95920484,-84.55540314,US,United States,North America,Marietta
MRL0vnvzQDwxz6WjS4ed-Q,37.829316388889,-122.23707,US,United States,North America,Piedmont
J3yQtkvIl9UvOPc05Sy_yQ,47.39228,8.51677174,CH,Switzerland,Europe,Zuerich (Kreis 5) / Escher-Wyss
wnZzGIU9_WiDcmwhLygXCQ,36.5664505,138.2012918,JP,Japan,Asia,Nagano-shi
iaX1lJsgrun-_5p-dC1GSw,32.714377,-117.160164,US,United States,North America,San Diego
9mQNoTqxYIahBxL0uyyJOg,48.84618511,2.344544,FR,France,Europe,Paris
tucDvdkNZYMMeJyNQ0Ldog,50.867706666667,4.6794466666667,BE,Belgium,Europe,Leuven
4iqCEvjIZKJBc_Ke090jUA,47.495860909112,19.065916836262,HU,Hungary,Europe,Budapest VII. keruelet
G-CcDojQq2BIsEjakNrbtQ,34.077596,-118.14155,US,United States,North America,Alhambra
BDfrd_PFfi45Q7ll9cevDg,34.95528658,135.76842294,JP,Japan,Asia,Muko
_ARu2JXpy13UIHlsMbjG4w,13.743464983889,100.54279183944,TH,Thailand,Asia,Ratchathewi
pO28OyoV7uhea8_epCywlw,34.975533,138.466591,JP,Japan,Asia,Shizuoka-shi
TWIUpQFn0cV_NjkWqcJ_qw,36.387158,140.292002,JP,Japan,Asia,Kasama
DHcyZgv_Tap6HzfPn5f0LQ,43.638736111111,-79.386711111111,CA,Canada,North America,Toronto
9tYKDByVTAcRGCFDu3pjgg,43.65276658,-79.3999133,CA,Canada,North America,Toronto
oh3ifNBvTgq_MKZbFEjFXw,40.41251609,-79.90991499,US,United States,North America,Homestead
C_uXzVsy1Av4XozMj1_SOA,22.280801,114.17925,HK,Hong Kong,Asia,Wan Chai
NWCSPhzHGhm-rgnJGQWDPQ,58.316552777778,6.3450833333333,NO,Norway,Europe,Hauge i Dalane
0payhcBxl43WlJSdnrbOww,48.848815,2.400505,FR,France,Europe,Saint-Mande
i9lyfI0asmb9sXUxKh7wEw,34.097221,-118.369056,US,United States,North America,West Hollywood
-bb_Ov7jcrXLBUGEjT_Wkw,13.724185467755,100.52215555771,TH,Thailand,Asia,Bang Rak
uJfBASy8FM-kgaliTLwInQ,48.8347247,2.26135051,FR,France,Europe,Boulogne-Billancourt
ASZhVgsUTLWj74nfnN09cA,46.940812368973,7.4356456679894,CH,Switzerland,Europe,Bern
HKgIPZHuWke8qjiZpyKixg,50.71134127,4.4007639,BE,Belgium,Europe,Waterloo
hcD7Y5217Jaj2bJkXIZmjQ,33.52422719,-112.09959012,US,United States,North America,Phoenix
DT3Q93BC8mZl5stn9RSO8w,4.6198052911111,-74.068114226667,CO,Colombia,South America,Bogota
A7rRn4WhkYbTQ5DTXsXzBQ,29.746211,-95.370881,US,United States,North America,Houston
REFGWvQei7zDqAGENXZgWA,33.580348055556,-112.12197472222,US,United States,North America,Glendale
PkWwUel8yolxlOu3UCJKWw,52.358302,4.901969,NL,Netherlands,Europe,Amsterdam
Axo71eGe4m02SpwZ6Rmg3g,43.304122,5.377242,FR,France,Europe,Marseille 03
eClHIqN06ODpBZLPwZ-brA,10.48524238,-66.85753326,VE,"Venezuela, Bolivarian Republic of",South America,Chacao
ww0Amqxgn3VIeAsCz50sBQ,50.06129604,14.39840317,CZ,Czechia,Europe,Vysehrad
QrPBAs2Fo6I_YNaOw_T4Gw,55.67155872,37.52130791,RU,Russian Federation,Europe,Semenovskoye
PKoQ707GGhJj_ieqThmyog,59.347448333333,18.0651505,SE,Sweden,Europe,Stockholm
13eeZJLmHiFWCxZatk3jpA,24.810431,120.98506,TW,"Taiwan, Province of China",Asia,Hsinchu
cswYH357rd8h5F4Zf-iGbw,63.42894845644,10.407474602934,NO,Norway,Europe,Trondheim
_zyWmZg0lfs_VV3eGc3fRQ,41.9034856,12.5051424,IT,Italy,Europe,Rome
F5J0KgxlghzLrgYR2RonwA,38.90202254,-77.04986112,US,United States,North America,"Washington, D.C."
tRbSbVvEbjgKhjjGri64LQ,51.513501944444,-0.082117777777778,GB,United Kingdom,Europe,City of London
y_oSQ-uToKBUFQO2Yp_0jA,-15.8249374,-48.0550677,BR,Brazil,South America,Brasilia
I8L5jQ6GD5fuFf4UxSn5rg,62.911119,8.206532,NO,Norway,Europe,Tingvoll
j6TFK3XVKPvYtGnoYXpopg,50.0678564,14.33741931,CZ,Czechia,Europe,Horomerice
pum3YN_NpKblT29ioWFj2A,50.036863324695,14.425448861061,CZ,Czechia,Europe,Hodkovicky
S1U7AoaYzZqx6Y5T0S-npw,49.04560404,11.33801104,DE,Germany,Europe,Greding
VTNWtxLmPclGcCgm07i-Pw,36.187175,-115.143311,US,United States,North America,Las Vegas
8OPgEjkOGw4eqcQpAGuc7A,-6.7838055555556,39.237463888889,TZ,"Tanzania, United Republic of",Africa,Magomeni
_z6uqcMZgFzFCpt2GOwbhg,45.41713997,-75.70882302,CA,Canada,North America,Ottawa
4lw0pWrlGUzsN7URPqLDQw,52.531519444444,13.386583333333,DE,Germany,Europe,Gesundbrunnen
HoI0Yn5CTuL4IIp7HxqUQg,35.657202,139.736716,JP,Japan,Asia,Tokyo
1EaLwA9alBSKntjx2w4_Wg,43.418844444444,-79.860372222222,CA,Canada,North America,Burlington
bNBmTiwNnDTYSMUYsQBgZg,38.99979507,-76.9950749,US,United States,North America,Langley Park
CpYwixhoGVHzemhyBRZ-xw,48.78971009,-122.47784104,US,United States,North America,Bellingham
nVKD0-FQT7VHq5Zy2KoNRg,35.051314,138.941716,JP,Japan,Asia,Mishima
Bi4m7ZUGrjwpse6ZS9jhAw,56.97627002,24.1878327,LV,Latvia,Europe,Jaunciems
jXC1xKYVo8E-j3Kq5EJHWA,51.486734,-0.116426,GB,United Kingdom,Europe,Lambeth
5aiYTGwFluxDqf0Nb8veTQ,-33.432081523018,-70.611548870802,CL,Chile,South America,"Villa Presidente Frei, Nunoa, Santiago, Chile"
78ejU4dx_CRrZzuwWvBTxw,47.6257863,-122.3351171,US,United States,North America,Seattle
hqhvsbSDmP3onl3mvnAM-A,43.29064,5.373704,FR,France,Europe,Marseille 06
D7_Lxn9bZQ-kFy_szG1WlA,18.803487201221,99.066458987072,TH,Thailand,Asia,San Sai
U34Dtna3ecYnjlx0RRHCpw,41.4021479,2.1856617,ES,Spain,Europe,Sant Marti
HY79tcp-SzNXxB8dSf8tiQ,34.755505,137.933547,JP,Japan,Asia,Fukuroi
wml_JtvwGRgx3SuiT-NLXA,10.024968,-84.1790404,CR,Costa Rica,North America,Alajuela
SJ64wmbPa19smSZoQ8uVQA,50.859077922642,4.3460354711335,BE,Belgium,Europe,Brussels
awoindXH3e88CUu276W41w,47.393814,8.535535,CH,Switzerland,Europe,Zuerich (Kreis 6) / Unterstrass
MlQo_x51K-3glujRSlEozQ,40.769439,-111.861793,US,United States,North America,Salt Lake City
NuFqYmERAmb7JN1vYTokMA,40.628223055556,-74.435863055556,US,United States,North America,North Plainfield
yGcnnsxm2coxV_L7uWtWmA,36.344367980884,139.62409973145,JP,Japan,Asia,Tanuma
XpHH3gIlT7aPhSEKIiWjnw,13.749067112778,100.56351835833,TH,Thailand,Asia,Din Daeng
yQguUtVqRDAvJZL5WN5Yfw,9.9886471318591,-84.139530674427,CR,Costa Rica,North America,San Francisco
rxktfyu9yBUB0jbt7rDN9Q,38.92260836,-77.07249431,US,United States,North America,Friendship Village
mT5BWCb2CZAC01J0R2OPXg,22.247777,114.176592,HK,Hong Kong,Asia,Wan Chai
omoJZrfkp5xYR9p8RQGNfw,45.418658333333,9.2608,IT,Italy,Europe,San Donato Milanese
m2vf9erK54qLV_V9TC1lBQ,43.717077777778,-79.594855555556,CA,Canada,North America,Etobicoke
8N4d6mOdjRQTK2f-o7jTnw,49.005678,8.368381,DE,Germany,Europe,Karlsruhe
AasJ8M82qZFCNjQslrxyAA,37.771424,140.981575,JP,Japan,Asia,Marumori
3ulpkm1Q-Mqi8lSSLLEWUQ,37.475568,139.658958,JP,Japan,Asia,Kitakata
2t27u86BMd5BD7MuGn3MIA,39.279297,-76.623746,US,United States,North America,Baltimore
Kh6aQhOHH6zqZQog1C5daw,23.137188667291,-82.362299564425,CU,Cuba,North America,Centro Habana
NokN6F9Kcu0RZRESQ7XZ0Q,55.739855555556,12.536866666667,DK,Denmark,Europe,Kongens Lyngby
4KKDPhTQyLnmYz3XpWOJog,42.022993,-88.144442,US,United States,North America,Hanover Park
ieXOnXUqZBSGDCqOO_bRPg,50.4553,30.5218038,UA,Ukraine,Europe,Kiev
JX7XlbC_sxW6LAMNWiEd2w,48.19598963,16.39619622,AT,Austria,Europe,Vienna
E86qGExcbi_OJIAlFPVOhQ,48.208490634403,16.35997586519,AT,Austria,Europe,Vienna
rwoFJ-O8E_Pj_-z7ptJZYg,30.34589,-97.5816,US,United States,North America,Manor
Unvte6L4Arb7UE0CeDiw7w,41.885921,12.489455,IT,Italy,Europe,Rome
H0AZJekCpz1Cg7wGlcJF6w,-37.80945,144.97525,AU,Australia,Oceania,Fitzroy
HdEULR30A5Mgmz6eZXBcpg,56.987605555556,-2.1845333333333,GB,United Kingdom,Europe,Stonehaven
ufSThIuDVO296KJkiDMa9A,42.361189,-71.063215,US,United States,North America,Boston
8quL5ijwnqMl4e6MPw0E7Q,50.11059418,14.50003694,CZ,Czechia,Europe,Prosek
ncXX3RQd8dk9t7DN1N-2_w,38.9128675,-77.07414236,US,United States,North America,"Washington, D.C."
0Z77CZke1w_JGKYtsD_KHA,47.6210727,-122.1806445,US,United States,North America,Bellevue
vSkW7UGKw9qtP-OgBHePsw,35.225688,138.968411,JP,Japan,Asia,Hakone
7kRzgZJIl5kKXyPOlvPuAA,-34.591106,-58.402494,AR,Argentina,South America,Retiro
7Xd2CWnK4JCYRsfW5h_OHA,34.875376,138.0157,JP,Japan,Asia,Mori
VQ8feOGhIfwEP5WyrN0dcw,52.547921,13.346716,DE,Germany,Europe,Wedding Bezirk
H6HuNKsT8GDajtn0jZ9O0g,38.11798502,13.35111093,IT,Italy,Europe,Palermo
j1hsidexhHPN1bNfCtzJ0Q,33.917307,-117.944005,US,United States,North America,La Habra
rOyv_eXQtvycFx1iVDCD1Q,-34.9122208,-57.9646265,AR,Argentina,South America,La Plata
hOcIII2BJatBIXfd96-eHw,37.098001,140.662836,JP,Japan,Asia,Ishikawa
_u1p9yoSpfF6s7vp_QbbjA,45.411516666667,-75.737944444444,CA,Canada,North America,Ottawa
kxRvIKpNw4LtVZecDr-VSw,-33.888145,151.215391,AU,Australia,Oceania,Darlinghurst
Emc8s-GNQY0twWZJuJKIcQ,51.439017,7.03516,DE,Germany,Europe,Essen
HFTUeKunTp1hslH-YBZHLw,36.6715347,138.1108693,JP,Japan,Asia,Nagano-shi
trcqymJXxv6uOo0Ch3C4JA,5.297261,-3.9837834,CI,Côte d'Ivoire,Africa,Abidjan
WqzWL24RMVJ-Czq9AFsD6A,33.7512059,-84.7486588,US,United States,North America,Douglasville
3t0AT4nTYNPJiFOSiJA9dw,50.093557230463,14.438370405444,CZ,Czechia,Europe,Karlin
UtBrv-XTNGDDihpJOjfq6g,34.012122,-6.851455,MA,Morocco,Africa,Rabat
dGf7-XEL5gUZqFRKQuWfGA,19.485553,-99.13763,MX,Mexico,North America,Colonia Lindavista
7Td-IRHe0HLMiXbVIQCoWQ,50.845717973889,4.3536093736111,BE,Belgium,Europe,Brussels
Fj9UHmSp7QOXg4a6PWl2mw,36.122325,-115.171653,US,United States,North America,Paradise
t_YdEPDmqs0b0t4ymG7O0g,47.478334014304,19.044461008161,HU,Hungary,Europe,Budapest XI. keruelet
EbLr01EJlm2lm7UpEWtY1A,48.1959151,16.42071943,AT,Austria,Europe,Vienna
cTu_hIYcK96-c0mnhebXFw,47.393441666667,8.5292916666667,CH,Switzerland,Europe,Zuerich (Kreis 10) / Wipkingen
UmGGw-zVDBbuz33TB0MAPg,12.0556837,-86.20314267,NI,Nicaragua,North America,Ticuantepe
NihgCecjGbYOrZ1gDqkSKw,39.78707168,116.51203013,CN,China,Asia,Jiugong
CTqsOVqR40aM9eWYyi6G-Q,43.023551,141.492563,JP,Japan,Asia,Kitahiroshima
cc4iTpPm_ZjHsZXTbBNKlw,37.479237,139.91663,JP,Japan,Asia,Kitakata
GObE-l-BRwUxTvVAZc8VeQ,38.92019274,-76.99964182,US,United States,North America,Mount Rainier
sTiI7v5i-t-Q1iibvuYFQw,45.008780555556,-93.097297222222,US,United States,North America,Little Canada
t3TYTlhjCr6uVat23tV_Rg,4.6514085,-74.0780311,CO,Colombia,South America,Bogota
sT8OykFebX6MTBRETuNd5g,40.8867015,-73.8669317,US,United States,North America,Eastchester
r8Fz4rLob3xHngWfHhfLCg,19.3583466,98.44009,TH,Thailand,Asia,Pai
wCcIlO9zWVxr1C1lubk5pg,-33.422098762361,-70.590252131224,CL,Chile,South America,"Villa Presidente Frei, Nunoa, Santiago, Chile"
geLRohdVuxA37xlpeZu1Ng,35.275482,138.91418,JP,Japan,Asia,Gotemba
argb6-RAyelsS5E2QZowaA,35.982268,139.968952,JP,Japan,Asia,Mitsukaido
bvSGJVPKHwU9ApMiF19h_A,-41.29406085,174.77106357,NZ,New Zealand,Oceania,Wellington
u7rGBq5VXPw2nYX4_9eUKg,60.16844945,24.94095689,FI,Finland,Europe,Helsinki
5TSnqdPArjqiDqeij13lXw,34.151768,-118.668476,US,United States,North America,Hidden Hills
yjS16VRgEwMX8C7ChMZoqg,37.23608384,140.24555018,JP,Japan,Asia,Sukagawa
KAarJXhSVmX61lbQlh_o_Q,29.719599,-95.323323,US,United States,North America,Houston
B8XH9d3w-zb-8XnQJH7sgA,45.010911111111,-93.247366666667,US,United States,North America,Saint Anthony
6EOHC86CJQkOEOxNgusarw,52.550275,13.368813888889,DE,Germany,Europe,Wedding Bezirk
xvKU437PDvakAKxKLBoSnQ,52.530801388889,13.328606388889,DE,Germany,Europe,Moabit
eNgfzOkIMrTaEKua3p61bA,48.19016793,16.42219534,AT,Austria,Europe,Vienna
RqQrg01oZnik2gMp0ho1gw,54.605602,-5.932436,GB,United Kingdom,Europe,Belfast
plkmJIbWckgqYO5moLvypw,33.917278,-117.946634,US,United States,North America,La Habra
_QU1bZIX2S-bNmGZ1g0_5w,4.6968637,-74.0463595,CO,Colombia,South America,Barrio San Luis
Hw0B3x4uvOMuFnU9RANb7Q,48.19170126,16.39515416,AT,Austria,Europe,Vienna
l6IrgehmSK1pLzVEuLaveg,35.629329,139.650507,JP,Japan,Asia,Tokyo
WWX3QqemXOvbot28RaGY5w,-41.28926021,174.76272459,NZ,New Zealand,Oceania,Kelburn
9m_FiHst3cNqy28ermTdRQ,43.65236567,-79.37932656,CA,Canada,North America,Toronto
YOYnjnRGsDuKu1ohMngKRA,34.054922,-118.453557,US,United States,North America,"Westwood, Los Angeles"
rho1YzRIM10yIg60uYdYiw,56.15757,10.201594722222,DK,Denmark,Europe,Arhus
q8v6d4gPz2_nyAUwOkPLJw,41.901849,12.498321,IT,Italy,Europe,Rome
p9HmcnHl93An7OW5P3yhXA,39.77196409,-86.16995662,US,United States,North America,Indianapolis
03G8WHFnNfiJR-457i0MWQ,50.10208751075,14.397518886253,CZ,Czechia,Europe,Mala Strana
CpAP3eAPqASUs-zviqDTQA,35.025398,136.707412,JP,Japan,Asia,Yokkaichi
pZ0SzHWpOJkDahhAEiRVRA,34.911824,138.892155,JP,Japan,Asia,Heda
3ifXVNK8WDWCk-Nsk2PzqA,50.884940286025,4.3304162663854,BE,Belgium,Europe,Wemmel
2yNmHGGCqRaV2nmLD9R7NQ,-37.735199,144.9250525,AU,Australia,Oceania,Pascoe Vale
F_TfkLEgTq8F7OK0swOGuw,51.449492,6.973281,DE,Germany,Europe,Essen
O9EbzVtGttnS08lDDuqmbw,40.033657277689,-76.505009622997,US,United States,North America,Columbia
O9__2AAOv2_2rUApr7xQnw,35.965552777778,-83.936911111111,US,United States,North America,Knoxville
2N7qGdE7VKR4nCdB1bfjAA,48.190559,16.296903,AT,Austria,Europe,Vienna
8uu2wXTjzvcOZ0gvPieXkw,35.009332,138.447075,JP,Japan,Asia,Shizuoka-shi
DPe0ozTtZ0vyYo4XGk63Xw,30.399977,-97.745534,US,United States,North America,Jollyville
DtKxUPhJVOr-5uA0lWXivg,52.052885,1.1539016666667,GB,United Kingdom,Europe,Ipswich
4nBNmkRXrsQoSSqS-GbABA,34.110778,-118.128307,US,United States,North America,Alhambra
jbgoPYRIG7lHa0w-SmzaaQ,51.19888303,4.42818997,BE,Belgium,Europe,Antwerpen
Do0n2zz5mAOllXN4Efl-8A,48.203046,16.232466,AT,Austria,Europe,Purkersdorf
AXWWlOPVkVFCFEMM_yCYow,35.100296,138.871269,JP,Japan,Asia,Numazu
DkZttH4bQcdEuvW9T1m4Vg,52.366175,4.9003666666667,NL,Netherlands,Europe,Amsterdam
5GGAcRS782S64I5amICEbA,34.07117,-118.358688,US,United States,North America,West Hollywood
RbGGVhVviY7xnIiqa3QMpA,4.530403,-75.673743,CO,Colombia,South America,Armenia
k9Bv9GSPbS_LbOYZ1FxG1A,36.118148,-115.173076,US,United States,North America,Paradise
bsy6bo-8XCMbjr-Hpv7NgA,35.648537,139.788736,JP,Japan,Asia,Urayasu
ohEC9hMOrJB_bGEbd_uyyA,27.9343521,-82.2941796,US,United States,North America,Brandon
1A7QdPmmlXiILFomp2cIrw,8.278053,-62.750637,VE,"Venezuela, Bolivarian Republic of",South America,Ciudad Guayana
5tVUxw_yIzXXlwoI7TAhsw,41.898211,12.497196,IT,Italy,Europe,Rome
k_CikXm0A1ybDRWqyadFiw,43.305294,5.378971,FR,France,Europe,Marseille 03
WU51twh0yy2pDwsqNgoVtw,41.889285,12.493038,IT,Italy,Europe,Rome
LCgN1uMGIWihC87xpmqkLQ,50.850684,4.363638,BE,Belgium,Europe,Brussels
JZXD445Xd7xLVoMUe-bk5A,-12.06889472,-77.04375373,PE,Peru,South America,Lima
BeyMXSOua9W8ShhlWDgDxQ,-23.6788583,-46.6962163,BR,Brazil,South America,Diadema
DbpSraB2v0yHOyXuhiPZ5w,40.749448,-111.89391,US,United States,North America,Salt Lake City
HwI11v1vRPIFJ213SWMSpA,-27.47964875,153.00743937,AU,Australia,Oceania,Milton
t-gCLeNFovvRl9rZ51b2eQ,45.007333333333,-93.2041,US,United States,North America,Lauderdale
aqQ8bW-VUBniEiinOMqVng,51.4631919,7.0652209,DE,Germany,Europe,Essen
cW_FaIvI1Qj5URWl_n9jHA,47.26306,-1.581322,FR,France,Europe,Orvault
dUbttpbYDDyzwXbKGzP2Jg,35.646546,-97.479255,US,United States,North America,Edmond
jqMNbLC01AGBFMJyElxLjw,60.167872222222,24.955177777778,FI,Finland,Europe,Helsinki
Y4qkyYTgq8jr1jVIZyATsQ,50.849526,4.346403,BE,Belgium,Europe,Brussels
7oQBbJh4gWXcB_0iywKfPg,41.929433,-88.150343,US,United States,North America,Carol Stream
oUCJJpBlr3gaSJenow8drQ,35.103782,138.879337,JP,Japan,Asia,Numazu
HIJb677V3suM4njJlXqldw,-33.851441666667,151.03699444444,AU,Australia,Oceania,Auburn
L-fvkYDeIDe_X44tTWGvmw,-33.782632,151.04897,AU,Australia,Oceania,Carlingford
b95-3p6khyf61fWQQH37TQ,50.90332261,4.42572722,BE,Belgium,Europe,Diegem
nR-M2zUbIWJzatAuy2egrQ,10.0181068,-84.0484334,CR,Costa Rica,North America,Angeles
JyYVJ1a8CwpZHThxfm9CjA,1.438915,103.768549,MY,Malaysia,Asia,Johor Bahru
ctIsWADy9KLH6E38-DqdmQ,48.214925,16.368008333333,AT,Austria,Europe,Vienna
kBLk1dWR1ZuFPspBE9fN_w,6.6624243,-3.2694302,CI,Côte d'Ivoire,Africa,Abengourou
pZaiHvEPZAAoAmFsxoGnfg,50.062397534297,14.43817946637,CZ,Czechia,Europe,Vysehrad
lwspqN_c_t2xKV4p59JTBg,35.65131,139.685763,JP,Japan,Asia,Tokyo
Nipf3wYr1roAHe6F-9Q3oQ,51.4899587,11.9766733,DE,Germany,Europe,Halle (Saale)
QsakZZfo7SHa8hzkMRNcOQ,52.394242,4.912502,NL,Netherlands,Europe,Amsterdam
WXnPpvL-TkykQEe4wNCROA,47.71338154,-122.3276779,US,United States,North America,Shoreline
SzxDnYY3RkzDW2unyhLjZQ,46.944619,7.429777,CH,Switzerland,Europe,Bern
k-LQ3H--xkBCO7fQ2htpFA,36.148585,140.213355,JP,Japan,Asia,Ishioka
LmOVrCgVQ9XK1dpDFuBQ-A,59.29038214,17.99387307,SE,Sweden,Europe,Huddinge
Hi_SFb4VlQD2NgccJZ3Gdw,44.931219444444,-93.347341666667,US,United States,North America,Saint Louis Park
Pfm6yZRhaL2j7rrp-s2luQ,40.4372422,-79.979493,US,United States,North America,Pittsburgh
C_igFysI5e4Csic_As-gvw,59.3124592,18.099344,SE,Sweden,Europe,OEstermalm
5n5lUIEFv43tKMZfwjQ3Yg,48.830569191602,2.2569535752401,FR,France,Europe,Boulogne-Billancourt
yJvYFxLxyOYP6Ynz0rd69A,36.109218,140.177992,JP,Japan,Asia,Naka
m7BKI815UU-Lwt1thJBdpg,41.151814,-8.621125,PT,Portugal,Europe,Porto
b3fMt2CB8e8Qxq2sqpCdOw,48.43569098,-122.32659889,US,United States,North America,Mount Vernon
v6clplPm9N1ZP9J20FJCLg,52.381531074444,4.6611200272222,NL,Netherlands,Europe,Haarlem
9O8nMNQ2MBPotHuVNxKUrA,30.391917,-97.743002,US,United States,North America,Jollyville
cbkG7UrHcNBARMficcbAXg,41.880899,-87.623376,US,United States,North America,Chicago
-8EClSWhRM4FuiWdu-kbQg,-15.8232884,-48.0665954,BR,Brazil,South America,Brasilia
9VddwANq5KuyRVnn92Ho1w,1.3120068,103.8605888,SG,Singapore,Asia,Singapore
LY0LriluWO5HRDef0HizFw,-27.472462778572,153.01288575903,AU,Australia,Oceania,Milton
b1xjGf2BLPT8en729Vlh4A,1.308447,103.84709,SG,Singapore,Asia,Singapore
Acgmd_fS0inNJejK8GaKrA,45.420764768945,-75.693700948463,CA,Canada,North America,Ottawa
YgWDitZG9fdrr-afvyL6Ng,35.810886111111,-83.949094444444,US,United States,North America,Eagleton Village
dL_JtPB9HU6zjsuqDc_q_A,36.286674,-115.133022,US,United States,North America,Nellis Air Force Base
7eQC6cmwye8z3X-3uNkHqQ,52.36628,4.969395,NL,Netherlands,Europe,Diemen
VzKhfCIQMewZ5vLLQcXTDQ,-34.4156825,-58.7058335,AR,Argentina,South America,Santa Catalina - Dique Lujan
uX1adlOH33QHOr4JO1kUMg,39.290163,-76.627053,US,United States,North America,Baltimore
ymG6Fpg8PHCQz57OWGleNg,35.159614,138.899541,JP,Japan,Asia,Mishima
gykooe6nl27l1vAn0_U8PQ,46.96315226,7.4753843,CH,Switzerland,Europe,Bolligen
deSMyJMthmom-GeQoFqfRA,-27.426519,152.948827,AU,Australia,Oceania,Ferny Hills
dcMvp99SfUhHAaiFXNVEnQ,-41.29583168,174.77200282,NZ,New Zealand,Oceania,Wellington
4Nh4VMi1mpwtnsVRFsy-ug,55.682119,12.569579,DK,Denmark,Europe,Copenhagen
htddmV-UvepimKbYfyZ50Q,-41.4407258125,147.132433955,AU,Australia,Oceania,Launceston
4xuhjVKC3sY1dLw1gYpeNw,-22.91038484,-43.21622144,BR,Brazil,South America,Rio de Janeiro
cswyQO7zfszKmoH6bJUXdg,50.863748333333,4.6933533333333,BE,Belgium,Europe,Leuven
zr9fEG-8Y7Vuu8CGJui1fw,-27.455988,153.038521,AU,Australia,Oceania,Fortitude Valley
pkGgNQ3XgGqrLKy7eyOLKw,4.9014813888889,114.90496138889,BN,Brunei Darussalam,Asia,Bandar Seri Begawan
Ln9gWhkW_sVmxIRy3QTD8Q,50.06466787,14.43667353,CZ,Czechia,Europe,Vysehrad
-dAOMfHl0E3yJRnok3UrWw,39.86724447,116.42422839,CN,China,Asia,Longtan
5PG7WbW9GgsvU_lCqbh_iQ,55.869782,-4.262477,GB,United Kingdom,Europe,Glasgow
4A-hiJxtjUQcKJh1AGOCvQ,41.154656,-8.62696,PT,Portugal,Europe,Porto
_rjKXWZmKXyYNMxw9YTN6Q,51.351988888889,12.286986111111,DE,Germany,Europe,Schkeuditz
1jHwftGETz48sqrKKEoYwA,48.863032,2.366757,FR,France,Europe,Paris
GGcHU7xAjUJWkVmgFJkQ_g,51.5726897,0.0151534,GB,United Kingdom,Europe,Woodford Green
fbhgoz638HlccalSZ4axfA,48.860321,2.388474,FR,France,Europe,Bagnolet
OO-NWqP9ikQUPASG784fpg,50.443219444444,30.520877777778,UA,Ukraine,Europe,Kiev
Pb4yrrW-G6PbHfoHgTVASg,52.371755,4.911116,NL,Netherlands,Europe,Amsterdam
s8W9lK-4ybL0PbZTevwKjg,18.839886666667,98.974635,TH,Thailand,Asia,Chiang Mai
q4kRMKpsizEnIsjrCsVTuQ,52.410592,13.057187,DE,Germany,Europe,Potsdam
jQM7kQVHF1o4oa2Wy4mQUA,8.96632616,-79.53380272,PA,Panama,North America,Ancon
tGte7bRDHoPV1BQBkniA7g,-33.900536111111,151.26276111111,AU,Australia,Oceania,Bronte
Z1PU2NJqlM1CDFUXTamDeg,51.353336111111,12.283027777778,DE,Germany,Europe,Schkeuditz
CJtG4w-E1naeZhMZucUhrw,52.348268,4.971116,NL,Netherlands,Europe,Diemen
04_G_l3AleUQWBSJ4_R8Hw,40.706071388889,-74.017913055556,US,United States,North America,New York City
GkT0AExv_h4_iwavp-A7xQ,50.06212556,14.43453043,CZ,Czechia,Europe,Vysehrad
qasHjQYdEgECLMbSRFY0vw,35.002104369722,138.4358043875,JP,Japan,Asia,Shizuoka-shi
yZ1_xOcUAQtlI4zaE6SfpA,45.49652285,-73.56752387,CA,Canada,North America,Montreal
WCxJL0swuzLMkmV7imHkhQ,-37.744605555556,144.99760277778,AU,Australia,Oceania,Thornbury
d-Bb8kFEq_6OpzVkLHd1eQ,43.661055,7.154965,FR,France,Europe,Cagnes-sur-Mer
6CeIb6tFsaPYD-BbdO4DFA,40.461884,-79.924448,US,United States,North America,Bloomfield
V66giGDijtA8-v10fkktlw,48.20363978,16.38947469,AT,Austria,Europe,Vienna
N3drcfxmN_gtLwSqpPiMrw,55.945711111111,-3.2074888888889,GB,United Kingdom,Europe,Edinburgh
m7rxJx_EZGK0Y8v4TjsfpQ,35.120269,138.949428,JP,Japan,Asia,Mishima
Zs5k0h3HF7r4uPvs7-ANIQ,-34.590216,-58.400588,AR,Argentina,South America,Retiro
PrxQO5pWv0AEfP_JTkKJzw,35.138426,138.883261,JP,Japan,Asia,Mishima
3DSbhz52_scrbnemn2dqEA,29.43923615,-98.48051231,US,United States,North America,San Antonio
PT-8MGICQC_VUCok-QK9YA,44.939136111111,-93.19255,US,United States,North America,Falcon Heights
-BqO16ocxK46wM5W-QCE_A,47.566805,38.870008,RU,Russian Federation,Europe,Matveyev Kurgan
cBMSv5pcBaPtDPIGNzEPCQ,51.5183,-0.136121,GB,United Kingdom,Europe,London
TUqWbWegntC0dtd_QxKQTw,38.13533883,13.34147453,IT,Italy,Europe,Palermo
8e3k3ur_uBcV_d5FemJljA,55.860355,-4.26507,GB,United Kingdom,Europe,Glasgow
GD1E6yt1E1qse7ux2z17Dw,37.729657,140.40332,JP,Japan,Asia,Fukushima-shi
A8-kLG58YAnBZTxiriVbOw,42.03461467,-87.86742612,US,United States,North America,Des Plaines
QJE9WIDP1eb94S1ptGNVMA,37.639638055556,-122.44034638889,US,United States,North America,San Bruno
lMSe3kVwEV7QwGhwDtpAIw,47.623157212659,-122.35535450603,US,United States,North America,Seattle
Kr-aDBpicZCL3m6bb627uw,34.95581517,135.76851556,JP,Japan,Asia,Muko
QUhrBmxaO3UhnZrpjDawLQ,-27.457481,152.985701,AU,Australia,Oceania,Milton
-J48Mok3W-uXxpG-eCuECQ,42.375274,-83.051931,US,United States,North America,Hamtramck
SUyQGmi5etZIr2QXcK6mIw,51.33942211,12.3744395,DE,Germany,Europe,Leipzig
dRbPYEKm5UyDf4numgoQjA,51.4652488,7.0135787,DE,Germany,Europe,Essen
gWeH8jH5bB79_noZcSYO7A,47.7022353,-122.3554028,US,United States,North America,Shoreline
7Hv4Rwgm0SkJnW_LgzXxxA,59.944866666667,30.302933333333,RU,Russian Federation,Europe,Saint Petersburg
2vV6G5p83lk0xmQWhmivqg,43.643605555556,-79.369369444444,CA,Canada,North America,Toronto
u5qXPXDeEskI_rfMWYGLUA,42.378006,-71.067649,US,United States,North America,Boston
ItAEvN2INIXrXUPCmMjZHA,49.8672975,8.6786905,DE,Germany,Europe,Darmstadt
tYfCpyfXo6-XTG0inQzejg,52.495334,13.36539,DE,Germany,Europe,Berlin Schoeneberg
t5x26zSUOSo2fz-bVM6GgA,51.488688888889,-0.12912777777778,GB,United Kingdom,Europe,City of Westminster
qm1I1LG3z0jSpBb1zM5h4Q,35.983493,139.980405,JP,Japan,Asia,Mitsukaido
NWO9G-eopJQsxCt7TpDDTA,53.36081063,-6.272987830033,IE,Ireland,Europe,Glasnevin
e_TIF0jX54wQmE9UQ9PyiQ,-41.10274743,175.09260431,NZ,New Zealand,Oceania,Upper Hutt
1PSy5MMVycVWPxHmji2yYw,35.358721,139.10867,JP,Japan,Asia,Odawara
I8iDK5gPn6ojhI-06NL2DQ,45.419702777778,9.2704805555556,IT,Italy,Europe,San Donato Milanese
UK7t19FMgwvNeluFwy3tOw,10.75255528,106.68010264,VN,Viet Nam,Asia,Quan Nam
6QCP5uPusF7XVyZEDFpNeQ,39.906557772918,116.44338522625,CN,China,Asia,Chaowai
fnISe7CNyWnBPO61T-jrGw,52.474936111111,13.366533333333,DE,Germany,Europe,Schoneberg Bezirk
bve3QXhQVNYwMBObNXAgVg,35.068014,138.243063,JP,Japan,Asia,Shizuoka-shi
upIUgtpp0gn07-TCd7oSkA,50.89408911644,4.4718429944372,BE,Belgium,Europe,Zaventem
GGiq_MPNIPzvC2RTlXHs7A,39.673217,-78.725239,US,United States,North America,Cumberland
fTQpxAOqzHXc6NH54wpFIA,35.468677,139.691712,JP,Japan,Asia,Yokohama
3q1Jjxo0CxZUWMiA-_wr-A,9.6943265663889,-13.505780780556,GN,Guinea,Africa,Dubreka
DTJQ5jNrIZcaoe7bfwqBdQ,43.661202777778,-79.358305555556,CA,Canada,North America,Toronto
pIMzxN0TUfhLVAJ-06x3zw,51.892925,0.917616,GB,United Kingdom,Europe,Colchester
6hTn8EfSedZPWmE4dZwbrA,40.03137584,115.85291837,CN,China,Asia,Yanchi
ZHUVI7AEQVCXwCARVmy8Vw,63.435341909693,10.400234609842,NO,Norway,Europe,Trondheim
RKZhNWB_SNvdxi-9HvsDuA,52.02301,4.352258,NL,Netherlands,Europe,Delft
2W533tZXMbsCv6cSnSHu-g,35.780839,138.417801,JP,Japan,Asia,Nirasaki
mrTQneKeheEGCMXqEX62bg,55.860697,-4.251606,GB,United Kingdom,Europe,Glasgow
5uQuMy5kfp9N48p0ZjJYCA,51.189666,0.270046,GB,United Kingdom,Europe,Tonbridge
kQNkFYUfs2C_C-zX69LCAg,36.8203134,138.194684,JP,Japan,Asia,Nagano-shi
WS-1OQIPawmS6xy_t0cM1w,35.072074,138.24635,JP,Japan,Asia,Shizuoka-shi
F0a-qBNUXh1JUn_8uP-oGg,-41.466730956522,147.15990964468,AU,Australia,Oceania,East Launceston
D4VY4Gjk8scPkgukVRTStA,59.31754021,18.08018343,SE,Sweden,Europe,Stockholm
Dn-y43f0xR9z8b2XPxyaXw,36.649498,138.1876674,JP,Japan,Asia,Nagano-shi
WASGtTzJC3sHNKo88aF6og,50.087661,14.432442,CZ,Czechia,Europe,Prague
n5Qnc7F9m8X5FdkHwrYKMg,35.085782,138.853317,JP,Japan,Asia,Numazu
cFGeUWsHAeFBvWaJj9hlrA,52.45465237,13.38412862,DE,Germany,Europe,Mariendorf
DL6RBxuTxAlgVVdAucmd4g,40.717509,-74.003637,US,United States,North America,New York City
KXEHq_U3rv3f04hYtX0dPw,47.7035554,-122.3553909,US,United States,North America,Shoreline
TqK7TZrpNgg83gddWUgP9g,33.520566666667,-86.808211111111,US,United States,North America,Birmingham
4GqS-lHfeI5-qHY9i8Hi5A,60.1690313,24.9280868,FI,Finland,Europe,Helsinki
zsIBpeFtziYqxea7vpKcqg,25.0900804,55.175721,AE,United Arab Emirates,Asia,Dubai
nkvE2kbUewXD-BaOXxIRmQ,51.327935,12.379731,DE,Germany,Europe,Leipzig
V7mE9UIDgzvpPGa4Bb7NCA,41.89491,-87.632896,US,United States,North America,Chicago
D3jgRVI9_t7JdNREPphTPQ,50.087189019678,14.421279906403,CZ,Czechia,Europe,Prague
YLkLV1MOGx8SIDvtgt2ivg,9.9502223872337,-84.111339443759,CR,Costa Rica,North America,Colima
v2XSpSateiSSoPeKfsX32g,35.672989,139.783618,JP,Japan,Asia,Tokyo
1iYZsYuhlHRE69nq5EwgCw,37.46059722,139.84297594,JP,Japan,Asia,Kitakata
1paWmvpewDdGYC1-UXnuEw,34.77230647197,138.15995612656,JP,Japan,Asia,Shimada
TdR8TopSnXaZp6ssr9cgaw,-41.28838093,174.77622352,NZ,New Zealand,Oceania,Wellington
0tysbnnKZGOk-SyzweASaA,35.664419,139.784795,JP,Japan,Asia,Tokyo
CAmNpoWxo_JPCfFdvyxUPA,35.6569,139.73694,JP,Japan,Asia,Tokyo
1N-SJtwhVhjLta1kvKxZjA,50.075729,14.413438,CZ,Czechia,Europe,Vysehrad
VwMqyayhdIrBfncFEelnXQ,4.213561,101.269576,MY,Malaysia,Asia,Tapah Road
Ct1qWBDWUkQzPdKbZEPitw,59.9620177,10.35745297,NO,Norway,Europe,Skui
uLAiWb5tHCDoz3ehHqRD8g,35.11383,136.922112,JP,Japan,Asia,Nagoya-shi
C9okLlRO_nMVUESpEVqv4Q,51.51558,-0.128361,GB,United Kingdom,Europe,London
32xrqCT0JaOr0z_gtds9IA,22.28105,114.16177833333,HK,Hong Kong,Asia,Central
LDlwXDrUUtenZkhT9dZsVg,-34.179198327474,-58.965936284512,AR,Argentina,South America,Campana
Qb2n9Un28fRQKbbhQkIWxg,47.648838,-122.332168,US,United States,North America,Seattle
tCNulcjw4EJk0oRIRVZIKw,35.667728,139.772173,JP,Japan,Asia,Tokyo
_NgvyOSi4ncB1HfnV5s5mQ,-33.807489,151.199347,AU,Australia,Oceania,St Leonards
ScGdKuNGmuio0mucMR1gew,36.170885,140.251758,JP,Japan,Asia,Ishioka
MQiqCRa0WEFsCoTxKCuUjA,25.1455456,55.2304038,AE,United Arab Emirates,Asia,Dubai
fH9dZFg0d3-5ghlJTbKI0A,22.275881666667,114.17028,HK,Hong Kong,Asia,Wan Chai
W7jy9crnQtjyQPODeY0CBg,35.664383,139.798952,JP,Japan,Asia,Urayasu
Tp8YwUhqQarEneXQRgoxdw,22.278322,114.164982,HK,Hong Kong,Asia,Central
qCP8PfiyUmm4CnRVa-ZJ9g,50.85380854,4.36889314,BE,Belgium,Europe,Brussels
N_w_IkcIqX1723_WpfGSTw,34.729819141244,138.22815590667,JP,Japan,Asia,Sagara
9RzzgOh-RdXuKcAh0UEQBw,29.66294331,-98.44998773,US,United States,North America,Timberwood Park
RZVEcj9XmllKOH19NZTChg,50.896097222222,6.0588083333333,NL,Netherlands,Europe,Kerkrade
sFaHgaoOpwn1boDmctASSA,59.88756995,10.5241615,NO,Norway,Europe,Sandvika
DLkzYTAslw8m-dsCkUJezg,43.324922222222,-80.206344444444,CA,Canada,North America,Cambridge
tAn17jIt6Wy4pkMcyvJGEg,39.00454243,-76.98097863,US,United States,North America,Adelphi
rtR_DSMHEsP7I6nuJ6INIA,55.953058333333,-3.1889888888889,GB,United Kingdom,Europe,Edinburgh
r3AwqUTIOsIDRtuUmeLffQ,39.797421013936,-86.144684627652,US,United States,North America,Indianapolis
3eebGhMDYl-xpu_imGfvZg,40.768262,-111.886928,US,United States,North America,Salt Lake City
Ll5jkJovT840SGUB7vVhwQ,40.708156388889,-74.40488,US,United States,North America,New Providence
Q10sbuD6txwHJCbp1P-grA,48.795281,-122.489975,US,United States,North America,Bellingham
qfSFbTxOvKlAzW0Rg2OurA,49.155467,-123.123544,CA,Canada,North America,Richmond
We3m55yJEo2vEbv-BksKqQ,41.45158617,2.22766119,ES,Spain,Europe,Llefia
01K7_mKL1Iw48p79HLKb8g,40.755319576667,-73.996690185556,US,United States,North America,Weehawken
6TZ8dFfj2bRsH7vRoxX7Bg,8.269337,-62.746153,VE,"Venezuela, Bolivarian Republic of",South America,Ciudad Guayana
eraEZvcNhtQ5B26hWhw5jg,50.79024279,4.29325257,BE,Belgium,Europe,Drogenbos
YQonW9awgLsEX5RAgShLQg,35.663689,139.763722,JP,Japan,Asia,Tokyo
9eQEuKjdNCT9D6vO-Rjv8Q,14.77299928,-17.37455277,SN,Senegal,Africa,Pikine
tpdTw2oREqnIbY_zpVaIfA,51.50930713,-0.08734021,GB,United Kingdom,Europe,City of London
kkKHa_VjD3_3DnJuyburIA,-33.90482742,151.19079631,AU,Australia,Oceania,Alexandria
-WGjIIQiy4C3-MXHlEuQ3A,35.655799,139.78104,JP,Japan,Asia,Tokyo
Urgy1asyPulYF5zUuAQC7Q,-34.842233,138.5073603,AU,Australia,Oceania,Birkenhead
YjTeChuCGc9XPeRHtcGJkg,51.458536,7.052585,DE,Germany,Europe,Essen
oINwv5Ifz1JdxVwggvcB2g,-16.539268,-68.078746,BO,"Bolivia, Plurinational State of",South America,La Paz
WrLCrIyfAN9C8FML_SAIEw,53.513684081845,-2.2667951881886,GB,United Kingdom,Europe,Crumpsall
E-QLLpthb9AThBg_JcPeuQ,25.75223728,-80.20129028,US,United States,North America,Miami
Yf6meazfpq-vgctzobW89A,47.5976858,-122.3354595,US,United States,North America,Seattle
LtnoAPI8XgDMj_qB4SNzjw,38.906747,-77.249882,US,United States,North America,Vienna
yW_teOs6xYUE-Vw1Iw1szQ,49.46221914,8.22913575,DE,Germany,Europe,Friedelsheim
h6P3KbWfI7LpQmYVjrDWzg,47.609058540651,-122.33963871555,US,United States,North America,Seattle
eQQWshQ2RFdV1h09wGA-0Q,33.523706388889,-112.06814638889,US,United States,North America,Phoenix
8E1WyZOQ8blrZXWLEyhvKQ,39.77701783,-86.16975971,US,United States,North America,Indianapolis
jvMM5T282MijvDGTMZxwgQ,33.5531563,-112.0561894,US,United States,North America,Phoenix
d2Ev_vy9Yqv_q-LwjQaeew,34.98529342,138.50231131,JP,Japan,Asia,Shizuoka-shi
C-KJRS0ua-1Lw0Aydn1_Rw,38.90708946,-77.06525917,US,United States,North America,"Washington, D.C."
JAIBVfE2BkzkBlE-Oaaa-g,48.19186865,16.39484466,AT,Austria,Europe,Vienna
FnI1BO0UYUe-qd76iE1XPQ,-27.464083466905,153.01433537684,AU,Australia,Oceania,Spring Hill
3CgY3cuFhqMvD0vavDTlcQ,15.74253219,79.27409706,IN,India,Asia,Markapur
DLgfk3LRDYC8zFsoF21efw,50.083993910836,14.424205772116,CZ,Czechia,Europe,Stare Mesto
Jfg3mQWuZM6Px956sLk2iQ,36.7180386,138.0850568,JP,Japan,Asia,Nagano-shi
vix8-iLTjonWXn4XGbzKew,41.9176,12.467125,VA,Holy See (Vatican City State),Europe,Vatican City
_lgpVdJ3PqCAqltowChqFw,34.965089,136.617999,JP,Japan,Asia,Yokkaichi
l5cIDEWDeRc7hPni4SWy-A,51.521199,-0.18074,GB,United Kingdom,Europe,Bayswater
ksB9zMjxM5B78OGwW0w0Ng,13.742858636944,100.56347988528,TH,Thailand,Asia,Watthana
jfz18bZertzB16M8qGG0RQ,42.358943,-71.056452,US,United States,North America,Boston
JEKSJplB1y6lztmGVkRqLA,39.83076888,116.40997767,CN,China,Asia,Dahongmen
SjPD5HWibY5cAtqrOf9M_Q,51.522281666667,-0.114,GB,United Kingdom,Europe,Clerkenwell
vajULBTdHVs47boBCdWEow,47.6869322,-122.3761775,US,United States,North America,Shoreline
FJlm-25t8nycQkdjfWg5FQ,55.757605,12.563525,DK,Denmark,Europe,Charlottenlund
-u6PJ_fD35FU4GGwYMry2A,-6.8179277777778,39.284902777778,TZ,"Tanzania, United Republic of",Africa,Dar es Salaam
pwneTZXa01H-RpplizODKg,-23.09399955,-47.2250832,BR,Brazil,South America,Indaiatuba
a7iT85PJ7GrWTf8hs0ZMqw,48.1958217,16.38658353,AT,Austria,Europe,Vienna
T3Zn_5-mWPvLlAoQn2dw2w,50.091531,14.434036,CZ,Czechia,Europe,Karlin
PzsnseWxQhRVJx4IjPFa8A,37.659998055556,-122.40859138889,US,United States,North America,South San Francisco
-3WWvMk6i1YgKC9ECG2HEA,28.6279085,77.2430852,IN,India,Asia,New Delhi
_xUhCgyy1JnifYPlSbee2w,47.410558333333,8.5380833333333,CH,Switzerland,Europe,Zuerich (Kreis 11) / Oerlikon
jIVGBSFUF8KdQKCKTpy6NA,37.786104,-122.423765,US,United States,North America,San Francisco
vxh2HdAtKugUh1dm_4g2rQ,51.511019468307,-0.092681050300598,GB,United Kingdom,Europe,City of London
aJXoEZ5EFM5n2tXY-sstlg,43.64853649993,-79.377399,CA,Canada,North America,Toronto
SJfVE35OVZELsA7G76cWvw,49.258412,-123.138747,CA,Canada,North America,Vancouver
RcnEbUmPCx7jpaEJLHNh2w,47.386484110459,8.5183973251563,CH,Switzerland,Europe,Zuerich (Kreis 5)
nIMUeuXNhuurEgoi--2bKw,60.15770382,24.93370573,FI,Finland,Europe,Helsinki
vOn_ZBFheVPD7HL6--fJ6w,25.0541366,55.168806,AE,United Arab Emirates,Asia,Dubai
uM-WSh2G7JbuYiWBblBz9A,35.670367,139.774374,JP,Japan,Asia,Tokyo
nuxIpH5yU-hiXIk17y0M6Q,-43.534074,172.639359,NZ,New Zealand,Oceania,Christchurch
dXJL_tJK2Raoi8lvv4OHeg,13.751961635278,100.55400716139,TH,Thailand,Asia,Din Daeng
i2Cl9jb8QV2EZV9fDKD1sw,59.332261,18.0511822,SE,Sweden,Europe,Stockholm
-mB0TstV0eFGU-qpHbMdDw,52.513075,13.196161111111,DE,Germany,Europe,Wilhelmstadt
7-m-p2b2zUfr3LYCMQTF4Q,48.84892,2.405451,FR,France,Europe,Saint-Mande
D-b9O13QXsLAS9oiQf4_aQ,35.042611,136.993824,JP,Japan,Asia,Obu
Wrd7zn9VPhkuU8cTo3M-9w,53.585109,10.078363,DE,Germany,Europe,Marienthal
dUcawia-4GcphmKlBDyvGw,35.09017,138.850077,JP,Japan,Asia,Numazu
bRoJvJ9aBXB1sIfxitUaRQ,55.1567436,-1.6766696,GB,United Kingdom,Europe,Morpeth
ImkJ6D7d-uGne7mkqOQnSg,41.9038155,12.5099659,IT,Italy,Europe,Rome
8U_CnBKoUS1JV2D0vsV3mA,48.862277,2.319955,FR,France,Europe,Paris
PvEC3xMuM6QiThzlGK2pMA,55.825655,37.63402,RU,Russian Federation,Europe,Ostankinskiy
qCUK27wjE7OexMQHwdJnzg,40.721499722222,-73.983853055556,US,United States,North America,New York City
BcMLCD26tWOkG_3JdG0L7g,47.005952,-120.539598,US,United States,North America,Ellensburg
lkQ2UPsNjSf-S5a9G6N3Aw,43.309394,5.369096,FR,France,Europe,Marseille 03
e1hzbEP97kyTBgcBKiOe3w,34.95504304,135.76839125,JP,Japan,Asia,Muko
Ai9kbTGQVMi3CJ2SNTLjbA,50.891523897431,4.3353189099631,BE,Belgium,Europe,Bever
NQe-Pp-J-rvY9WUC9kcU6A,51.535885389998,-0.73879837999648,GB,United Kingdom,Europe,Maidenhead
0a5QmgHLgOqpkxexLef5sQ,47.502215,19.038911,HU,Hungary,Europe,Budapest
oPsAHSshAjAfSeCUK39alw,-12.072217,-77.06912,PE,Peru,South America,San Isidro
rLCEvnzOl_LlWrQ2swW--g,39.77783791,116.54670682,CN,China,Asia,Jiugong
vrKdEeCF9UPZh1HBfrC_Gw,40.437723,-3.683847,ES,Spain,Europe,Salamanca
J4grIR_M6Xabwl0MTYOCfg,50.948352704051,4.0442293862378,BE,Belgium,Europe,Aalst
S60750asZK23Axz8DlPYKg,-34.95007268,138.57166858,AU,Australia,Oceania,Forestville
gHWsQgXJBk_jh1gxEdV06g,52.22921282,21.01231735,PL,Poland,Europe,Warsaw
MEXSi09FB48fnEAqpXLNGA,4.537383,-75.672007,CO,Colombia,South America,Armenia
ggh4E8X-Njyg7FmFGE1LNQ,44.934322222222,-93.262525,US,United States,North America,Minneapolis
yNOVVPxdcBgF-aciAKK7Ag,52.044927860008,4.4052462146273,NL,Netherlands,Europe,Pijnacker
uO7MoDwdskU-_coepkC0jQ,36.203455,140.263615,JP,Japan,Asia,Ishioka
z8SQH2eF9_jpXdSIploxTg,26.234559,127.733756,JP,Japan,Asia,Ginowan
uPilK9r1du2HkjOHTNopRg,-34.83391758,138.54604929,AU,Australia,Oceania,Alberton
D9eKuGEMAfS10_NPNFU0Gw,45.56262419,11.5646478,IT,Italy,Europe,Vicenza
EOYH5ULSWbrO30m265lF8Q,50.1236202,14.5093987,CZ,Czechia,Europe,Prosek
lSmIj0_6bU51P0-Z3p-dCg,25.205711,55.252761,AE,United Arab Emirates,Asia,Dubai
7h8HQkxirNgUw4lpOSDH2w,24.84309438,121.01612218,TW,"Taiwan, Province of China",Asia,Zhubei
rut7LpiiMo4gY3JNDM9jLw,56.98693443,24.22190771,LV,Latvia,Europe,Jaunciems
9Mh8UxbHlAtm3C98-p0NqA,34.975732,138.367226,JP,Japan,Asia,Shizuoka-shi
w9oHSTtTZsskdpLAuQL1eQ,60.1615405,24.89301572,FI,Finland,Europe,Helsinki
jYzFghtLPmtgedmVb6k1mg,4.530306,-75.680997,CO,Colombia,South America,Armenia
QpUqknrYylh3GEmUniA2qQ,35.927403,139.96095,JP,Japan,Asia,Moriya
Sp0wNWlaRaKpnC80rdaUdA,50.4427437,30.520665,UA,Ukraine,Europe,Kiev
xTWRv8DzzNA_RFnadVdl-g,35.141836972778,138.51852977639,JP,Japan,Asia,Fujinomiya
4rEOHXD8dnJwWUudFrw2wQ,35.250246,139.024979,JP,Japan,Asia,Hakone
xeMkVLPzp4EkpCPFrDTSfA,50.091106,14.431743,CZ,Czechia,Europe,Prague
RLCQeZoyi1qeimRxMUZRdA,34.757281858333,137.997922115,JP,Japan,Asia,Kakegawa
0WsBRyikf-HoBsRxJmgo6g,43.65266789,-79.39780643,CA,Canada,North America,Toronto
xWOkUdE3vS3xRGoYIL9Jvg,43.299143,5.371473,FR,France,Europe,Marseille 02
wRYzfTc5_BH--VQd0_19DQ,-27.416265,152.980092,AU,Australia,Oceania,Everton Park
iYV5YZyXtG6xpPTOuQ0bEQ,39.287534,-76.62835,US,United States,North America,Baltimore
8NVYED-0LVuJtgLjTT34cg,37.131969,140.148163,JP,Japan,Asia,Kuroiso
_HWB7Z8brcdtkgLjH99NWQ,55.940649,-3.1859910000001,GB,United Kingdom,Europe,Edinburgh
1S5dk82Kz6LuXJed4xXfqA,53.476075,-2.242447,GB,United Kingdom,Europe,Manchester
VLf8E5p8Cc3k8ts2GMP_EQ,30.270103,-97.742189,US,United States,North America,Austin
GAkFqa5b2K_lMZGgZc61cg,59.324135171818,18.075261712074,SE,Sweden,Europe,Stockholm
he84DQgZ_xHcnx9iGUjPmA,50.026223673253,14.431782161328,CZ,Czechia,Europe,Hodkovicky
gB6osC0HE93g5AoDYmXrFg,36.210625,140.272778,JP,Japan,Asia,Ishioka
6q2_pdsbQVHreaGouefyTQ,47.60789278,-122.34241437,US,United States,North America,Seattle
iRMw-9j9O3NkLh2GDG90hw,-6.8054183,39.25191,TZ,"Tanzania, United Republic of",Africa,Magomeni
KqHfJksOIoOwaNjRN5vsSA,48.207293519972,16.380175209962,AT,Austria,Europe,Vienna
gDXft25HkbZqZAd7r8GV-Q,55.945819,-3.186519,GB,United Kingdom,Europe,Edinburgh
S-7EI4T27Xp6wnZjBqmaaA,40.72305763,-73.99493733,US,United States,North America,New York City
0RZMU0W1gc4CUjH05Dwo_w,55.029747281201,-2.157449321801,GB,United Kingdom,Europe,Wall
mXBrbLC-6Qzv63jS56mEtw,51.886955,0.894525,GB,United Kingdom,Europe,Colchester
8jsibK7KbNkwy-ZPza5mcw,29.78428045,-95.54003614,US,United States,North America,Bunker Hill Village
V826FrkEqzF-UB2Y8pbP7w,37.5651577,126.9238413,KR,"Korea, Republic of",Asia,Seoul
wsLoawSyyke2PBstSjv1sw,22.318686666667,114.16961333333,HK,Hong Kong,Asia,Kowloon
zbLtbvIMandxYcmoLmiqWg,50.1192047,14.5006565,CZ,Czechia,Europe,Prosek
RKICieN8CRLq8yUG2Q_qug,47.507895017043,19.08366358839,HU,Hungary,Europe,Budapest VII. keruelet
APhsW82rFCIV5Z866r1I2A,34.971118,138.368804,JP,Japan,Asia,Shizuoka-shi
1ReO2qYXBTxdHVFn1gF2Ww,60.658377,8.69998,NO,Norway,Europe,Al
_OCim_0rKHtNRox7SftGSQ,49.26606451,-123.25076766,CA,Canada,North America,West End
_4vp3hgxo-OBG9fVPdVgHA,34.9638464,135.7263923,JP,Japan,Asia,Muko
700Ud5Q3LknOc54CkOzQlQ,43.65137271,-79.36012835,CA,Canada,North America,Toronto
ZYz3W4lkMVSl1G3Dq2pv-A,52.391888888889,13.034047222222,DE,Germany,Europe,Potsdam
uu03s39HotrIojDw98AGQQ,47.511333,8.593881,CH,Switzerland,Europe,Embrach / Kellersacker
WKdRfHm10O-gguVjLWtGUQ,35.649575,139.682315,JP,Japan,Asia,Tokyo
4MlwXVsvTVFs_6z4YUTPAg,19.432569,-99.177702,MX,Mexico,North America,Miguel Hidalgo
o_rplaDrPiMYVuEk4rSb4Q,37.7872,-122.43202777778,US,United States,North America,San Francisco
ptHPjecWaI_ma67iffuZYQ,34.090751,-118.370054,US,United States,North America,West Hollywood
lufCwHXS9PAJH8vpCkrsag,52.324616666667,4.9592277777778,NL,Netherlands,Europe,Diemen
_pgWRnXGQW2un3B-sw3z5A,40.4882525,-3.68851,ES,Spain,Europe,Pinar de Chamartin
jnWsWM3fzz-MH3O2R0jQ7A,56.109777777778,-3.1558694444444,GB,United Kingdom,Europe,Kirkcaldy
Dj8rM4gqy2B8F8YrCAqnnQ,41.42186329,2.20507721,ES,Spain,Europe,Sant Marti
D0TJeOa_pMp5RRJPqh75cQ,41.39724454,2.16005919,ES,Spain,Europe,Gracia
oIYuhZQlmMf9V8mMRNlYNQ,34.989667,138.416193,JP,Japan,Asia,Shizuoka-shi
g2enkrmsKYmm_CARYCa-ww,39.929672,-75.168651,US,United States,North America,Philadelphia
VzMAeiCc19TQHsYrxx_qGw,12.13562215,-86.27884371,NI,Nicaragua,North America,Managua
wDw2LUzflBZoJU8t9hR69w,50.0616032,14.49657565,CZ,Czechia,Europe,Liben
BD4g6qTfhITZ9GECSycQ9A,4.537795,-75.671576,CO,Colombia,South America,Armenia
66cR3Dk1cp3DxLvXwheg_Q,36.734433,139.692114,JP,Japan,Asia,Imaichi
3S7_XWRmw5UFHxJKsLxA9A,33.93437264,-84.55897787,US,United States,North America,Marietta
eNgVV-Wiqe-MgGTz71qwug,29.6185309,-98.63680483,US,United States,North America,Cross Mountain
cr12BA6YHzwZfuUhtA1GIQ,51.767557,0.068673,GB,United Kingdom,Europe,Roydon
8Lv_IK24IA3WDBzY-R85SQ,-34.92572465,138.60452161,AU,Australia,Oceania,Adelaide
zcI5SCR_LQqV540FaJZGOg,-33.470166,-70.688339,CL,Chile,South America,Santiago
P_dpMnWTPon3KYSHf7LnTg,39.361344,-76.746542,US,United States,North America,Milford Mill
0mAdv8Pz49ERExTYyPzi9w,37.835188,140.815614,JP,Japan,Asia,Marumori
7AtLlr_xSjx73lfa0VOgmw,29.50469568,-98.55003666,US,United States,North America,Balcones Heights
uL4qvmWELPo_JrLcRoxZOw,53.480748,-2.247666,GB,United Kingdom,Europe,Manchester
GAWEUniinPTO13e7EvphIA,37.515424,139.901629,JP,Japan,Asia,Kitakata
mxjkOEAxDS6Zhyn55wR5kA,36.073483,140.219843,JP,Japan,Asia,Ami
__mcuCxPdWr9uat9bFikyg,35.658807,139.790257,JP,Japan,Asia,Urayasu
_GVmoZCilMTTsWoEj96B8Q,44.934233333333,-93.262494444444,US,United States,North America,Minneapolis
naN6fFS5WZ6j-jZYm_0GMQ,-15.812269,-48.058493,BR,Brazil,South America,Brasilia
bZHp5w3WwghNf1Csgv3Bfg,41.890424,12.494462,IT,Italy,Europe,Rome
38yvbwEPPc2k1gxUhdwh9Q,35.105363,138.858275,JP,Japan,Asia,Numazu
OyBOqykDvIYDRvYtCc2p8A,42.365371,-71.061242,US,United States,North America,Boston
IWwbmES2CMNIEkpceF-pxA,-33.87668,151.226689,AU,Australia,Oceania,Darlinghurst
lRsfZ_K_N-4An-7TLXCGqQ,37.404431,-5.987024,ES,Spain,Europe,Sevilla
JpvhHXoqvjNCXEHfVyn6Jw,36.9430254,138.2132869,JP,Japan,Asia,Arai
WU9A0U0HQtWO-16j-gL8_Q,35.655765,139.738144,JP,Japan,Asia,Tokyo
HsEPo8DIWpgQqeUhxgLR4A,-27.445842,152.990678,AU,Australia,Oceania,Milton
1MoFjt8lFydFWvuKu_jOWQ,55.75380961,37.59145694,RU,Russian Federation,Europe,Moscow
eCvNSY4uJ1slFPAElcOJ9Q,37.55241,-122.26696305556,US,United States,North America,Foster City
eWF_vanu_T-yD9siHcwCBg,59.315152,18.095372,SE,Sweden,Europe,OEstermalm
V39DAks5M0-w3FM08m1fyw,34.9597174,135.6849815,JP,Japan,Asia,Muko
cJRrTurr8VEOnvGTsqFhqg,52.363652,4.878542,NL,Netherlands,Europe,Amsterdam
1Jql_9CBH7fSKpyo95aiJg,36.15036,140.215917,JP,Japan,Asia,Ishioka
Xo-YGHj85BBLGMzlTpGHxA,37.518939,126.968323,KR,"Korea, Republic of",Asia,Seoul
A4oV6spoXsYDXUyxvfmqww,45.425902777778,-75.692441666667,CA,Canada,North America,Ottawa
qWGXFnz9ZnII4iK_nk2M8Q,56.02966,12.71028,SE,Sweden,Europe,Helsingborg
kosBunrM3-1lXi_AtgBbVg,29.731554,-95.391089,US,United States,North America,Houston
BmhDjgySWzHcAI07eXYc9Q,52.533255555556,13.365741666667,DE,Germany,Europe,Tiergarten Bezirk
tcqg8L2cDiZP5_io5qzrGg,47.46278495,18.97767243,HU,Hungary,Europe,Budaors
a6DuxKNU4uVzgV9k9NsZOg,19.435969,-99.179798,MX,Mexico,North America,Miguel Hidalgo
aZFY9j2MSVoev1DLFSLJlg,53.662339,-6.328801,IE,Ireland,Europe,Drogheda
cHtrBW8RvBj2mwwSJn0soA,55.81308002,-4.03787058,GB,United Kingdom,Europe,Bellshill
lVo76y2yXPPGKc9k8qbQNg,9.9409478,-84.0983744,CR,Costa Rica,North America,Colima
D3h1GQa0UvTfTOjMU6s0Yw,59.316925,18.0509102,SE,Sweden,Europe,Arsta
1TjaO64mb73buCdpYfd8Kg,47.507732659578,19.070383301005,HU,Hungary,Europe,Budapest VI. keruelet
EL7jcxgDrBu3bFFS3f2o_g,-33.759442,151.170074,AU,Australia,Oceania,Killara
WoslOOoswcp_-4MX4lD2yg,35.666723,139.770979,JP,Japan,Asia,Tokyo
EqbsxfpwYVcslCD0aGt9pw,-15.76600234,-47.86947684,BR,Brazil,South America,Brasilia
UUe8krECjSk1IZuwLuHIYA,43.315301,5.365178,FR,France,Europe,Marseille 03
ppH1nG7YttRkZGdT2tLwUg,29.504286,-98.499955,US,United States,North America,Castle Hills
9WGKHCaITco1oRxuvoUiKA,40.735893055556,-73.979325,US,United States,North America,Long Island City
l4Pv4AaYitFOyegTSg3DLQ,52.024363,4.350904,NL,Netherlands,Europe,Delft
T7fYbDxt6bhZ-FL-1LdRMg,32.710463,-117.16087,US,United States,North America,San Diego
RvHIiXLBqnIDpBViaJBajw,36.19569,-115.125512,US,United States,North America,North Las Vegas
O3iHNJJVs4a7cvIzU_d5oQ,34.978452,138.776716,JP,Japan,Asia,Heda
PRmkqnQlFOis1JaI2sWzIQ,-27.444488,152.948056,AU,Australia,Oceania,Ferny Hills
904JDmC0LrClqdO4fg3gVQ,35.659735,139.792896,JP,Japan,Asia,Urayasu
FlpylVzdI7S2PmaDrQ2WeA,35.041524600278,138.37854322056,JP,Japan,Asia,Shizuoka-shi
ReioQKlUr9-Wpel2KV_vfg,50.081190549154,14.419663250271,CZ,Czechia,Europe,Stare Mesto
1H-hOHU5gSnUvTYDTvorLQ,1.293611,103.852115,SG,Singapore,Asia,Singapore
9_c8FIXUAcDTzndsY6glVw,42.930368,142.928047,JP,Japan,Asia,Obihiro
2GJpm7rF-G1JY-p8CbQelg,48.833245,2.243679,FR,France,Europe,Boulogne-Billancourt
1kArx_6auMg91oaJImFA1g,43.453591666667,-79.757322222222,CA,Canada,North America,Oakville
h8rJH9BOZNXhtlEwrvk-ZQ,56.456554,-2.995365,GB,United Kingdom,Europe,Dundee
0et5RoogCQnayE3OcT7y_w,-34.0658948,18.4585645,ZA,South Africa,Africa,Bergvliet
sulWXolTIB9D09rZxB12dw,59.918924,10.765371,NO,Norway,Europe,Oslo
G_AHR9OVhJlJS_wHEBSlMA,51.5260747,-0.1242852,GB,United Kingdom,Europe,Clerkenwell
9o-5fs9av0VNSE00vU6cKQ,50.105165,14.390462,CZ,Czechia,Europe,Mala Strana
K0ZGIof5lbrwt112N9G-XQ,34.95732602,135.76767369,JP,Japan,Asia,Muko
E-hzChSnf0BK-2suqz-3zQ,45.51750451,-73.57643577,CA,Canada,North America,Montreal
OiPjIdCuDm4tRPwyJfvYvg,50.8665266,4.6944066,BE,Belgium,Europe,Leuven
O-zw8mk2bxDY4LtOQ_rCmQ,46.949185,7.40677,CH,Switzerland,Europe,Koniz
3D3ydCw4pXtgnWGo3OK1dA,37.325331388889,-121.92003638889,US,United States,North America,Buena Vista
V0-RlY7xMjJgK1NtPvmpeQ,29.42495,-98.439794444444,US,United States,North America,Terrell Hills
u8LpyZW828PyuVixNi5G5Q,37.678328,139.888113,JP,Japan,Asia,Kitakata
7fwryC9lFAhiV5QliUN3UA,37.430978,140.392231,JP,Japan,Asia,Koriyama
n__q5f3Oy98aaDOXPqlODw,39.291545,-76.62381,US,United States,North America,Baltimore
HjEKwjDEpQohy-aHQm2hKg,50.81982866,4.32569423,BE,Belgium,Europe,Drogenbos
eanZWUhxBzcdpcQGOagBSA,39.76106448,116.50810565,CN,China,Asia,Jiugong
i_-zUMyRFvh-qppIb0SJFg,1.2890188,103.8541144,SG,Singapore,Asia,Singapore
NoRoStd87ZzezNrta5mf9A,35.613853,139.758421,JP,Japan,Asia,Tokyo
UphMXR1aiAXBa8yAqxn-Ag,39.271565,-76.509149,US,United States,North America,Dundalk
5pfLq-nBycXj8MCXiSFiRA,-37.812952777778,144.94972222222,AU,Australia,Oceania,Docklands
z2QB55VTB-8sHBX65kH6_Q,55.68764283,37.57275771,RU,Russian Federation,Europe,Leninskiye Gory
qCVOcJnSdB-cFfC8zL38ZA,50.459211111111,30.517477777778,UA,Ukraine,Europe,Kiev
OaE9xlPZSw7afmlCaNrsFQ,35.064029786944,138.35965186361,JP,Japan,Asia,Shizuoka-shi
aat3z5bkqk5cCcWLuTtvzA,43.691125,-79.576177777778,CA,Canada,North America,Etobicoke
ijSrEMJNK9r7d3ItHdNqOg,-33.796618,150.987324,AU,Australia,Oceania,Constitution Hill
avelVYFlotz1EBpieF8RDA,56.9500633,24.0904283,LV,Latvia,Europe,Riga
2qLGoiManAZgyyx0XSnj9w,35.652261,139.688043,JP,Japan,Asia,Tokyo
a8xUFTQTLJVYzvPoto-NTQ,-41.292407,174.778725,NZ,New Zealand,Oceania,Wellington
Kc7sbmBLNftEOR4S9mI9Qg,35.656762,139.784083,JP,Japan,Asia,Tokyo
V9MzGzO3ByX_0wkOtl3aaA,13.746225060833,100.54341042389,TH,Thailand,Asia,Ratchathewi
AQkLECmyRXRe8Q9qGgHiSg,51.51441365,-0.23658136,GB,United Kingdom,Europe,Hammersmith
C4bUssltZPMHyile9qTQDg,12.12605398,-86.26706905,NI,Nicaragua,North America,Managua
p2_-P6VrSVZe0660HXrGrA,59.920462,10.764397,NO,Norway,Europe,Oslo
iSWIz9zi5I-FJ-RgP_jq1Q,39.363319,-76.552064,US,United States,North America,Parkville
cgcD6BOK8WCMGLPvfgWqcg,39.79498676,116.50140227,CN,China,Asia,Jiugong
Nt_cKbcCWSv6sL8V7KwVAA,53.345414461848,-6.271790004103,IE,Ireland,Europe,Dublin
bltUNZMOltWWPPXvIiM_MQ,1.3064,103.839759,SG,Singapore,Asia,Singapore
ob_QeRZwV8Cf0b_X7Nj1eA,52.402583,13.062958,DE,Germany,Europe,Potsdam
cWDTZQ3xN7G38hMUuJfjRQ,39.92675094,-86.12667692,US,United States,North America,Meridian Hills
cUPZWAX2n-n-uHfOcSNCPQ,52.172288888889,0.11253333333333,GB,United Kingdom,Europe,Grantchester
EN83DPN1kVAWjtY_tlK-SA,35.233549,138.982432,JP,Japan,Asia,Hakone
vyqcVT8ICeY2S244vIzleA,35.667770385742,139.84956359863,JP,Japan,Asia,Urayasu
wmMh71J_eX7mVJUPPOGfdw,51.339633333333,12.332480555556,DE,Germany,Europe,Leipzig
3RG2_RB4eZ41KRakBqWc1A,42.373705,-83.063826,US,United States,North America,Hamtramck
SiWk0qzkFsarWQxuUZiQ9g,34.107817,-118.271878,US,United States,North America,Silver Lake
rAt6zubtXq-2lV9xrWO_Rw,40.464364722222,-74.287316388889,US,United States,North America,South Amboy
m9aHjJnFal2R1LW5bVtf5g,34.972899,139.092203,JP,Japan,Asia,Ito
zLywa4SXeEX_1ccIqORReg,36.210935,140.272978,JP,Japan,Asia,Ishioka
PGXSf-k026-zNf4Y43r6qA,51.340438409109,12.385388066327,DE,Germany,Europe,Leipzig
LfNuqSUn1mwMK2QCgm5byQ,35.672245,139.752985,JP,Japan,Asia,Tokyo
MSJgef0Am0vKgdnIYqbvhA,49.981385,8.241211,DE,Germany,Europe,Mainz
JoSayJQ28JO532vqDlq09A,37.674828055556,-122.07900305556,US,United States,North America,Hayward
7ra3mJiS43cB6baY6Qf6YQ,47.6778119,-122.355249,US,United States,North America,Seattle
sBrbx-NpMTh0TmaNedrSbQ,37.428832,-122.189814,US,United States,North America,West Menlo Park
ofqFTQXK1AzSv193_jnNfw,41.41401021,2.19307143,ES,Spain,Europe,Sant Marti
E0U8njPMeG7nypxGKl-ehA,-33.895142,151.221877,AU,Australia,Oceania,Paddington
HJxil3lkTPTHB4IDV_FexQ,-34.181584822945,-58.956691464409,AR,Argentina,South America,Campana
WoaEsc2_tltvd8vsPs7Cpg,53.347862,-6.244946,IE,Ireland,Europe,Dublin
7GWhhLfphJsyVtwCtXSkfQ,47.501110034063,19.078301601112,HU,Hungary,Europe,Budapest VII. keruelet
EXrMObXE334vXQ-sK1nF3w,-15.80359903,-47.88427557,BR,Brazil,South America,Brasilia
xkLvHqpBYd7_KheNEimbrg,35.149853,138.899239,JP,Japan,Asia,Mishima
j2a1fg45tuD3jcVtW69EDw,40.460518,-79.927939,US,United States,North America,Bloomfield
kROumSGQGCKy_xftYBEVIQ,37.976014,23.676868,GR,Greece,Europe,Aigaleo
YhfUz9CMDOCHhanzRcswFQ,36.179128,140.248777,JP,Japan,Asia,Ishioka
MpDYPkCqUa85hxB9HYMbfw,-43.5224883,172.58986328,NZ,New Zealand,Oceania,Christchurch
JwibW2DXNxCxVvM7JMMToQ,47.468439,19.059675,HU,Hungary,Europe,Budapest IX. keruelet
a4AAMxVgsdb7XpBd6x7PRg,35.783193,137.254377,JP,Japan,Asia,Gujo
IHpohVEBU8C7cyCTkqRchg,-12.99175575,-38.47485229,BR,Brazil,South America,Salvador
3Vfy5S_NMEUD5QeInLnfKQ,59.344934,18.054526,SE,Sweden,Europe,Stockholm
bHZ1h3-7SPR7al3XXjexEg,55.7152,12.536451,DK,Denmark,Europe,Frederiksberg
pwPtRBoAi-WxS0UjYj-zlw,47.044836,-122.89281,US,United States,North America,Olympia
xGSuc1DqScqIpDwLFhbHIg,48.84541197,2.32826871,FR,France,Europe,Paris
eNG3Q4Yvz2GvYKMaEAcj6w,51.21510822,2.92743973,BE,Belgium,Europe,Ostend
hLl-hzS-PAdS15JJvjQAOg,47.5900176,-122.3018725,US,United States,North America,Seattle
bJapbJHDS3oAy60aWTufnA,52.007098333333,4.3766233333333,NL,Netherlands,Europe,Delft
oNqHQObr71aG-dYaZ6Xdvg,30.403444,-97.745233,US,United States,North America,Jollyville
-6-WLs7O63-6cwx-8adk7g,33.5948689,-112.1338729,US,United States,North America,Glendale
gQBFzyRbQKKEJ4sY0HmPBg,2.947931,101.702747,MY,Malaysia,Asia,Putrajaya
NhaBrQMYCLxktWdLc-1nYA,-33.870082,151.218523,AU,Australia,Oceania,Darlinghurst
o0qakwfgp222WTT4J5zC4g,35.657146,139.784698,JP,Japan,Asia,Tokyo
Szw8eAvrkb0EA5wt_LnkNQ,35.151859056207,138.65405711811,JP,Japan,Asia,Fuji
TJWKGfMoAjivJr8JYbB_QQ,35.680698,139.781167,JP,Japan,Asia,Tokyo
_NmgKOawBScK9_3rgvzJeQ,55.645747,37.47492,RU,Russian Federation,Europe,Troparevo
RMqOfoXFy3TyNCCYQiWTZw,36.01467,139.90603,JP,Japan,Asia,Iwai
Uqt-9yBojXa9hgcLCeWB6w,39.38503591,-76.52420019,US,United States,North America,Carney
9Nc1U0i-WkEzagPE_WYCFQ,-33.86919259,151.19496851,AU,Australia,Oceania,Balmain East
8QHbniD2kZOzwtzY-_hBYg,52.3283406,5.0594916,NL,Netherlands,Europe,Weesp
bT3ED61rhnnktxRCP0i-jQ,-38.6652,178.027175,NZ,New Zealand,Oceania,Gisborne
4QTysV22Ql4Q7ginGb2HLw,35.825807,137.237684,JP,Japan,Asia,Gujo
hMBzZfR4h7IiEZ3YkYTS9A,37.727503055556,-122.41441805556,US,United States,North America,San Francisco
_dbyjJHdIT2zO20gmqt8gA,44.999772222222,-93.247375,US,United States,North America,Minneapolis
7S0ke3muFLi7XM3ecQLXWg,43.37487734,-8.43142883,ES,Spain,Europe,A Coruna
LwFQEW2camCvDjqolGmQjA,29.647440835851,-82.342842696218,US,United States,North America,Gainesville
hGgfRJ0EC_kYUhyB0EEazw,37.780269444444,-122.47224166667,US,United States,North America,San Francisco
dLhpokqPiGS5uToV8RlW-w,44.898366666667,-93.212277777778,US,United States,North America,Richfield
0nmm2G4QB5cO_to_nDlD1g,22.288536,114.143689,HK,Hong Kong,Asia,Hong Kong
Ld3gsfnFotv768sazbhflQ,50.0675368,14.3332494,CZ,Czechia,Europe,Horomerice
9oU3ExuRdc6liNXqoa2N5Q,41.35012932,2.14840252,ES,Spain,Europe,Sants-Montjuic
Yvovn0DxrAHnjdAmVoPzVw,53.3607454,-6.2747882,IE,Ireland,Europe,Cabra
volWG6TjEA1QfWUGNIpoGg,47.5942,-122.181507,US,United States,North America,Newport
_25lUt8pBKpoZRRZXlPkCQ,-41.424029869739,147.11255069739,AU,Australia,Oceania,Launceston
bMvI_w3PZ5pjTTNS9EVcmQ,40.744472,-111.865354,US,United States,North America,Salt Lake City
5bcflh0YHi-HVtA1PHdvbg,25.76327819,-80.190123,US,United States,North America,Miami
MpC6deV-N4e244bnq0t7QQ,35.0269539,136.6060629,JP,Japan,Asia,Yokkaichi
JntGA2Zj3qV-mrG4SdPL4g,37.47294539,139.85088812,JP,Japan,Asia,Kitakata
WgrSKZLvbjBHpOoVXjB19w,43.696201,7.2706020000001,FR,France,Europe,Nice
X6grtoiZ_5szFq8f6L-dTw,47.470329841599,19.088667584583,HU,Hungary,Europe,Budapest IX. keruelet
h37KWY2l13iO1kS025-WFg,35.662846,139.731474,JP,Japan,Asia,Tokyo
lmB-pOKBFkrga6kpZB839Q,43.414784,6.808758,FR,France,Europe,Saint-Raphael
cWm0JR5KvU8NO7zdTvNaQA,13.0060307,77.5931495,IN,India,Asia,Bangalore
IhZqedHbsCWQSIbKqcx_TA,13.013707098882,77.566311176679,IN,India,Asia,Bangalore
LmPf8zjB4YIjBtw4fZXS4g,52.216916472849,20.961787662578,PL,Poland,Europe,Ochota
4rM2L_0Wlxs8s9ec-BoK9A,55.74338179,37.62823156,RU,Russian Federation,Europe,Zamoskvorech'ye
ne5RZhzSB8dNEefSISm-QA,60.16240415,24.92413887,FI,Finland,Europe,Helsinki
-u_rhB80W9EGDzaj3Dh3SQ,41.38250192,2.10468633,ES,Spain,Europe,Esplugues de Llobregat
cio3xSWiB5dEmIeIYvBk-Q,18.795235849714,98.981753106832,TH,Thailand,Asia,Chiang Mai
A-q1nAJMYAg0vQbGfOk8jQ,24.21003199,120.5814121,TW,"Taiwan, Province of China",Asia,Taichung
phaLNmo0pKhnblmvJhtfsw,32.7105,-117.147089,US,United States,North America,San Diego
xfYQlylCnvr80l6TfwOS5g,-34.59678583,-58.38237481,AR,Argentina,South America,Retiro
F-tYSSw3YDjb-hArun1-1A,35.956233333333,-83.933311111111,US,United States,North America,Knoxville
utDfLK3G46L515c_HtLgJw,33.41495044,-111.87389219,US,United States,North America,Tempe
u1exgyYEuHpkJCIFQksAHw,35.660784,139.726788,JP,Japan,Asia,Tokyo
QdhHOxnAPXW8AmjbRFIRTQ,41.8970773,12.4994522,IT,Italy,Europe,Rome
EjG6S4KbXxQ-Pu8T4yeARQ,36.144313,140.20926,JP,Japan,Asia,Ishioka
LkZTk2lg4POQdNFxEbYPpg,50.021423808137,14.412484394828,CZ,Czechia,Europe,Hodkovicky
Dc7etfidn5GIuZeCAzl_qg,32.719633,-117.15486,US,United States,North America,San Diego
Q26wimQNy9NCcUCPNiQ5Kw,17.033525,121.856,PH,Philippines,Asia,Naguilian
RTDrrBiTkQx5hV8DtAmyOA,51.511094,-0.072862,GB,United Kingdom,Europe,City of London
9LLMuXsAO6NpqxjGshnsFw,29.78511,-95.680838,US,United States,North America,Cinco Ranch
dA82bCxqlzV3L1o8IgPJ3g,35.678449,139.779353,JP,Japan,Asia,Tokyo
GbF6vKiRa8ndERCZQQmSuA,-33.870843,151.220152,AU,Australia,Oceania,Darlinghurst
ijl3G75djRlMJvCLbnpHqg,35.654256,139.693675,JP,Japan,Asia,Tokyo
U5109VoQOnn7T0FfcSyclg,39.6796536,116.40723327,CN,China,Asia,Weishanzhuang
CotEYLUzOw00hwEe9t7NFg,50.886482,4.3441487,BE,Belgium,Europe,Brussels
kLl5LTa2HnLi5Mlpu9I6rA,35.3189828,139.2746515,JP,Japan,Asia,Ninomiya
uWRfC3W4vEDuDX19yXgYWw,52.21612501,20.99033459,PL,Poland,Europe,Ochota
U0sLCLn8PBVxSXY8kaJYEw,35.922175,140.004217,JP,Japan,Asia,Moriya
eBEgAFn2GAT3pjOaU53hhQ,59.8951708,10.5602601,NO,Norway,Europe,Sandvika
g0wbZAktggUeddbOZj-0eA,40.439622,-3.691654,ES,Spain,Europe,Chamberi
zVbb9rn9j9NxDFoLHu5G9g,41.831154,-87.746656,US,United States,North America,Cicero
AWJGriMGpGD0YXCPDDH4dA,57.15043616,65.54914215,RU,Russian Federation,Europe,Tyumen
vDW9FSlE9cBFUmk2URBiaQ,46.781983333333,23.697215,RO,Romania,Europe,Sannicoara
pXTC7Z_WJKj5LRPhljx3LA,42.361656,-71.055492,US,United States,North America,Boston
Z5Zqry4rczmo3cqNQHLu1Q,36.493057251046,139.74130249023,JP,Japan,Asia,Kanuma
xhTwlHJN598ppY8DH6NVoA,50.911602,4.469148,BE,Belgium,Europe,Machelen
LlxUhCGNbgzfJHz_nTcm6A,32.716626,-117.154747,US,United States,North America,San Diego
4Njw7L55MDMZZuJ91w5lHg,40.450537,-3.739566,ES,Spain,Europe,Moncloa-Aravaca
WdIwA5AJkERe-IzSlfT_8g,59.31344547,18.09926279,SE,Sweden,Europe,OEstermalm
I_gnDNKWiRYTkD8lEC3tXA,37.720596388889,-122.39659,US,United States,North America,Brisbane
pD9oDutQV-EkWKdwIebpPQ,47.597008397582,-122.3210764981,US,United States,North America,Seattle
pOu_cHXITagcLbGB3N097A,33.9521781,-84.5450601,US,United States,North America,Marietta
8zcfqXT8qYswmxrEOuG7lQ,59.3676355,17.9953304,SE,Sweden,Europe,Solna
ANcHpO5_Twwc5CoCbb8MAg,37.787651,-122.424784,US,United States,North America,San Francisco
HZBM169pciai7dON0DZWMw,34.761210966389,138.02690966972,JP,Japan,Asia,Kakegawa
7qZmnpQxUKhAzCphB7tdng,-41.29405075,174.7729899,NZ,New Zealand,Oceania,Wellington
GInd7fRxF4llodmrnHQTeA,37.6466353,139.87120529,JP,Japan,Asia,Kitakata
HEu56h0y0GLnq_eDTfbUdA,37.372931388889,-122.02120788889,US,United States,North America,Sunnyvale
L_6ItxB65Z1NlMpk4VRnVg,-22.915493,-43.210157,BR,Brazil,South America,Rio de Janeiro
jwcfUecJ1UXAg80q3ZUzhw,35.164179,138.901718,JP,Japan,Asia,Mishima
GXTKtPCbTLWdpidoHJDvKQ,60.16955452,24.92125614,FI,Finland,Europe,Helsinki
e3nnsJodEGp2Hsk9Ags3FA,43.654933333333,-79.383977777778,CA,Canada,North America,Toronto
jdlYmwo1tv_PPmj5z1qbdw,-26.9162219,-49.0578109,BR,Brazil,South America,Blumenau
yGbaMgcIFUhAttpGGwp2-w,-15.7586947,-47.8919504,BR,Brazil,South America,Brasilia
dHTjHHHWcjXmIwQPNzSNjw,48.84730995,2.35354479,FR,France,Europe,Paris
ap5787WCiDY807bvK1bYxA,42.3653363,-71.0254048,US,United States,North America,Chelsea
-UqWx1Q0an_GDMMJs3bmOw,9.06848739,-79.38871091,PA,Panama,North America,Tocumen
DRETWctv1jIOspt7B0cHmg,51.516576460563,-0.12475121766329,GB,United Kingdom,Europe,London
07hPEC_AsQ1fYR22Sbq-kg,35.3840711,139.3305834,JP,Japan,Asia,Isehara
2Myt3xYZtVx0MU2gDi0i7Q,43.6678617,-79.6340196,CA,Canada,North America,Etobicoke
r0UsCtsFvDnFyV9q8_52Aw,56.792026,60.574264,RU,Russian Federation,Europe,Sovkhoznyy
3imW83bhRVpZucwt65wqKA,52.349076,4.917515,NL,Netherlands,Europe,Duivendrecht
s_Ln6lCU3TSwTYAn24oFKQ,49.562354,22.1875503,PL,Poland,Europe,Sanok
ftx4CeyKVdikSKX7VfhgsQ,-27.449147,152.977868,AU,Australia,Oceania,Milton
--tczNya4_w5IhU9DeRMHw,36.100211,137.261155,JP,Japan,Asia,Takayama
oupXz9wwrEKxAgt31obizQ,39.754702728056,-75.497956015,US,United States,North America,Edgemoor
c4Bj45vHVRm1ii2qb9cogw,48.213476967336,16.362169250946,AT,Austria,Europe,Vienna
sUSylBEd5NV9H9KeRRLjhQ,42.363034,-71.059865,US,United States,North America,Boston
-6tNQe10dgH3ByWafilXHw,39.393082,-76.552272,US,United States,North America,Parkville
--vWKSR3Rh8quTfK4AuKOQ,43.783443760881,-79.288510920195,CA,Canada,North America,Scarborough
zceglJdiKgbYS14X82IlzA,29.478352,-98.463224,US,United States,North America,Alamo Heights
ONOFE1ds35t5RdfcAqPSUw,48.8037421,2.3352834,FR,France,Europe,Arcueil
6PtJRt-55J48jBgeqeyDfQ,62.803654,8.50558,NO,Norway,Europe,Sunndalsora
AtcorvZ_61P2n3ZFJgBTFw,-38.018114,-57.558755,AR,Argentina,South America,Mar del Plata
kAaAr88YqAw5dOD9tZfv3Q,42.349963,-71.070182,US,United States,North America,Boston
pNrN-7Zm5JGpu1CUNueFRw,24.757092,120.952565,TW,"Taiwan, Province of China",Asia,Hsinchu
qgEb0Rvn7sgPBaeVJh5X6A,55.655914,12.553054,DK,Denmark,Europe,Copenhagen
PZRamg48HX218VprMFBLBQ,22.50363,114.085673,CN,China,Asia,Shenzhen
bN7zxRtkUyT0e7lxG9uocg,29.743986,-98.385556,US,United States,North America,Bulverde
pTKP9Q9U9C22O48z6rscEw,31.283794403002,-4.2684316639988,MA,Morocco,Africa,Jorf
ncJLmUK7OcSwMSDgge88Nw,47.925887,-122.22419,US,United States,North America,Everett
S9qEOxRthv642VfMLX-F7A,35.265783055556,139.68874638889,JP,Japan,Asia,Yokosuka
v6qkSgVYFmNbitJMGWmGiA,39.307504,-76.629221,US,United States,North America,Baltimore
9m11r5r6eL-kp4XjXunzog,19.491773,-99.137893,MX,Mexico,North America,Colonia Lindavista
Py-Ofb41oCX7dM7qO-LOyw,52.18998,0.13557833333333,GB,United Kingdom,Europe,Cambridge
NdAof37ju1Y7rFaeAywKrw,33.997983,-6.847025,MA,Morocco,Africa,Rabat
A3VxDufLhDLKxzTrr6EBHQ,48.10077444,-123.33791769,US,United States,North America,Port Angeles East
txGPgMPEwPU-rz7lhebWlw,36.248726,139.583843,JP,Japan,Asia,Tatebayashi
9k0xwZfIoIe-vXZk9KQwiQ,52.505019444444,13.381825,DE,Germany,Europe,Tiergarten Bezirk
ot1HmSTUp89OULtMe69Tlg,35.657001,139.784485,JP,Japan,Asia,Tokyo
-IzPhdupoy0gOk6agMcA8Q,47.66501107,-122.34374438,US,United States,North America,Seattle
nUD18AUcevKM1ZYUIATmDQ,42.358575,-71.052699,US,United States,North America,Boston
49yrqxpf5jzgaG0nvRs2Dg,39.314351,-76.613564,US,United States,North America,Baltimore
OiTlA6WyOScMhcYfKejq6Q,41.3211992,1.9529385,ES,Spain,Europe,Begues
silPLt8WbOiHZO4Z-VAgug,55.858438,-4.26262,GB,United Kingdom,Europe,Glasgow
t2srY6M6LamymccACLbwcQ,-41.29225465,174.77259803,NZ,New Zealand,Oceania,Wellington
hACWDqrAs1g0LOV2uYc08A,32.711786,-117.155508,US,United States,North America,San Diego
a9nvf9bxE-wTE7eTWDC56w,50.850675,4.367679,BE,Belgium,Europe,Brussels
KuhmWNPI5fy5WbCtYM3YEg,22.339861666667,114.15730833333,HK,Hong Kong,Asia,Sham Shui Po
W9KXsQNYq8g7vVJK6F0wcg,35.166884,138.906932,JP,Japan,Asia,Mishima
_8XBxv2GVra16akhPY665g,46.959604,7.440072,CH,Switzerland,Europe,Bern
7aop7FNNzT3iWPN9AtAQAw,33.99532376,-84.4092157,US,United States,North America,Roswell
q6ZrxNot_jTmwSDabduGIQ,42.382837,-83.081825,US,United States,North America,Highland Park
TjzU0dnJx3brddDsIUl5SA,48.84728135,2.32782142,FR,France,Europe,Paris
4JbfYGlqClgtyM4-kW89KA,10.46452189,-66.98061277,VE,"Venezuela, Bolivarian Republic of",South America,Caricuao
Io7t4LUkyI4Eivf9KJGc4A,59.914265,10.804466,NO,Norway,Europe,Oslo
SEtXW3rcVjdv8iRk1PyIEw,-43.528871093255,172.61118368549,NZ,New Zealand,Oceania,Christchurch
wbCbmEKCvSTIv1zfu-MCEg,35.654012,139.74643,JP,Japan,Asia,Tokyo
LwbbY6q6NuOAAJAB9jsSaQ,55.675513,12.562267,DK,Denmark,Europe,Copenhagen
QeoxqgbcwsFRGPAf_51ZFQ,-37.744691666667,144.99757222222,AU,Australia,Oceania,Thornbury
ea8F3JybOztV16wV_fjo_w,19.4237,-99.176257,MX,Mexico,North America,Polanco
V3S7-lxOIanz8iPjzyCQag,42.043366,-88.108595,US,United States,North America,Schaumburg
I2PhN7ftmK46zYSCDA-_Xw,38.902296388889,-77.051256388889,US,United States,North America,"Washington, D.C."
5sjkxCWsG7__f05ago7IUg,39.403915,-77.377486,US,United States,North America,Bartonsville
_VRCNHFQA_35uzd6TOy19Q,35.3566947,139.3011867,JP,Japan,Asia,Isehara
i-hqlYwh9cZFmk28LWRHTg,37.790561111111,-122.396675,US,United States,North America,San Francisco
kzacDcWgSsHXo2mJybPM6A,33.44821276,-112.06525341,US,United States,North America,Phoenix
KgA5MoTrD0ZTIfznzai3-w,37.691554,140.525055,JP,Japan,Asia,Fukushima-shi
yYO64gI1GJyWuF6GVSTejQ,19.3986293,-99.15587,MX,Mexico,North America,Benito Juarez
eCs7t2lI7S8OJgubHQ2SZw,41.897768,12.469227,VA,Holy See (Vatican City State),Europe,Vatican City
dIHkyLcifZFFWor_6ab2sA,43.413213888889,-79.709997222222,CA,Canada,North America,Oakville
DL7oeLvLynzS6FMn6yvdLw,39.345731,-76.59204,US,United States,North America,Towson
FOk5ffYhYgQbJBawL3jkBQ,51.030063,4.465365,BE,Belgium,Europe,Mechelen
aE2rJIKJQkkKP-tJxV1iNg,51.751245860942,-0.33964770846069,GB,United Kingdom,Europe,St Albans
ZodlRIxu--tfeUIeb64TJQ,37.343969,140.471156,JP,Japan,Asia,Miharu
v_i7atN0pP9ze2NtbqZl3g,-34.91251167,138.59340771,AU,Australia,Oceania,North Adelaide
2v5FCzu5DfZfU-CI4zmqfg,43.660172,7.149545,FR,France,Europe,Cagnes-sur-Mer
3dZh1N_Gnm4Kpx5Jy0Lc0g,27.92282662,-82.29388456,US,United States,North America,Brandon
LKxdNCfcwxzPbbrIK5LBOw,42.71557231,12.14503659,IT,Italy,Europe,Orvieto Scalo
_4g6iIzKJPj_8_PTRPIV3Q,32.720964,-117.158356,US,United States,North America,San Diego
BQy5e9FzV_SVUONrkg__lQ,38.916971388889,-77.03192,US,United States,North America,"Washington, D.C."
ddUw9OnOEwwejgonja8_wg,50.080215030487,14.416782812277,CZ,Czechia,Europe,Stare Mesto
IUo1jSf1HF6ftaFJjF5GeQ,18.768612,98.941233,TH,Thailand,Asia,Chiang Mai
GKqkIVKaf3LjCPcWDldnAg,55.685848396614,12.569573443414,DK,Denmark,Europe,Copenhagen
b0OQR0CuV23o5DYXNj8qmQ,-2.908017012474,-79.011681173126,EC,Ecuador,South America,Cuenca
T8cNBXFWc6k1j1nOCjeoMA,60.147802,11.149873,NO,Norway,Europe,Jessheim
W5JuHh8UmPrN50STybaspA,52.370376,4.912458,NL,Netherlands,Europe,Amsterdam
5AH2PQBMClceBRpY8QkeCg,45.454567875556,-75.716168135278,CA,Canada,North America,Gatineau
J2L2uUGXcapctyIF4Tl0Eg,10.48394877,-66.92000153,VE,"Venezuela, Bolivarian Republic of",South America,Caracas
Ga2bBstosD5fnjcRrWN9Ww,47.6757006,-122.2050315,US,United States,North America,Kirkland
wx4eXplJFz5HKSnzM1FqiQ,55.66466326,37.50748292,RU,Russian Federation,Europe,Troparevo
sdIxQdxIPQ4CQR43NvVIKQ,35.670083,139.77556,JP,Japan,Asia,Tokyo
KBg0KYuwdE5o0fbkXm5fow,33.8245431,-117.9240807,US,United States,North America,Anaheim
4Q12AnC-jE_enclOwX7wHQ,55.61316996,12.99870707,SE,Sweden,Europe,Malmoe
ttJX-lhlPnpjSnjrepXMRA,-27.39909167,153.07840549,AU,Australia,Oceania,Wavell Heights
Bp7N3ueOjT-w9cRbr1WqHg,52.253936,20.981737,PL,Poland,Europe,Wola
5-B3d4ThV3Lf6BaZcxwE3g,52.51470423813,13.315292267195,DE,Germany,Europe,Moabit
qH7mjIYQqG53IS39XPPRIw,35.115069,138.919666,JP,Japan,Asia,Mishima
Sm6y1lrW8-gI38npDnGyOw,40.43483077,-79.96634817,US,United States,North America,Mount Oliver
2RfwaKn8rVSFH2epy9rJqQ,39.294948,-76.628011,US,United States,North America,Baltimore
s-ptPdxbpnCJGIis099xRA,50.09051965,14.4187533,CZ,Czechia,Europe,Prague
VOHh5sHvijTb0e64X49T9Q,40.42308453,-3.71147059,ES,Spain,Europe,City Center
6Y0ATS7cz1ZwjPyM8JYOFQ,-41.452182835912,147.1406998911,AU,Australia,Oceania,West Launceston
8MNh9_S5V8YzscMNneClPA,42.354314,-71.053141,US,United States,North America,Boston
aBS2cgW0oqih8tPUbkRT5g,43.713533333333,-79.631413888889,CA,Canada,North America,Etobicoke
ek7MhNCEjHMpboQoEzib4Q,12.327876999043,-1.5026318281889,BF,Burkina Faso,Africa,Ouagadougou
sng91tYYdgelrlrOmnew-w,35.034617,138.429441,JP,Japan,Asia,Shizuoka-shi
gipZFoYCTQnxkzDsacEJXQ,59.3674555,17.9948936,SE,Sweden,Europe,Solna
nBi1bacQX7gzU9QiPV68dQ,12.12596681,-86.29182089,NI,Nicaragua,North America,Managua
Dl7jA1n8fU6FGLrRuNZ4jw,33.79383374,-84.36719293,US,United States,North America,Druid Hills
7ZFt_coZB3kqLDIgFunsQg,-43.52984394,172.64529513,NZ,New Zealand,Oceania,Christchurch
82UtuU5ATcDa8hw4GjLx3Q,36.176493,140.085796,JP,Japan,Asia,Tsukuba
7c4AeEq-5TiRSHZtxmsDVQ,-0.22151833333333,-78.505228333333,EC,Ecuador,South America,Quito
EECg-FtZY8jEKzHWlqtSGQ,59.895499089931,10.75582331,NO,Norway,Europe,Oslo
8P4uhRAdKQYnJ8cNobjAQA,35.865927777778,-83.959669444444,US,United States,North America,Eagleton Village
Na6OoKM-4Eo1HFN9wx4TvA,56.637485,23.716206,LV,Latvia,Europe,Jelgava
SL_RcdHdAvCLrXpJy-Gkww,35.105159,138.85832,JP,Japan,Asia,Numazu
WUACKSV_-yxYcRS5Q5mvdg,42.358936,-71.056224,US,United States,North America,Boston
qteJls3HxzqLdrP43_g_sg,39.272643,-76.613712,US,United States,North America,Baltimore
3IDS3Uu1CZpGxWg1WGznAg,-34.89532338,-56.16491104,UY,Uruguay,South America,Montevideo
UX0PA0bLZuqspvzEp0OPXA,45.80727723,15.89040581,HR,Croatia,Europe,Stenjevec
eROJ8aIJjiOrh8qfsbM_Sw,6.2095119,-75.5690829,CO,Colombia,South America,Itagui
c5Enu6SwJNiq2G2jcGo2nA,50.867365,4.6768078,BE,Belgium,Europe,Leuven
r0jkCqEWF_-1hVcVbR5Wtg,56.646768,22.782555,LV,Latvia,Europe,Auce
zHmkwe3LZK770MF9qO3HKQ,52.478543221944,13.344186069167,DE,Germany,Europe,Berlin Schoeneberg
-wUuxz4vMPUdE9Plvb0cSA,34.779874696667,138.00555610833,JP,Japan,Asia,Kakegawa
5jCRlfJWNj918qb3u7YABA,37.801369722222,-122.27301138889,US,United States,North America,Oakland
3aIjBtppymy8pGEoNFPlQw,47.510411096737,8.5927478503436,CH,Switzerland,Europe,Embrach / Kellersacker
llpwCpM68Vf5Wz0MT7t3Dw,1.309429,103.791487,SG,Singapore,Asia,Singapore
bGqAggnQ5x69V6DDvO3Txw,29.48249,-98.473628,US,United States,North America,Alamo Heights
QAR6Wp-nZjwS2KKlXZ_Obg,10.46756295,-66.97746108,VE,"Venezuela, Bolivarian Republic of",South America,Caricuao
BfDAEEMok81k-PxcgQX5EQ,39.770855410025,-86.152378795668,US,United States,North America,Indianapolis
VfeDzpmb-S9UkcjXR_Wp3g,22.279861,114.181038,HK,Hong Kong,Asia,Wan Chai
URj0ccR8sP9cZB3Sh9czsg,57.15150412,65.56243036,RU,Russian Federation,Europe,Tyumen
436R2pE8mKkGyyCJH1hw7g,34.792677,138.017647,JP,Japan,Asia,Kakegawa
ytMPMW_hSw5jViqg9uZJew,47.507593939081,19.084694478661,HU,Hungary,Europe,Budapest VII. keruelet
maTw_6HagxlDH-LG5x11aw,59.371564,18.018726,SE,Sweden,Europe,Bergshamra
ZsIUIO7QcyRtKBtPMDqnjA,19.401921,-99.170697,MX,Mexico,North America,Benito Juarez
fgu8f3FCEu-K9IvzI7kdrQ,50.867226666667,4.6775566666667,BE,Belgium,Europe,Leuven
tP_FQsuyFs2HzPkXqwIyVg,46.944302,7.432211,CH,Switzerland,Europe,Bern
jhTAMPdhmZW9xPFLN2y30w,35.119387,138.812527,JP,Japan,Asia,Numazu
3z0K_SVnUAoOqaXocBm0fw,39.172672222222,-84.561255555556,US,United States,North America,Monfort Heights
PHRHTQXkuLb0hAHmqUSC1w,35.653073,139.79434,JP,Japan,Asia,Urayasu
4_jKZfOz7FkXMJuaaK_RFQ,60.173932730937,24.968595206738,FI,Finland,Europe,Helsinki
0oN1X8hMx4tD_07B6HAErQ,39.4656217,-0.4582226,ES,Spain,Europe,Aldaia
f6G3zfqLuGEgPKNbajljiw,48.25782072,16.4050887,AT,Austria,Europe,Vienna
wQXUEDWv0U1dfMrvZclygg,32.710448,-117.15576,US,United States,North America,San Diego
XKdV_ZXHFdmLy97YyBDY7w,30.842254003333,-83.324701348056,US,United States,North America,Remerton
3U_IgmfyqzefQjQiOCD8QA,37.846001388889,-122.20872891671,US,United States,North America,Piedmont
2ELdGHsj7plRZEdkTH-dtQ,49.2027556,2.3709546,FR,France,Europe,Precy-sur-Oise
INzfEz853dXRtqR8RGk-oQ,51.212983,4.416661,BE,Belgium,Europe,Antwerpen
6In8ez2hPYPgeOkfGa9hNw,34.0223302,-84.4679051,US,United States,North America,Woodstock
-lw3mUDZ56348AA7xtiZ6Q,-27.497764,153.040438,AU,Australia,Oceania,Woolloongabba
6a_NauuJ0BIKrIxOtxYOUw,33.516574722222,130.53068972222,JP,Japan,Asia,Dazaifu
QE-bVLJhYY1pFIFHkeexRQ,39.774546548724,-86.175026362762,US,United States,North America,Indianapolis
fw4yQyx6FCc4vk2DF04sZQ,47.5059964,-122.2799698,US,United States,North America,Riverton
8NILOiqCktxz-sdq2Y4q2w,47.7184112,-122.1915799,US,United States,North America,Kingsgate
djzjh9tvLSOpN9t5UAa4EQ,40.848588,-74.425277,US,United States,North America,Parsippany
cdCDRU6cLWCJx9hghz3T_w,47.626914,-122.325775,US,United States,North America,Seattle
5gEY38kEOGdXzal_RKJpaA,35.090082,138.856347,JP,Japan,Asia,Numazu
MESZD6XZ3G6yg7aNOZzeTw,35.686997,139.773626,JP,Japan,Asia,Tokyo
s3xRtuszC8xmnp45DWEx1g,60.1591784,24.9486387,FI,Finland,Europe,Helsinki
LCnMkrrpTvd33CxUiWg7rw,35.179813055556,139.64927305556,JP,Japan,Asia,Miura
RkXDkzOHHuDd5fu2vY80JQ,54.31072,-1.5436166666667,GB,United Kingdom,Europe,Bedale
_kjJB27gM3rYdj5NtbjasA,33.96908234,-84.54048469,US,United States,North America,Marietta
eEdV7XIvgBLXkghAvHd6vw,43.054443,141.485465,JP,Japan,Asia,Ebetsu
sC31tumh15up2-k8OAI93A,64.11015471,-21.89261164,IS,Iceland,Europe,Kopavogur
-cHw9ug6U5pE2c9H1dHUOg,4.6956893427778,-74.031900800556,CO,Colombia,South America,Barrio San Luis
kbKR6zkGb4rmnPbXm30nNA,1.322841,103.835694,SG,Singapore,Asia,Singapore
9GZlBlTLsFH4BaRVdLXMHQ,32.72094407,-117.16471001,US,United States,North America,San Diego
zz0IZCG6x-BK9SEDSBZ3vg,48.208396278702,16.330423512965,AT,Austria,Europe,Vienna
qURVauPkFONZyYnOEel_vw,55.90026435,-3.09280714,GB,United Kingdom,Europe,Dalkeith
Q08UeijInCrUoTY9UwFQpw,59.324865,18.06334773,SE,Sweden,Europe,Stockholm
jb5Z_dfJt4j84wE5hMJyeg,35.88198887,139.54039475,JP,Japan,Asia,Kamifukuoka
QWQgQ3AR97J98EQ_rPpm_A,40.717423,-73.954002,US,United States,North America,Long Island City
6P22LnbXgSdRVlt_VPmRiQ,23.59004,58.444622,OM,Oman,Asia,Bawshar
wXc68ftpg_x79rWyB_CMCQ,33.4579742,-112.0912159,US,United States,North America,Phoenix
qhtcVkzjrgwUlMS8OhL1wQ,35.646406,139.804526,JP,Japan,Asia,Urayasu
LRUHcfZ402gAMIzatyiXVA,48.820765,2.261045,FR,France,Europe,Issy-les-Moulineaux
F8hWogmkavHkcHtw-8VeJQ,-37.7954141,144.958142,AU,Australia,Oceania,Carlton
HPbpY74NDMME0F4X4OdgVw,41.152031,-8.627224,PT,Portugal,Europe,Porto
fOTWqF8O6R75_emIEZU6Mw,-34.84991011,138.56503042,AU,Australia,Oceania,Woodville North
lRWFJax0uXCSKRF1wsE-Aw,47.515233415179,19.038942782208,HU,Hungary,Europe,Budapest II. keruelet
3ua1DHzsDdPbynTZ9utxgA,40.776599208595,-73.978982971143,US,United States,North America,Manhattan
b0K3AVtlhQDOag1sai2JAw,33.97769315,-84.55625324,US,United States,North America,Marietta
pe-J3qeSWYAfeUxnTqlqwQ,37.911861,140.095222,JP,Japan,Asia,Yonezawa
BgtXOM5-70fRA817zLltuQ,41.45741013,2.22644869,ES,Spain,Europe,Santa Coloma de Gramenet
6JDiDBf6tuoheCSgJ4toPA,43.54201973,-79.63628806,CA,Canada,North America,Mississauga
NABUCxOTisQcAj-8TwyQBg,6.2597367,-75.6005264,CO,Colombia,South America,Medellin
Rwd-eIhkK1pN4Hj3DYviNw,51.51247774,-0.15860989,GB,United Kingdom,Europe,Bayswater
0DONoYEe2FIFr7gzN2nLCg,45.798817,15.88104689,HR,Croatia,Europe,Stenjevec
etZT2tMAt4x3Qmy1O930lg,-33.399738888889,-70.588179722222,CL,Chile,South America,"Villa Presidente Frei, Nunoa, Santiago, Chile"
3j2tX_w6kC-xcfTZzS8I8Q,50.093066234652,14.438495423621,CZ,Czechia,Europe,Karlin
3bBuGYQ2bkE5T0SyhXzQHw,33.8659494,-84.4681769,US,United States,North America,Vinings
4kShFJ7l6S0HCGuIIVj8ZA,43.582197222222,-79.619361111111,CA,Canada,North America,Mississauga
B7ewclgmBI2EsuoAz26xHw,41.45336922,2.22645469,ES,Spain,Europe,Llefia
8t8eNGdFalUirnCUh37nNg,45.44863361,-75.69208291,CA,Canada,North America,Gatineau
u-lNKYx4MrHdoa4xq5ivag,12.97505701,77.57611745,IN,India,Asia,Bangalore
dEii_8GcsqJmx9uarYaQ3Q,34.084758,-118.37756,US,United States,North America,West Hollywood
Aftmhe-Veg_b4GS_Si0jjQ,40.42991447,-79.99878875,US,United States,North America,Pittsburgh
edKIjD7-091MD40nE8NN4g,34.976932,138.39766,JP,Japan,Asia,Shizuoka-shi
EOm7TfjYUVFJv0s1pEfKmA,-41.434143289579,147.15345687651,AU,Australia,Oceania,East Launceston
S5KSvV9u3MwqyBLsKSCHRQ,34.120653,-118.321799,US,United States,North America,Hollywood
TXNLQmGaKQefiyS08bWeBg,-41.29587619,174.76927003,NZ,New Zealand,Oceania,Wellington
EsUArNge6858JFj-7cf1EA,43.291652,5.374183,FR,France,Europe,Marseille 02
_WMqQSn0Bj0_q3PvFrG2_Q,29.663814,-98.45016,US,United States,North America,Timberwood Park
cbqGDgTW6QKI4NtokPyvnw,43.5688303,-79.6006733,CA,Canada,North America,Mississauga
brDf7VWPvMg0zmiMl90kOw,12.1236664,-86.25821132,NI,Nicaragua,North America,Managua
7fYbnbLxoOySlPp2tPYv0Q,37.4765,-108.48486111111,US,United States,North America,Cortez
AQeBs6CnSpV3abJIZOg3jw,50.06275904,14.40574687,CZ,Czechia,Europe,Vysehrad
ElubxZ7N_cYw1JycPHMigQ,37.786538888889,-122.39185833333,US,United States,North America,San Francisco
rQnPVA5LQ2Zxkugtivz0pQ,43.725937,7.348237,FR,France,Europe,Eze
EWLp_LvaOkjaeYns3v31pw,35.627775,139.646213,JP,Japan,Asia,Tokyo
LDIvcO4Vsj_vfsLWxfjBAA,29.7286105,-98.1904198,US,United States,North America,New Braunfels
3DMuwfxNwfu7Sb-sE4muIA,55.725352777778,13.073102777778,SE,Sweden,Europe,Lomma
Ybyo4ErtA4A-WQPIFcSW3A,4.6339709708045,-74.089462073065,CO,Colombia,South America,Bogota
kl7kl1PRR8MODYVQxo2Rjw,60.1672866,24.9399611,FI,Finland,Europe,Helsinki
YYLVhVR9P9aeKL99QwPNUA,-28.45517609,-48.79643045,BR,Brazil,South America,Laguna
WIzDOIldei812hkLTaLypA,51.209305,4.410774,BE,Belgium,Europe,Antwerpen
3WQikHteQyxxyOHWzISvDw,-43.533438911797,172.63287485695,NZ,New Zealand,Oceania,Christchurch
VChvhDDLjPW_V_eIX0uf8A,51.473694444444,11.967388888889,DE,Germany,Europe,Halle (Saale)
YiXkPA1ePmiwtw7NV9QeHA,-19.04785429,-65.26019502,BO,"Bolivia, Plurinational State of",South America,Sucre
p4yMkbdRQDBc1S5Uw7C7eg,48.2133112,16.2886771,AT,Austria,Europe,Vienna
EfTMHFKUH1c8_szME7B4qA,52.3957224,13.0827016,DE,Germany,Europe,Potsdam
tCyR-Pq_FMAurWZAgHfzVg,41.899582,12.466491,VA,Holy See (Vatican City State),Europe,Vatican City
_ZJR2vG6XrkOS4KDnoRTEQ,39.982333,-75.273916,US,United States,North America,Penn Wynne
3imssSXy8mHzcHEHcQi6ag,52.053155555556,1.1713666666667,GB,United Kingdom,Europe,Ipswich
yFzEG0lCfr9f9drrVTjtow,51.336509935626,12.384242586085,DE,Germany,Europe,Leipzig
XvTmq25h-8GUAnZ-bDY7lA,50.038856,14.50427748,CZ,Czechia,Europe,Vestec
qllsYDYVg0w6M5P8XmM-mQ,40.810573055556,-73.958313055556,US,United States,North America,Edgewater
4juDgr2AVILDF2_v005wyQ,35.672591,139.802318,JP,Japan,Asia,Urayasu
FeGkUCGrcNjkWl-LMDH5EA,33.4939088,-112.0781114,US,United States,North America,Phoenix
_i7Kc9lfy1cLX03zYOvG3g,43.662069,7.149296,FR,France,Europe,Cagnes-sur-Mer
qfEkV96YjVc9CW5DoIMmqQ,47.492264,19.053637,HU,Hungary,Europe,Budapest I. keruelet
SqaV3QADBBipmJFpF-BL4A,51.331641666667,12.385422222222,DE,Germany,Europe,Leipzig
AzpT2miuJpghiLLEikt1og,37.463114,139.839705,JP,Japan,Asia,Kitakata
WEc2JtdpMpH9iN0eukPjaA,40.8629514,-73.5225943,US,United States,North America,Oyster Bay
vISsjcClmgIV8ZgQZrxZtg,45.49542237,-73.61476866,CA,Canada,North America,Westmount
YTm12PCbdSxT8cCtWgHRKA,34.462244444444,-120.0149,US,United States,North America,Isla Vista
xFVJ7dCbh47qFv7RAzIBDg,55.955361,-3.202343,GB,United Kingdom,Europe,Edinburgh
T68AmQZ3BbHrQVfMl9gPoA,41.57418937,-87.46897406,US,United States,North America,Highland
Hwd2Jx5kVIlRVO7Gm5yeMg,30.6760734,-88.1324478,US,United States,North America,Prichard
Kbfz-3fTe6VqyaqiubHQkg,51.347797222222,12.312916666667,DE,Germany,Europe,Leipzig
ZReUxTgnavhoEd17nnxKMQ,40.805182,-73.539397,US,United States,North America,Jericho
DUB_82QvDpJSfC2iU3dopg,60.16752854,24.92312361,FI,Finland,Europe,Helsinki
SPMHVEvTl-lpTFauy6DDQg,52.245835,4.666194,NL,Netherlands,Europe,Leimuiden
yfNmTSV7HnOdi1MVxV4eXg,52.346523,4.920179,NL,Netherlands,Europe,Duivendrecht
d3m5Zr1oR46k3myxKpMMXw,45.41737339,-75.65710498,CA,Canada,North America,Ottawa
gwWtTHS-26-3k6l4tVQQrw,38.917349,-77.06940834,US,United States,North America,"Washington, D.C."
YWwMCeEVOGnKhgclm6GSVA,59.894806,10.5484171,NO,Norway,Europe,Sandvika
CqADlJ7hz1iCAbfyRIbSLA,39.310019,-76.62365,US,United States,North America,Baltimore
lMSgtBI83LMZXzXpNNE4Bg,37.208293,140.459695,JP,Japan,Asia,Ishikawa
zk4vk9tfLFr0XtGhS9Ep2g,-43.489075,172.566299,NZ,New Zealand,Oceania,Christchurch
62sdAFJMLfy0RvfD5LqQUw,55.73746602,37.6200479,RU,Russian Federation,Europe,Zamoskvorech'ye
gbYhfAaRzvJictedvb45ZQ,35.78918681,139.90132836,JP,Japan,Asia,Matsudo
GIBhXE2xdtDFVvT220oXJQ,37.912613,140.080378,JP,Japan,Asia,Yonezawa
4M5XpMPqn22GnPFbCT1hRA,43.64414987,-79.3929345,CA,Canada,North America,Toronto
oa1n287jU-DcqXSzPMwpaQ,37.45596,139.859958,JP,Japan,Asia,Kitakata
5bzCVDcbUOkQzXuNeFY7Pg,37.86982,140.207435,JP,Japan,Asia,Yonezawa
bA0eaKnJ7j-Jh0ldsgcsdw,12.618501666667,-7.9197783333334,ML,Mali,Africa,Bamako
lr-pTGbgsaxhvh8JW7kNKg,-41.44427562837,147.15024446562,AU,Australia,Oceania,East Launceston
SbZlj89L1BWOWL2Ay5eNvQ,10.44069869,-66.9247377,VE,"Venezuela, Bolivarian Republic of",South America,Baruta
4uGePDd5Y32Uj7Nl7Qej-w,36.026093,140.293277,JP,Japan,Asia,Inashiki
YI9unAK_XVYzWP141WY2Tw,12.14190932,-86.25024446,NI,Nicaragua,North America,Managua
aJUetvFeOXxewJkYEe4cPQ,34.985964303056,138.39516418528,JP,Japan,Asia,Shizuoka-shi
sjAjF2OA7ZW-7azmaxNZrA,42.4692954,-71.1073207,US,United States,North America,Stoneham
B96zjbGO_1ZJKel-3LjInw,33.994964,-6.851115,MA,Morocco,Africa,Rabat
2SYXukg_XcwH7F-6qHAXDg,50.857024,4.361885,BE,Belgium,Europe,Brussels
YOJkcvv9aRQ6TqrB-YoyMQ,44.890155555556,-93.394727777778,US,United States,North America,Edina
xqcjunOkkvn5QWjqnndRuA,8.96822731,-79.5321088,PA,Panama,North America,Ancon
Uo0mCJq47Mx6vjbeqbYlNA,33.5385843,-112.0420905,US,United States,North America,Phoenix
k2SFNqIK6sRuNnTxZz0gBA,35.10471,138.513179,JP,Japan,Asia,Fujinomiya
byjEH3Ovs-6--b0z7ZjBAA,37.345576388889,-122.05160638889,US,United States,North America,Sunnyvale
J71vTpxzyERTp2-a_x6r3A,19.476409,-99.12058,MX,Mexico,North America,Colonia Lindavista
jXCsJs3BG4DTykOIbM_ofA,52.008148,4.362499,NL,Netherlands,Europe,Delft
zfBSp5ZGEo0WdU9XHFaNVA,36.108646,-115.172743,US,United States,North America,Paradise
7eSmG14jLr49BDbr3wbOFg,42.056831,-88.079535,US,United States,North America,Hoffman Estates
-lsv9582Wjc5TfvD1HO0PQ,45.44185,-75.622923333333,CA,Canada,North America,Ottawa
u7nwnmNyw-qmhcgTO1qb_A,48.2310148,16.4149275,AT,Austria,Europe,Vienna
T7flGd4Vf0EshLPZGV3GsQ,52.492991,13.387899,DE,Germany,Europe,Bezirk Kreuzberg
gzEkgGF0bprJb9fETMLOJA,1.317288,103.841476,SG,Singapore,Asia,Singapore
uCVexk_CaxetSt3aumum9w,34.80345981116,138.13524259899,JP,Japan,Asia,Kanaya
fx4UAddR3SFxlO07L2WJlg,-33.868866666667,151.20444722222,AU,Australia,Oceania,Sydney
fq7fD4iBCsCj25QkE_4XbQ,41.79153,-87.598248,US,United States,North America,Chicago
NFVOhMeouzl0ipfO7oxGEw,37.59082,-122.41214138889,US,United States,North America,Millbrae
66x0wPcFiB3O2p6nWAnwJg,-27.46150187217,153.01417322835,AU,Australia,Oceania,Spring Hill
FfrCy-nAnnzjriGTWgVuew,33.452646,-112.0650649,US,United States,North America,Phoenix
z6BgAoq6DksJvcdbzNijKw,-33.442126,-70.65444,CL,Chile,South America,Santiago
uo5BJ2bmxZ-X-alsnZrJbw,24.972688756019,121.41690226272,TW,"Taiwan, Province of China",Asia,Banqiao
bHBKPBmfTkQUG1NkprL2EQ,49.16924,-122.983906,CA,Canada,North America,Delta
YvDmi6AAJjNC7iXKTZ1JUA,39.758574245498,-86.154795130715,US,United States,North America,Indianapolis
QcS-tDXJpXX0D3jNydAKjA,47.493138550781,19.055268131196,HU,Hungary,Europe,Budapest IX. keruelet
LcM30KypWfnRhnl45ykNgw,33.6107902,-112.1709518,US,United States,North America,Peoria
kRM-ts0E-tadBDjQqabYaQ,-33.868542,151.218601,AU,Australia,Oceania,Darlinghurst
uxmGPxd_ZWj-L3X1rCSoLw,37.739838055556,-122.41121138889,US,United States,North America,San Francisco
3nCk7wFTsmbLcDpjRnkuoQ,52.370043334247,4.9075260814062,NL,Netherlands,Europe,Amsterdam
1ooZEO7QdL1i35WGU26KQg,1.293393,103.85243,SG,Singapore,Asia,Singapore
5fIooPZ5bg_B9EfRQRvLUA,35.466697,-120.649168,US,United States,North America,Atascadero
yinvlWiesaXRTViIPgqxjA,50.88884449,4.70704962,BE,Belgium,Europe,Leuven
63wfL6WBrpMCeKJuWxLz8Q,49.21111525,-123.07088026,CA,Canada,North America,Vancouver
xX0r0fdcx1xlDrBUqihiKA,37.537686,140.02344,JP,Japan,Asia,Inawashiro
_NPm3ehRXMjSNPNCG-AKIw,43.536383333333,-79.717063888889,CA,Canada,North America,Mississauga
tIwPuOwwSwoGvRl3sgqSUg,32.705179,-117.147262,US,United States,North America,San Diego
-4VHR0_p6lfAJ3Id2RXozg,34.93922406,135.6876357,JP,Japan,Asia,Muko
lM7YSR15Bya73lxepst4dg,29.791283,-98.331173,US,United States,North America,Canyon Lake
-jGzo9blhVkb-GgmTnYzHg,52.374615,4.858238,NL,Netherlands,Europe,Amsterdam
IBNjg2uWvkHrTO_ea0myhQ,-43.539239755785,172.56830814022,NZ,New Zealand,Oceania,Christchurch
2-KPynm68uB4zMaqFN71Dg,52.434211111111,13.199141666667,DE,Germany,Europe,Nikolassee
-3bnLdeHkonpmCJj3a1X_w,45.007269444444,-93.247344444444,US,United States,North America,Minneapolis
JvK9Ximlve8Lt8sF_34qHQ,38.90244149,-77.02178847,US,United States,North America,"Washington, D.C."
DUFHo3dSQFvuAS55cefywA,39.90828725,-86.13525715,US,United States,North America,Meridian Hills
gv4NO3G9bt-bX5_p7H2bmw,58.3538607,11.8936086,SE,Sweden,Europe,Uddevalla
2hFYojmF0xgS8Bcm7rzQpg,-33.891809,151.202036,AU,Australia,Oceania,Redfern
wADkQ6Pd5IwTZnU2s0r20Q,-43.534871177523,172.63361832193,NZ,New Zealand,Oceania,Christchurch
s9pp8kBaUxg0KMGDSgIZiA,40.9087753,-73.5813326,US,United States,North America,Bayville
wVjIR6fWVZ88gPhEI6nhgg,57.826995,14.815165,SE,Sweden,Europe,Aneby
rR6A8yQIomA4FCnPJlpidA,-22.9117804,-43.1924043,BR,Brazil,South America,Rio de Janeiro
ZtiSVSAD0FbzEmDsVsQJXQ,60.167797,24.952771,FI,Finland,Europe,Helsinki
-DXgAnuaSe6TtQ9Hbm3G2A,50.448430555556,30.5231,UA,Ukraine,Europe,Kiev
3DnCVgkDhJR_lvvNUzHF7A,50.861568333333,4.691065,BE,Belgium,Europe,Leuven
QibUs1NiDoIORULrLhTIRQ,37.5647673,126.9242398,KR,"Korea, Republic of",Asia,Seoul
iwBXIJCJTt7h7imrdG9hig,27.9392509,-82.3229568,US,United States,North America,Brandon
d056YK5chCyusl5v5bMDaw,48.140051,11.534112,DE,Germany,Europe,Munich
kdbqeR8gwZlS-gEXQMWo_g,-34.87533465,138.56582837,AU,Australia,Oceania,Woodville
NfTugDtyZL2gHcaUAEe5rw,34.94629323,135.73182347,JP,Japan,Asia,Muko
z8aNggCWpRY8lY1zobByQg,32.72963593,-117.14643156,US,United States,North America,San Diego
phxqXKjHU1iDWxxS4QhrwQ,47.8283114,-122.2919932,US,United States,North America,Alderwood Manor
fFQ_oIUq0CHTDtUtWwEKdw,35.601038,137.464185,JP,Japan,Asia,Nakatsugawa
P9nUiWyncj6adwp2uA_ZPg,41.44887621,2.23523517,ES,Spain,Europe,Badalona
XRVGopwHw00rA0S0_-LsPA,52.353598794081,4.9122238708533,NL,Netherlands,Europe,Amsterdam
NORiKIxQZ9sQOo9hvUUgAg,33.917357,-117.924909,US,United States,North America,Brea
lA569Axwb4AoS5h90Armrw,-34.90612468,138.59525092,AU,Australia,Oceania,North Adelaide
FRSpMfprDgpHdmlx4O5Xgg,47.485011876561,19.113108878955,HU,Hungary,Europe,Budapest XIV. keruelet
UXRa6BFVR0tKQantSNxvQw,55.775132399979,37.656757099997,RU,Russian Federation,Europe,Sokol'niki
Iax36f_F1gPvO1ujHEDP6Q,38.89681384,-77.07083606,US,United States,North America,"Washington, D.C."
3NdPTLGlHZGN4R5avak0iA,35.684896,139.791671,JP,Japan,Asia,Urayasu
3-51D0Hlv2YtsNeJ9jKYWQ,47.6076987,-122.3218214,US,United States,North America,Seattle
-VsXADw9HOhMb2Jj31GIhA,41.909868,-87.676701,US,United States,North America,Chicago
4r0tL6FnMedPdr61QEvWHA,51.4508498,7.0174545,DE,Germany,Europe,Essen
rgMWovifeW6n6rEmCcTTxA,-38.008962,-57.546042,AR,Argentina,South America,Mar del Plata
miT0-CD5v1Ps199mXb5WfA,34.044782544619,-118.26058158091,US,United States,North America,Los Angeles
v39U0JHKA8IyDLwdviW-NA,38.902997,-77.023625,US,United States,North America,"Washington, D.C."
cuFQk-VZGgt612BLMG-0wA,55.944991666667,-3.2052,GB,United Kingdom,Europe,Edinburgh
JLbrPTpdDB32QtCtIC_PLg,46.950934,7.433637,CH,Switzerland,Europe,Bern
2tzeW8gb39yIyf2VzoBVDw,-6.79355,39.280386111111,TZ,"Tanzania, United Republic of",Africa,Magomeni
ZiQXL9VWwaIK2xsYdy1izg,50.075607959995,14.413863890005,CZ,Czechia,Europe,Vysehrad
PUVD3slv-JKPon4kJfe2Aw,34.970965,138.931484,JP,Japan,Asia,Numazu
Vbpqfk9OlvP3oBY4fBcbfA,-34.58856529,-58.38969416,AR,Argentina,South America,Retiro
1Rk93R1_mnEeFQgPCe4RXw,-27.459485,153.014279,AU,Australia,Oceania,Spring Hill
ptdd4GmjPd7MeTM1FFP1Zw,29.80903514,-95.44229408,US,United States,North America,Spring Valley
V1-fgHPPMNuzN1HRexfZZg,37.785607,-122.415016,US,United States,North America,San Francisco
BroGBKVS_jCeomNBu5yIxQ,43.227022222222,-79.942105555556,CA,Canada,North America,Ancaster
8TOsQa-UguNueNYqkNd4cw,34.769294,138.169914,JP,Japan,Asia,Shimada
B0S2sXMGLQBeCbLx1ku5MQ,33.4622344,-112.0531005,US,United States,North America,Phoenix
E9kYpcncJOThwQw5EjKGtA,43.703193,7.289538,FR,France,Europe,Villefranche-sur-Mer
eo9Rpj4-DJB00AToc4ixuA,39.337188,-76.629147,US,United States,North America,Baltimore
NElPeHsV4BzzuGwNQps2cQ,40.029332,-76.230671,US,United States,North America,Lampeter
ngWeQYvLZhYdSSwqYOQmsg,36.0126803,-83.8515452,US,United States,North America,Knoxville
F_7J8CM9mPI22gBSx2SmbA,35.692525,139.819373,JP,Japan,Asia,Urayasu
I6XzvwuQ1pJX8DD5d1AlSQ,35.161547,138.901047,JP,Japan,Asia,Mishima
EzqVO5MotnKKUrTxhnoibQ,47.055445,15.4546676,AT,Austria,Europe,Graz
ShtY9q7FE9Sm_gOfx24GrA,49.008382069656,8.3570555555556,DE,Germany,Europe,Karlsruhe
YE6guu9wHp0RFNpWWf-1gw,35.098079,138.863097,JP,Japan,Asia,Numazu
IXIBD1K2Y6nHjQ3uI4WWmg,55.67180687,37.55687801,RU,Russian Federation,Europe,Cheremushki
2aBbxIy4NV6neWE77xgtnA,42.348644,-71.066834,US,United States,North America,Boston
jl3OSIYt3LiKPBl7a4Pr6w,35.324011,139.5504637,JP,Japan,Asia,Kamakura
0KMYb13wIblkq9Moou7yBA,48.2197218,16.3621115,AT,Austria,Europe,Vienna
5_z1uo6iMxrrRgdU3nppEw,45.002263888889,-93.204863888889,US,United States,North America,Lauderdale
pn-W6sgU-4BNS-EDi5MFAw,47.474538646638,19.162799147889,HU,Hungary,Europe,Budapest X. keruelet
9PVuuAFELURzRLbF7QDh4g,49.004338042328,8.3663026600054,DE,Germany,Europe,Karlsruhe
jdRi3SJreH91nrrK6NYAlA,39.288873,-76.623658,US,United States,North America,Baltimore
7OKrlI4wTwdfe2HEIHZNpw,43.665841,7.206356,FR,France,Europe,Saint-Laurent-du-Var
nwSeJRETtHxAI5ffFkLs7w,51.453226,6.972309,DE,Germany,Europe,Essen
EEJfkWFQFEXv4W3a6vZx5g,64.11069526,-21.90689093,IS,Iceland,Europe,Kopavogur
0dNwZsCHp-Y1LZ-5oFALWw,60.16029324,24.93037672,FI,Finland,Europe,Helsinki
wJd4XcXm-NAg1v1KTDN6Ig,60.166863888889,24.952583333333,FI,Finland,Europe,Helsinki
7QrOGCeWdczVFMk2htRLhw,37.76599,-122.466419,US,United States,North America,San Francisco
v2cVRDuAPfgqKj2qe2TSfA,-23.560593,-46.669638,BR,Brazil,South America,Sao Paulo
l3brxA7t_RVjQh7mDp9fAQ,32.708868,-117.160127,US,United States,North America,San Diego
GpuC5t6hmKgKs_FkP3uEjg,47.39322868,8.52474912,CH,Switzerland,Europe,Zuerich (Kreis 10) / Wipkingen
SCHxyUcDKhMmfn7it_Quxg,-27.417493,152.948346,AU,Australia,Oceania,Ferny Hills
Dg28ft2ZtaO4nxO2WmfZqg,40.749781,-111.884578,US,United States,North America,Salt Lake City
xMv8QDB2BUwQCFzTTLtNXg,33.8917493,-84.4770779,US,United States,North America,Vinings
izBDOMYEkIw8WdO6MKxa1g,37.667343,140.486743,JP,Japan,Asia,Fukushima-shi
ysQAmUu3hsllD-07V-sBIQ,35.654668,139.694128,JP,Japan,Asia,Tokyo
ckaLeD_6XQRk4xuTVa8DxA,50.864233333333,4.6779816666667,BE,Belgium,Europe,Leuven
REOwyynUCliXnJTBG8BuFA,42.91883,143.159789,JP,Japan,Asia,Obihiro
L-dIJkjaEeUVy58zojf0kg,35.203974,138.915511,JP,Japan,Asia,Mishima
lMI9k3tkf2XjyBjNlruytw,47.504079029895,19.071797579527,HU,Hungary,Europe,Budapest VII. keruelet
PS_U3Cp-dVEhKRx6iT9VIw,37.5758457,139.6421946,JP,Japan,Asia,Kitakata
DqbA_z8xMY3e5yOyAocfqg,1.317934,103.833252,SG,Singapore,Asia,Singapore
UiegzW60plpHFBwN29Uo9g,43.698756,7.265107,FR,France,Europe,Nice
BdJrpc3WS5Zz0OfvP9zF9w,35.108166,136.65788,JP,Japan,Asia,Tsushima
4pFkhDE71kHaFY1NriyEuw,51.4337366,7.0078,DE,Germany,Europe,Essen
oDUpErSoIKmdbwPeyOunIw,2.946226,101.661931,MY,Malaysia,Asia,Putrajaya
1rsk9XLm1ywi7XH5hyLazg,34.087923,-118.147892,US,United States,North America,Alhambra
F4YJG30T7khe8rKPShnS0A,19.483586,-99.131117,MX,Mexico,North America,Colonia Lindavista
zW9MH883mfu1dqxMkDB-Bg,47.7404062,-122.3209727,US,United States,North America,Shoreline
1XfO_DPxlSyDj_NBcrIwuA,-15.825679,-47.911556,BR,Brazil,South America,Brasilia
Wiq-28NWAWWCkZyzSYo27w,33.94797622,-84.46182738,US,United States,North America,Smyrna
7moWr3vF9amZmOm-snS-Qw,52.370249,4.842534,NL,Netherlands,Europe,Amsterdam
1isFq_HywLQIw0g4FSA_uQ,29.784746,-95.560007,US,United States,North America,Bunker Hill Village
e9ubCj3gfbSin--kmV6yVQ,4.63555641,-74.10079238,CO,Colombia,South America,Bogota
3bIwxMtmoX4gaHi2iZlSDg,55.657093,12.569067,DK,Denmark,Europe,Copenhagen
CAqU5F3bPHrVJx7uqnPo-g,49.168199,-122.976092,CA,Canada,North America,Delta
512DaHQJudbp3OVEZEHSxA,42.999681,141.468034,JP,Japan,Asia,Kitahiroshima
RA00IkVIBZ7xwXYJKqRN5A,48.83732839,2.31887747,FR,France,Europe,Montrouge
Lh3qoFBJTDyj5yTXhoxkbQ,36.7157216,138.0857558,JP,Japan,Asia,Nagano-shi
R0kayPLS1ZnpUUQ4RrWYoQ,-34.907288,-57.9462921,AR,Argentina,South America,La Plata
AwdTFNtoT1a-c7bG2R8eFA,35.662943,139.780548,JP,Japan,Asia,Tokyo
Dk1VUNIb4PvdbgRlHLRnyA,-34.94022132,138.62495735,AU,Australia,Oceania,Fullarton
xwyYXUq1V1CS1x-CMw5L7w,36.480838775688,139.73324584961,JP,Japan,Asia,Kanuma
IBnXFq2ZsOJMj3j4OAlbfg,50.093326,14.427535,CZ,Czechia,Europe,Prague
g5WE4lNOHkMFx5s7KXk8Sw,53.058492969722,-0.78569965437055,GB,United Kingdom,Europe,Newark on Trent
tNL8wbZm3DR04t2HrOTPUQ,-33.813698,151.199734,AU,Australia,Oceania,St Leonards
wgTkezVtndbDcWVqFEZcqA,47.505604284815,19.082892788574,HU,Hungary,Europe,Budapest VII. keruelet
jBr2hPveeniuQKy-FVCv7A,51.57142292,-0.35768976,GB,United Kingdom,Europe,Greenhill
LO3GkdQsgEG2PJx6c30qdw,25.697688888889,-80.162816666667,US,United States,North America,Key Biscayne
3dUnbhALXoECpAI1PZ3gqA,48.18758508,16.41385738,AT,Austria,Europe,Vienna
2AVKj89OFVpKnd46JF6SWQ,5.3229967,-4.0192283,CI,Côte d'Ivoire,Africa,Abidjan
OH8jZkAV7ULHAYfL1GCb3w,42.3149172,-71.7278417,US,United States,North America,Shrewsbury
GmrX8suARzrALn3ZuYxVfA,25.775183333333,-80.197766666667,US,United States,North America,Miami
DIE3SZoA91cpZXmXBsxPHw,52.73789439,0.41487648,GB,United Kingdom,Europe,King's Lynn
-_prubhCd03M0BLOHOGGOA,-12.01725,-77.0984,PE,Peru,South America,Callao
fvAMn3ZACQSPqlZ6_X5Ckw,42.361243,-71.072146,US,United States,North America,Boston
AxMnz7b-Ne9xGQAMxkpYiA,47.5279021,19.0381689,HU,Hungary,Europe,Budapest III. keruelet
6DUm6rXVLB62A9IL7dmEbg,43.654025,-79.38355,CA,Canada,North America,Toronto
rfla1Fv__EIcxElHOgJU-w,50.855483059997,4.2300664227183,BE,Belgium,Europe,Dilbeek
6fAGhRrRBLUAJnxSXuqY_g,45.42430855,-75.69482752,CA,Canada,North America,Ottawa
61Ae19VoJGVSIxRU9hXxAw,50.8823683,4.7171116,BE,Belgium,Europe,Leuven
Tm_UEVAO_tgWK4eLndd_NA,12.986822,77.612358,IN,India,Asia,Bangalore
r4bmdcCvuW8jyzsk_3Bv_w,40.474087,-3.687065,ES,Spain,Europe,Chamartin
tnXkhIfF8CImwH_ChKRBbA,59.833182,10.4390712,NO,Norway,Europe,Asker
rzL2HpjJyHvNucoGpQzlqA,43.2095466,76.6209716,KZ,Kazakhstan,Asia,Burunday
GwogENwG14J23WjA_8gwBA,1.29344578,103.8499876,SG,Singapore,Asia,Singapore
JvLuGJW1MS0aOcf4760LcA,30.3959449,-97.7434527,US,United States,North America,Jollyville
Zr9d7OtMhqvL-Pr3kBIJdQ,19.417092,-99.170817,MX,Mexico,North America,Benito Juarez
bkbKDO00bNVG-rVvWEzn3w,32.886559,-96.984806,US,United States,North America,Coppell
_oQCAy3NlcnSp5X-yGONaA,48.869818,2.37965,FR,France,Europe,Le Pre-Saint-Gervais
vVrKrQvqaEyPgIE6a3Wq6w,50.85699599,4.33370955,BE,Belgium,Europe,Brussels
KrHf6AMX_lEjq0q0L5Nocw,52.23266128,21.01511521,PL,Poland,Europe,Srodmiescie
fDAEdjR6NuRsJuuZOB0MFA,35.020022,138.261049,JP,Japan,Asia,Shizuoka-shi
H1aXvSj5z9jxVv50_z6nEw,42.36246,-71.061754,US,United States,North America,Boston
TXwpsDszYdX3tshxwAhe5Q,35.000642,138.407351,JP,Japan,Asia,Shizuoka-shi
KFQiNiAZcBdGsPwMPKIVAw,56.82617,60.567271,RU,Russian Federation,Europe,Yekaterinburg
CrU1P-kk2AD4jHH9z1RAWg,55.74005631,37.61877222,RU,Russian Federation,Europe,Moscow
A3ZZYaBLd9-K7VeBp-xKOg,50.093994966921,14.437864363336,CZ,Czechia,Europe,Karlin
k1daQMJoJWBKG7C38QS4ZQ,50.79499649,4.30411479,BE,Belgium,Europe,Drogenbos
o6RYSK9QTIoMSXuJwLqtSA,34.764947786041,138.18679058792,JP,Japan,Asia,Shimada
GhiYe3RcIaB3LHAwU4glNw,55.66604216,37.51460111,RU,Russian Federation,Europe,Troparevo
HsDRQKomAtE-WBhbbg9Xww,40.740412,-73.9522119,US,United States,North America,Long Island City
X1VUJ0Y80HL_c0ZwSUrw2g,36.190315,140.289298,JP,Japan,Asia,Ishioka
SqBZ2HitJVan9f9yrXPGWA,41.0049444,28.9751132,TR,Türkiye,Asia,Eminoenue
pvN_kGAzbUpbxu3w3vaDNw,47.648389,-122.349773,US,United States,North America,Seattle
9zblsWFWCB-veoZ-W5H0BQ,43.600236111111,-79.675452777778,CA,Canada,North America,Mississauga
N59Fehb9BIJQZKd68AVuIg,29.6554383,-82.4152396,US,United States,North America,Gainesville
eXw2W3UkYp5tsc1kA9CGHQ,39.255848,-76.617076,US,United States,North America,Brooklyn Park
HrpgfUAFrglolazYABRtgg,-37.8198535,145.016352667,AU,Australia,Oceania,Richmond
aFed752KJaSG2TikYCC3HA,35.3099478,139.2774008,JP,Japan,Asia,Ninomiya
RDTM_auTPPuAESQsKiIv_Q,33.4519249,-112.0982621,US,United States,North America,Phoenix
pHfv5x-QmuYMpiuGaqIYew,35.012937,138.435116,JP,Japan,Asia,Shizuoka-shi
SMYi6CgN3cTpdYvEH-oL7A,43.10040681,-89.50092933,US,United States,North America,Middleton
mmyFHuvahwp7_gPKiylYyg,35.805554,137.240778,JP,Japan,Asia,Gujo
sEC0T_xDfpaQpoGVrX2QFQ,37.559854,140.393695,JP,Japan,Asia,Nihommatsu
uHRDdOAIPppwOFk_n_CxZQ,-27.45204283,153.10464863,AU,Australia,Oceania,Cannon Hill
a7o4P1bxgFuYCelgrnNP8Q,34.964456,138.370904,JP,Japan,Asia,Shizuoka-shi
2HZrl6WfgOhiSOMNYIo-UQ,23.137527391045,-82.36082189328,CU,Cuba,North America,Centro Habana
3qzU13RQZzLHg5ETTfciUA,43.64280603,-79.39990553,CA,Canada,North America,Toronto
6mYisbYske_m3mDUCes4FA,-27.480594444444,153.00738611111,AU,Australia,Oceania,Milton
6VuZXFoe7cwZqYQeSCYK2A,23.0323439,72.5598573,IN,India,Asia,Ahmedabad
_akhcfMMTAC9CX-_o10qiw,-15.8412284,-48.0464557,BR,Brazil,South America,Brasilia
PU5un8hLzV59wKtpWEKLHg,37.780052,-122.418555,US,United States,North America,San Francisco
zYjB14gtfsfCRpApsJO_Vg,51.512108,-0.220257,GB,United Kingdom,Europe,Hammersmith
mw52OAJ84fZjlPC-UugDNw,39.00621955,-77.09753097,US,United States,North America,South Kensington
WMrfvYtbtqS-MVvRXaqgLA,47.22833996752,39.709697506432,RU,Russian Federation,Europe,Rostov-na-Donu
qF7SkRmiz_SBMKon3SHWmQ,37.513704,139.819431,JP,Japan,Asia,Kitakata
ndWfjHehBGcHEF-XuuJMMg,46.939949,7.460856,CH,Switzerland,Europe,Bern
-nBxnPqrlKNcp4oY4U8A5A,35.368811,136.638116,JP,Japan,Asia,Ogaki
fQ78vssCts19HRl6VKyMWg,33.9339683,-84.7267485,US,United States,North America,Hiram
q6RpGEutXBxpmVCOogF5xg,11.3800914,-72.2543342,CO,Colombia,South America,Maicao
VE5WuYaFddn5KTpHme1yaA,35.014151469722,138.84447480556,JP,Japan,Asia,Heda
XZFVDgl3L1sH40RunoPeHw,35.663751,139.797764,JP,Japan,Asia,Urayasu
hegdkBonG6_vm_XC6hqTiw,52.3176237,5.0956008,NL,Netherlands,Europe,Weesp
NziayVsIgxKeTMXJaZKlyg,36.164578,140.234842,JP,Japan,Asia,Ishioka
pxjONoGOciRxfLQt0JANxg,45.5594084,11.549933,IT,Italy,Europe,Vicenza
ean7gKcwAeAO24dLJIsIag,37.911306,140.102329,JP,Japan,Asia,Yonezawa
6VjCwuYEIN3NG-LHhoCOGg,-7.132245,-34.8805817,BR,Brazil,South America,Joao Pessoa
ZiGcgR5AwsvBxgqqRYW9ng,47.86487559,1.90212796,FR,France,Europe,Olivet
RZ0MUJxGURNJDqgGrV__HA,51.496427777778,-0.11123888888889,GB,United Kingdom,Europe,Lambeth
CYyTnlx6cg8hQv878RwV0A,43.414491,6.780269,FR,France,Europe,Saint-Raphael
H07abABO5Lp72iVQI271xw,40.414608,-3.724137,ES,Spain,Europe,Madrid
Fjd-51Enqu3LXOuJEPMDfA,-33.892465,151.149901,AU,Australia,Oceania,Lewisham
5nQcTz7hq29Jw-yaB0lfAQ,-34.8121807,138.50092833,AU,Australia,Oceania,Birkenhead
1wblYsMz3S-HDuHFd9YfbQ,43.449452777778,-79.704061111111,CA,Canada,North America,Oakville
5qozOoCIVpxWAJ9BKrAn_g,50.05621391,14.50699771,CZ,Czechia,Europe,Vysocany
q5J36szkzo0AiX7HW18RMw,-41.441589674156,147.16255326915,AU,Australia,Oceania,Newstead
JiJ89nFN68KnTs1KUO0gRA,47.607084510103,-122.33845652272,US,United States,North America,Seattle
4nxjvwiN2GgfVNPXONcQ1A,48.833352568698,2.2423464092279,FR,France,Europe,Boulogne-Billancourt
4M_bcf2V2RAbcwpwask3CQ,42.353329,-71.073698,US,United States,North America,Boston
ngsACd0RDUs7tDEQuqtqZQ,47.493351702578,19.039941318333,HU,Hungary,Europe,Budapest I. keruelet
vKNXI55cokMju0MYIP7_IQ,40.9003412,-73.8613672,US,United States,North America,Mount Vernon
ArYZhd7GjIIPXnUICzgjKw,30.02360213,-82.32821873,US,United States,North America,Lake Butler
aQsIsFsw6oAapHLjrLuIOg,39.189138888889,-84.481383333333,US,United States,North America,Elmwood Place
a2AeZJ-45g59NsRZVSGSXQ,49.176982,-123.11399,CA,Canada,North America,Richmond
FrCZURXQc4ItFAtnkjqcJQ,47.41417907,8.55099751,CH,Switzerland,Europe,Zuerich (Kreis 11) / Seebach
but8biNUHpmKUBN6o1wJjw,42.00349,-88.121839,US,United States,North America,Hanover Park
x_M0u4wi78laNIopwpOTgA,33.998349,-118.47877,US,United States,North America,Santa Monica
5eFKVBXaLMTnC60NL9_BbA,29.744386,-95.391233,US,United States,North America,Houston
BVeVFi39zQGAAG11w6RqVQ,37.985238,23.870038,GR,Greece,Europe,Pallini
-zwvMY-T6zh0_dZf9GW_wA,41.889088,-87.649244,US,United States,North America,Chicago
jQHnxQ5MyjL-NkZsl7iGjQ,51.513555555556,-0.11272777777778,GB,United Kingdom,Europe,Clerkenwell
8Nc3aqCaHMFglx9ea1zIcQ,33.6132118,-112.0050475,US,United States,North America,Paradise Valley
1ornl-emTtdBJvWKtVZddQ,34.9417791,135.6967279,JP,Japan,Asia,Muko
yzK-nNUU8dSQNylvj7YvaA,29.719963,-95.379643,US,United States,North America,Houston
C_c9UtANLAf_CQ4FH7SQXA,43.536080555556,-79.699866666667,CA,Canada,North America,Mississauga
zEEXunoaM9GKLSkBjewI4A,-6.7922061,39.24286438,TZ,"Tanzania, United Republic of",Africa,Magomeni
1ZH3JzuxLDhC90fBVdiaCg,-25.4725187,-49.2632508,BR,Brazil,South America,Curitiba
AwEI2ef_Qt7skMGAaefVAg,49.273186,-123.101638,CA,Canada,North America,Vancouver
aIEXCTh3KBbMrXy0A_hOqg,53.569427,10.061508,DE,Germany,Europe,Marienthal
tJCF5z8AreiaFUGU8n3CTw,47.2318145,-122.3363118,US,United States,North America,Fife
Py9scFz4GkSuBckGiADkLQ,-43.549568,172.600737,NZ,New Zealand,Oceania,Christchurch
P9IpY9o3B02j1P7iutiE4g,40.8744598,-73.5381631,US,United States,North America,Oyster Bay
QHFJJmLvn92Fq32oUKNl4g,11.93648376,-85.96047253,NI,Nicaragua,North America,Granada
ue3t0Lq0OZb0H4ZQ_xjZdA,35.124277,138.868817,JP,Japan,Asia,Numazu
5_F5b_-epqLuU6SRVZZM0Q,-41.28882892,174.76480385,NZ,New Zealand,Oceania,Kelburn
-zPvF4S1w3onLQrDwlV5GQ,53.3907511,-6.2641471,IE,Ireland,Europe,Ballymun
hIuKRgPHwMlYgkbejWjdJA,52.010542,4.354829,NL,Netherlands,Europe,Delft
LrXCcZPn_7Q7L36b7gdfyw,51.44224278,7.01180197,DE,Germany,Europe,Essen
95FtpipVu15Q2gKdRRIdpQ,41.3806083,2.1185651,ES,Spain,Europe,les Corts
cADzkSLJUlsMKpB_vRo5dA,35.0592069,139.0710601,JP,Japan,Asia,Atami
wiUS1KiKtB5t_EabgueFEg,35.201601388889,139.67624805556,JP,Japan,Asia,Yokosuka
MZpj_O6Jf707YOBblsBKlQ,47.481321,19.026854,HU,Hungary,Europe,Budapest XI. keruelet
lvNdJE0EBm5PSO2aWdbTxA,33.88485826,-84.47015192,US,United States,North America,Vinings
nfD8xhmX6YSoghVpv2_OqQ,50.03898009392,14.457672917684,CZ,Czechia,Europe,Hodkovicky
csJlmaUAhMwKetHvX2Xp9A,50.824501034724,4.3096503129454,BE,Belgium,Europe,Drogenbos
1lPMIX0kf8gmdLIGlKWCww,29.724658,-95.389768,US,United States,North America,West University Place
pz21NGvPIQV4Wf7tDXwdYw,48.843370805808,2.3236674070358,FR,France,Europe,Paris
3Bip9-P7hvtoGAoeM6D-jw,37.462735,139.840966,JP,Japan,Asia,Kitakata
eGbeY4wlV3fIQQeCgo5DzQ,1.317454,103.83548,SG,Singapore,Asia,Singapore
kCnxjIq5SSdVpw23-D1PaQ,48.200439917855,16.375175630674,AT,Austria,Europe,Vienna
CYDq48nyNlpNd95K5xxTJQ,43.1227625,-87.9268495,US,United States,North America,Glendale
bqlltwhb9EYOxIl1aKFSQA,34.674718017694,138.00373280734,JP,Japan,Asia,Kakegawa
NhbwlGNDD6k82SDDDsK-nw,50.850784,4.347274,BE,Belgium,Europe,Brussels
LsC2S5_RbioRh-g2H8qvwg,48.84589181,2.29545435,FR,France,Europe,Vanves
4cLak_JLBKevvkJn7dwAhw,35.635997,139.792699,JP,Japan,Asia,Urayasu
DUinAULotalE1ssyzx0CyQ,43.584623,7.119678,FR,France,Europe,Antibes
H3Pp17gMVD-lyWrB285zdQ,39.920587293876,116.41918091996,CN,China,Asia,Chaowai
jBreCCzISfL_1PBP8EjUAg,46.9473151,7.42901074,CH,Switzerland,Europe,Bern
5oqKxoX5a_WGHtpFdPxvlw,48.849051,2.41146,FR,France,Europe,Saint-Mande
ZeWSn2d-6dajDeRAdjcEXA,56.98019375,24.19792405,LV,Latvia,Europe,Jaunciems
rLkw8UVHa_cHoD8CMUSyFQ,1.309377,103.832066,SG,Singapore,Asia,Singapore
DPleW0BLRERF4nXfHk-M_g,52.498748,13.416895,DE,Germany,Europe,Bezirk Kreuzberg
HJc0WQdBswEN8bBnSN8jJw,33.5709065,-112.0737997,US,United States,North America,Glendale
pcNtClM258dup6gOygQ89g,39.203789485556,-76.445578699722,US,United States,North America,Edgemere
5jFmFFlyPgncQGHJL7H9kA,-36.83998,174.739552,NZ,New Zealand,Oceania,Auckland
LvNz9YF5sqlVwRYBiNHpuA,35.165765,138.914622,JP,Japan,Asia,Mishima
QXXLjiQ0thZ5Hgk3OiBu3Q,14.731218382627,-17.212771561263,SN,Senegal,Africa,Thies
cXPTm3dAP-4XTGGQGMltaQ,56.4473633,9.39051875,DK,Denmark,Europe,Viborg
ByLHBJBDbFCwm6SZ0yAcEw,34.970406065833,138.36912492278,JP,Japan,Asia,Shizuoka-shi
aQQ1eFWipGzhjUUqnadB0Q,37.331885,-121.91244,US,United States,North America,Buena Vista
LZ_NhQh0x9CnBewS0WLmGQ,-36.850431,174.762933,NZ,New Zealand,Oceania,Auckland
PIwuiRK5KLmLYCwIf1jPTw,35.113639,138.859507,JP,Japan,Asia,Numazu
FygJzW9B3JQjkEt3qWGWuQ,4.447084,101.172407,MY,Malaysia,Asia,Batu Gajah
XI9f7fVon8HDvCIPejDncA,47.4309361,-120.3155165,US,United States,North America,Wenatchee
HN4pQbIsrUxK9j0pRsKZ_A,50.06733079,14.41594139,CZ,Czechia,Europe,Vysehrad
6harj8HtXBRLbZIciATOtg,37.665896499948,-122.11078925005,US,United States,North America,Cherryland
q_h0iX8RGGru73bRoQ32gA,-37.829558333333,145.01266388889,AU,Australia,Oceania,Toorak
FebSHeiTTqHZgHJX6MqqCw,36.046545,140.220582,JP,Japan,Asia,Ami
m7352KsDeNsJwz7gHRniCg,37.060747,140.879544,JP,Japan,Asia,Iwaki
3R4wQpEe3ZZUcpWud7gNQw,42.918142,143.150331,JP,Japan,Asia,Obihiro
WJZDEb-ozs2SJvvUJ6AfWA,29.5685818,-98.3850121,US,United States,North America,Live Oak
dojFUiCN6nSetZGUwnPthw,33.9347214,-84.4608399,US,United States,North America,Vinings
kR55HFzya2eHYsm6HTx0mg,42.038174,-88.107513,US,United States,North America,Schaumburg
HkwTheXyYil93Sp0oF2RTQ,43.928822,4.876081,FR,France,Europe,Montfavet
jinBbtW6hDZlFkZkJjXf-A,37.872259,140.545239,JP,Japan,Asia,Hobaramachi
npXp-pnfgkV8CQxFtn2_wg,50.021363244385,14.414025838508,CZ,Czechia,Europe,Hodkovicky
xztU7Z6N-bV9o2ehkEkwzQ,33.46147345,-112.0652025,US,United States,North America,Phoenix
nXmECPxpHue407NBppboSw,41.9669536,2.7327298,ES,Spain,Europe,Bescano
a2-cjwuXmO687YN_vlynhw,51.51900456,-0.14464762,GB,United Kingdom,Europe,Camden Town
4-5jeZaPBsUpbfwfaSBOLw,60.167947,24.956539,FI,Finland,Europe,Helsinki
x41AHLqFLmU_j6B1D7dYFQ,37.327468055556,-121.95351,US,United States,North America,Burbank
5nreWuxNYaY9nqAlUxowMQ,42.400013,-71.095379,US,United States,North America,Somerville
cCqcX8G0_wXEa9hcyecWew,34.934205,137.585876,JP,Japan,Asia,Shinshiro
aAcaQrZy91einjB0af8YFg,34.083568,-118.306092,US,United States,North America,Hollywood
6b0yCroYvgMImGs_X9k3AQ,34.804132,138.075049,JP,Japan,Asia,Kanaya
ixnF_DPoy3Z2l-0g0K12Wg,40.7664844,-73.939539,US,United States,North America,Long Island City
DxjK3zUkofEK9sJP-yjCLg,49.219173,-123.140149,CA,Canada,North America,Vancouver
MLDpe8kgUKRQUVZ8tcbbwQ,51.510779,-0.13418100000001,GB,United Kingdom,Europe,London
KEhZ1tGG-ys2qZqgIQHCRA,35.164301,138.910728,JP,Japan,Asia,Mishima
HmJe6DM1w3QDmFb3ndliIg,52.400725,4.90557,NL,Netherlands,Europe,Amsterdam
9vM1t8PjSJYjnnby5_VqoA,-34.90411288,138.55957638,AU,Australia,Oceania,Allenby Gardens
zFwY5IW0_9QyTFeBFWFIZA,47.495955666527,19.035429507494,HU,Hungary,Europe,Budapest I. keruelet
8X8Gn1ABg5QIK9EPISckWA,52.358134,4.853259,NL,Netherlands,Europe,Amsterdam
JBVNYC3PinXxG3HcDtaKug,52.327618,4.792937,NL,Netherlands,Europe,Amstelveen
fT01NC4tdGvghI9R5I11uw,33.9786846,-84.55280856,US,United States,North America,Marietta
E_vD_WhYGQ_dm1x8czS5Gg,12.794945100278,101.64357402361,TH,Thailand,Asia,Klaeng
Qjsr588ZyFOliGMf99BL4Q,-6.8184861111111,39.284341666667,TZ,"Tanzania, United Republic of",Africa,Dar es Salaam
1eTCk8nB3FSM5V7xogVEAA,40.713998,-73.961667,US,United States,North America,Long Island City
3Bm4_u-QI4QEKAS1SW2-Bg,-33.90959322,151.20531171,AU,Australia,Oceania,Alexandria
PxjKHcsORBAjJUHtpwMdrw,33.988838,-6.827298,MA,Morocco,Africa,Rabat
3RB7MwMIeBcNusnU5bdl-g,-22.226275,-49.934306388889,BR,Brazil,South America,Marilia
QOQyo7R0kv0o5nD45Y2Jhw,35.117372,138.905012,JP,Japan,Asia,Mishima
rugaDSmVjaPXiYmGtTuTKg,-34.589309,-58.401711,AR,Argentina,South America,Retiro
OfkKQjuQVfscwAg-xgowLQ,38.892215,-77.018688,US,United States,North America,"Washington, D.C."
_nsV8-7Pr5OL3HSzNxJVyQ,51.643636111111,-0.18501944444444,GB,United Kingdom,Europe,Barnet
2GSXJnMNPdqamBUsPJreeQ,40.722808333333,-73.950338888889,US,United States,North America,Long Island City
0N4F16wDY9PArjddtmNvwg,48.624050138889,2.3514039166667,FR,France,Europe,Fleury-Merogis
PUXPfq2XOvz21RXR6w-NbA,40.473517,-3.750076,ES,Spain,Europe,Fuencarral-El Pardo
4fC9r4lWHhuUpT4js-3uaQ,47.409972222222,8.5378361111111,CH,Switzerland,Europe,Zuerich (Kreis 11) / Oerlikon
0NAkQGTqAfm7LNzziBPBww,51.49182457,-0.07611826,GB,United Kingdom,Europe,Camberwell
NyzKCld0HObgzVv4bdnWHg,-24.0135,-46.418149,BR,Brazil,South America,Praia Grande
YcIrzFadZJFc89B0-1wMGw,39.282895,-76.626194,US,United States,North America,Baltimore
Uf80PSkD1cJRT3ruEUPh5A,35.09647,138.851987,JP,Japan,Asia,Numazu
xzMbSCL1zIXHVycwBu_krw,55.739330701658,37.668275535107,RU,Russian Federation,Europe,Taganskiy
PD3e6khEhgnJaFQlSmHGow,35.651478,139.811635,JP,Japan,Asia,Urayasu
XjXRt7XwRjbXie1couHFYQ,55.764524020041,37.638736370005,RU,Russian Federation,Europe,Moscow
hX4DkHXpnJsECnfHlJrQsQ,-28.01004281,153.40324592,AU,Australia,Oceania,Surfers Paradise
EJvsdS1GwEFjpF7P7Eryrw,45.066230555556,-93.237022222222,US,United States,North America,Fridley
eTlwMXy2gFxMYjDhWV78sQ,35.141901623333,138.36603022361,JP,Japan,Asia,Shizuoka-shi
M24sToP2LiSAK-CP27bJpw,39.316237,-76.619347,US,United States,North America,Baltimore
44bjg1MMePUJxz1XAkTBgQ,43.696408,7.269854,FR,France,Europe,Nice
9AOCJMLVx8waAK4ajsEmCw,47.6163567,-122.3200083,US,United States,North America,Seattle
gjti4ct6419nZhko5C4hyQ,41.900613,12.465026,VA,Holy See (Vatican City State),Europe,Vatican City
TSknvSj_6jLgyRg95YA1NQ,10.48621725,-66.86242343,VE,"Venezuela, Bolivarian Republic of",South America,Chacao
lXeJy0wsguT4uUL0UtywVQ,-41.451842479629,147.14045559282,AU,Australia,Oceania,West Launceston
8Wvj1epTdev4J04BDILz8A,39.4693671,-0.3820124,ES,Spain,Europe,Valencia
yE-0O_2k59m-miO0zjX-Gg,53.3453167,-6.255024,IE,Ireland,Europe,Dublin
_qfzZD6UG9KKtBHo8aIkJw,35.251849,139.039493,JP,Japan,Asia,Hakone
N8WwpYkH_9mlLbLGM8kM_Q,47.49302481865,19.07505774508,HU,Hungary,Europe,Budapest VIII. keruelet
sHEE9UR0difw0-gcWWUB2w,35.233321252222,138.34351310778,JP,Japan,Asia,Shizuoka-shi
Ca6UlrdMlcaPEauxJ22onw,47.121721,-1.916427,FR,France,Europe,Chemere
TLAU0adPWzRCIBYCxMhCzQ,52.1115781,5.1849554,NL,Netherlands,Europe,De Bilt
zqJHC0TFDcMmzmk0JRHjaQ,42.361928,-71.054514,US,United States,North America,Boston
NJM9DXyriLn0_XmPfX1w9Q,48.849465,2.366589,FR,France,Europe,Paris
oy92EU5n38HppHoMBDHAIw,-33.800753,150.963081,AU,Australia,Oceania,Constitution Hill
Pdi8MbNMFctCqiesMzPb2A,35.050544,138.890138,JP,Japan,Asia,Numazu
RrAt7aHfh03JF_7NoRRfXA,27.9377904,-82.2975336,US,United States,North America,Brandon
MFuJXUvIN3djCjMYWJqCZQ,41.887331,12.51485,IT,Italy,Europe,Rome
gIYC1ep6-etZKu9tldPmUQ,50.083915710449,14.414279937744,CZ,Czechia,Europe,Stare Mesto
ACJbE79zA9ejhOzy_iVdPg,29.797709,-98.409158,US,United States,North America,Bulverde
jFwozFmponqvwYV0uGta4w,35.013797963056,138.42120043,JP,Japan,Asia,Shizuoka-shi
5dvZls2wnDa4nbQ4rg-IIQ,-27.47060624,153.04277647,AU,Australia,Oceania,Brisbane
ZiDwF6JUAGtKdi6GCG0gKA,43.431913,6.749453,FR,France,Europe,Frejus
4DkS5tSm2nBlHTwLjkAsNg,56.005125,-3.82262,GB,United Kingdom,Europe,Larbert
BfKp88YxoeTWyNGyD1KPVw,33.88888877,-84.47406219,US,United States,North America,Vinings
440WiF6NbXCXS1GrzzNi4A,51.019807,4.484652,BE,Belgium,Europe,Mechelen
n7cX5H5-bpPiJWMPxu90mQ,-34.87564809,138.56627166,AU,Australia,Oceania,Woodville
kqB3CwZRV2IdKQBfEZbYGQ,35.626122,139.63158,JP,Japan,Asia,Tokyo
XXtTQFD5kuDnH3KLlaj60g,47.4527571816,8.5729519743472,CH,Switzerland,Europe,Kloten / Holberg
ufE402F7q4Bn8zvFfmAQQw,38.90781383,-77.06636964,US,United States,North America,"Washington, D.C."
0Be5dXzrmHWKPlOF65P-kw,44.973641666667,-93.222838888889,US,United States,North America,Lauderdale
Lu8VAfCixtPaIHmzvALAUQ,36.6624591,138.181742,JP,Japan,Asia,Nagano-shi
7o729ZnJHBE8gF4zWyWCeg,39.271765,-76.601365,US,United States,North America,Baltimore
nJHI9A7v2tytK9nVgvRQxQ,35.665084,139.804911,JP,Japan,Asia,Urayasu
-24xIsrQS_XSpHHgmmOB2g,-37.797141666667,144.99761944444,AU,Australia,Oceania,Clifton Hill
8VJ7-Jtmfg990bWhxpiC-A,-34.604892,-58.381523,AR,Argentina,South America,Buenos Aires
4lHgmnSMO2Tm5wJb1zeVBg,34.003355,-118.482225,US,United States,North America,Santa Monica
J8GqwJwt7AowO1WhqQKg_g,51.879751,8.4904,DE,Germany,Europe,Verl
61khEaqzv18vRLpkpxn8qw,47.592357478124,-122.33531407203,US,United States,North America,Seattle
b4FE4zMfXxb_g2wL0axEgQ,52.246152,5.207119,NL,Netherlands,Europe,Laren
5qYYMwIQ7NUR3FH0-C7ZkA,36.036153,140.15988,JP,Japan,Asia,Naka
fbckn1XfsWVR7P_1KzIbsA,1.286775,103.844888,SG,Singapore,Asia,Singapore
CO_HoBu4uVUomqoCF1RPpw,53.3438218,-6.2493768,IE,Ireland,Europe,Dublin
RvtKJYv4Ig7xYGEIwLibdA,52.37567,4.888839,NL,Netherlands,Europe,Amsterdam
7r-QRQmX3h7Uzk9E58zjog,48.859403,2.329793,FR,France,Europe,Paris
WrCmX2wAi4GCb0wxHcDlDw,-34.6141666,-58.5247945,AR,Argentina,South America,Caseros
T3ey6xmB8dIe2GysHUHILg,35.661481,139.728542,JP,Japan,Asia,Tokyo
Z3cKfTjH64b9UpKLE_yBEg,-33.873786,151.221267,AU,Australia,Oceania,Darlinghurst
B1gEhWVV6HL8Z1ShcO8Q0A,42.027335,-88.079838,US,United States,North America,Schaumburg
EBJUpaaay3XHS1-3VvAB-w,51.597462,-0.669891,GB,United Kingdom,Europe,Beaconsfield
eEyHFV6eS66YY0TX6qMGdQ,55.95240302,-3.20705407,GB,United Kingdom,Europe,Edinburgh
hbcpayCjRZ3GWD2MEAGRSw,47.46318988502,8.5834385734052,CH,Switzerland,Europe,Kloten / Freienberg (Chanzler-Chlini Chaseren)
18txoeVv2piuFjNGAkKn4w,45.43843818,-75.65525592,CA,Canada,North America,Ottawa
uEDmoaNmjcIhPnhnLxisKg,50.084888776096,14.455565621828,CZ,Czechia,Europe,Karlin
ZpgCh6Dv_lHheS3UhlGmtg,45.49499976,-73.61859131,CA,Canada,North America,Westmount
uc3-DeBh70ZnIpVY1ZpeIA,43.664413,7.150916,FR,France,Europe,Cagnes-sur-Mer
CCWQuqlnzeRPr9_AC6WOsA,39.252088,-76.983512,US,United States,North America,Highland
VYdL2YBWT4P75RLEYshtnQ,41.88428131,12.4886068,IT,Italy,Europe,Rome
4NIPQxDN_mZEV0ycDCLFQQ,-6.785101,107.273574,ID,Indonesia,Asia,Ciranjang-hilir
CBlAd5Gw5-aBk3fslpLVUg,35.117690489722,138.61099696611,JP,Japan,Asia,Fuji
pcR2x9mkLyVEpIa07juKcA,1.382443,103.826068,SG,Singapore,Asia,Singapore
LL8-MMcuHInMGcLm85WTNw,35.645931,-97.460506,US,United States,North America,Edmond
9a1olxqkeV5pTsnNu_2iAw,48.90202624,-122.3751729,US,United States,North America,Everson
_eQ_BGFVitatLkQIPzcEzA,45.440519386667,-75.716996267222,CA,Canada,North America,Ottawa
HSpullgONm_YYlULm4k68w,-15.804243,-47.885993,BR,Brazil,South America,Brasilia
ath8AkxtfH6mHJeo48rPAg,34.9512162,135.8107505,JP,Japan,Asia,Uji
QukDvWyov3531pjnamMyvw,47.498021,-122.20121,US,United States,North America,Renton
3mw1c-JXt8y1gRfVS_5lhg,55.8251083,37.6348983,RU,Russian Federation,Europe,Ostankinskiy
3c-WuEahGld3kd3UhDu5Eg,52.535089,13.416847,DE,Germany,Europe,Prenzlauer Berg Bezirk
-LtQo5edm0gYE_NGNMPdPw,40.6088967,-74.0887307,US,United States,North America,Bayonne
6ZHWl0vKFTaDntEZK_dSjQ,-12.065591666667,-77.039971666667,PE,Peru,South America,Lima
ZBFVj0r4MGoXj6k5u96OCw,46.956163,7.42581,CH,Switzerland,Europe,Bern
ey6P6lygMMabQ95tD6zYOQ,55.957607,-3.19946,GB,United Kingdom,Europe,Edinburgh
JdHYs5ixqXpnBQU4ILON2A,39.767071064562,-86.154519869015,US,United States,North America,Indianapolis
483XnMwD2kAXSgZ6l0YLiw,1.303597,103.806428,SG,Singapore,Asia,Singapore
JZfMev5D0-6cyUCaihWMWg,33.94183336,-84.46330443,US,United States,North America,Vinings
hPIJqvVrcmg_cd36rrdR5w,-0.21357166666667,-78.498215,EC,Ecuador,South America,Quito
0tlXnynYPQKeiImX4UHN9w,51.523111,-0.151486,GB,United Kingdom,Europe,Camden Town
KG1un2fSIJkp7zExvol-gg,45.418989,4.393606,FR,France,Europe,Saint-Etienne
pOAxCu1jL9EZXCSS5RBEaQ,34.97804091,138.38894061,JP,Japan,Asia,Shizuoka-shi
qYym3T0F1Du8Ifkkk_LU0Q,52.164948333333,20.805211666667,PL,Poland,Europe,Pruszkow
80taDgaYfsYjPtxy_3m9aw,59.31516224,18.0729707,SE,Sweden,Europe,Stockholm
kpxc6FxieOiHyR8JlHQ-Iw,49.071286836729,19.311409604941,SK,Slovakia,Europe,Ruzomberok
_XYrWZW156EFX8jUe-mCTQ,35.86803,137.213326,JP,Japan,Asia,Takayama
LZrwuaHSpCy23_50j0fErg,45.419569444444,9.2613666666667,IT,Italy,Europe,San Donato Milanese
x6BKFkHvQoyAq-6p0tMx2A,37.797589,140.948782,JP,Japan,Asia,Marumori
JX3DJjc8s54YSmltJD0ZIQ,51.484706,-0.116521,GB,United Kingdom,Europe,Kennington
0D-ro0oVG2CtHFrFzdbp8w,48.848731,2.372393,FR,France,Europe,Paris
8TK9Td48PxdrXE5VjTLIrg,43.60675,-79.730947222222,CA,Canada,North America,Mississauga
_AiVqZ4l7khr6CGKcGpxgw,35.285089,136.781115,JP,Japan,Asia,Ichinomiya
lfsvN8ZfljmFSa0Kgh3TuA,-41.465729679,147.159376472,AU,Australia,Oceania,East Launceston
WzsRZd5qQZvN3TvisU_mgA,1.299279,103.843132,SG,Singapore,Asia,Singapore
RUnXEJIwNcd7XEJuiDUFXQ,43.679941,7.230536,FR,France,Europe,Nice
28OslL6xyPxqSDJC40NCDA,-33.881422,151.21900907,AU,Australia,Oceania,Darlinghurst
6TKKmenIVq61AXXapDRY9w,43.722102777778,-79.584891666667,CA,Canada,North America,Etobicoke
_tVh1EuNWNVckyDxnKxx6A,39.765545222908,-86.156904939562,US,United States,North America,Indianapolis
8wPUNbiz6_k9cd9Tll-thw,-37.7876225,144.9249082,AU,Australia,Oceania,Flemington
8Xutc81NQIz5BWPAePDVXQ,50.441461666667,30.512865555556,UA,Ukraine,Europe,Kiev
0NdOjIjPdBWab-VBCMColw,64.09658672,-21.87580388,IS,Iceland,Europe,Kopavogur
7VO4YmFT8qN1UW5S-y_7EQ,34.718587,137.872947,JP,Japan,Asia,Iwata
Nf8J6O9-SL7J_TrvbMsGew,39.842655127868,-86.152436044067,US,United States,North America,Broad Ripple
dc5D_44aQPVsZmBXcTSlVw,36.185942,139.981088,JP,Japan,Asia,Ishige
Xp4QBzzqz2P6RByewwM51w,48.27532701,16.40799555,AT,Austria,Europe,Hagenbrunn
nXnkPLw6l-3YKTZYNQQCKQ,39.74298281,116.49745339,CN,China,Asia,Yinghai
q8beY-oaGme8C_S7tQ1JRQ,38.910297222222,-77.043586111111,US,United States,North America,"Washington, D.C."
xZCmLh4QJVC1vsfJt3fKfQ,9.938502,-84.0793053,CR,Costa Rica,North America,San Jose
g1Prt3nikye1YmnS_2GtAQ,43.61177899,142.47783429,JP,Japan,Asia,Asahikawa
hYe3haOKcQ2qaoDzq8r0qQ,41.9018792,12.5001486,IT,Italy,Europe,Rome
ZPt8YHEJWAHTFwEJ3LmYjQ,51.333483333333,12.367336111111,DE,Germany,Europe,Leipzig
xkTcELwgnT6L9F3IRO0rPg,37.705661,140.455029,JP,Japan,Asia,Fukushima-shi
FT0lKZ21IVVGmyVFanfzAw,42.392637,-71.171297,US,United States,North America,Belmont
ErfWNgkXYgCmyWYkIrZnUg,-34.4128669,-58.7006104,AR,Argentina,South America,Santa Catalina - Dique Lujan
tuidSxuKIG8wzbZYybZzjw,2.920283,101.686139,MY,Malaysia,Asia,Putrajaya
G4tvawHZUd4o4b04XxazNA,50.087069067449,14.428144803012,CZ,Czechia,Europe,Prague
SJKI2eZxoS4wCLX8kldQRA,50.040327552785,14.438447915775,CZ,Czechia,Europe,Hodkovicky
patU_BB3W1OH28QBx4BiWA,35.308677,136.912804,JP,Japan,Asia,Komaki
gNitvkEyw94pQQTrKx2fYQ,23.13822158327,-82.368719640314,CU,Cuba,North America,Centro Habana
aq8URGtwbaqCZtBLA7YaOQ,1.296729,103.830844,SG,Singapore,Asia,Singapore
G2S2QdeyL6VWkUTvTLCeTA,-2.89508804,-79.03213984,EC,Ecuador,South America,Cuenca
jfHZAzj97wvTRNhB3OywcA,35.100169,138.861053,JP,Japan,Asia,Numazu
hBMGzGUXGgeTN2bN5Y4sjw,-41.43554123777,147.1396622323,AU,Australia,Oceania,Launceston
igbtcChUvgF1GK8IuRfZDA,40.647226388889,-74.50052,US,United States,North America,Warren Township
M77jLsM6trM4LULRIy81sg,22.37569,114.197976,HK,Hong Kong,Asia,Sha Tin
_Cvgr5lwFlq6lGCAyFCcPg,54.42528,18.594161,PL,Poland,Europe,Sopot
l-xtHUnrD_U17y1xDwqrUw,41.893379,-87.694276,US,United States,North America,Chicago
wUANCseLaK6MQ6JiQ-LH_g,47.46961721,19.06432459,HU,Hungary,Europe,Budapest IX. keruelet
e9QCQ3FUAo2Nl0tpM33ocw,-37.8300455,145.0436144,AU,Australia,Oceania,Hawthorn East
8gDJwDsXmqxaeDOLNe6X3A,-33.865114,151.212588,AU,Australia,Oceania,Sydney
rV0nGLXUESm7NInB4ysi0w,34.821086967334,138.01607215183,JP,Japan,Asia,Kakegawa
5oe9pXjMS9GWwsgqJt7EqQ,50.857897,4.348439,BE,Belgium,Europe,Brussels
uEVeAIICDqLCsEPbzMBo_w,48.84605744,2.33123488,FR,France,Europe,Paris
6DgRYW8VWDeievMCfnVIuw,56.98217663,24.24755534,LV,Latvia,Europe,Bergi
46YesX3UyZfmgG9g881xRQ,4.5309096,-75.642556,CO,Colombia,South America,Calarca
OU6eTCcf7ktEjnMdzNYSlQ,24.873693,105.655708,CN,China,Asia,Xinzhou
Bkv_GXCs5YrWPN70Mbcojg,41.919114,12.490467,IT,Italy,Europe,Rome
xjQZuqU-H6uotCv9W6NBBg,59.31801817,18.08347116,SE,Sweden,Europe,OEstermalm
A0c6XJTJc1mSkL7_WcMS0A,56.6529566,23.7149466,LV,Latvia,Europe,Jelgava
mzw0GHyQMz-m5qUKzqyoiQ,-33.868202777778,151.20840555556,AU,Australia,Oceania,Sydney
xKjdYdm9QoZp4v6fQY-h9w,43.534247222222,-79.913413888889,CA,Canada,North America,Milton
9vmLvh9pkmsviZfqVuws-Q,25.191137,55.27218325,AE,United Arab Emirates,Asia,Dubai
p9W-POF6U2m0QW0jgo_Aeg,40.431715,-3.691357,ES,Spain,Europe,Salamanca
fuFjG1rUM-Ijm-MFMLIFHQ,-34.613698,-58.390603,AR,Argentina,South America,Buenos Aires
2tSW5Y3DTQsGrSDvaKDCqg,35.29435,139.62017138889,JP,Japan,Asia,Zushi
t60NXY23MP96jogPkeqa1w,51.505227777778,-0.11279722222222,GB,United Kingdom,Europe,City of Westminster
lXNCJ47_Y--qajTLiRe_uw,41.884586,-87.616974,US,United States,North America,Chicago
x4Cx37X5nerXtXJXVsnN6Q,50.89197858,4.30995186,BE,Belgium,Europe,Wemmel
nofovxJCMgDR9dnExPPUxg,35.154117,138.819657,JP,Japan,Asia,Numazu
6y9-iJBjyx0dVy-mrWYnxA,38.578402,-121.486647,US,United States,North America,Sacramento
-tRuGgG35QpQjRBw5Gi1RQ,42.362727,-71.063889,US,United States,North America,Boston
QUjvRIOxsRaruykmJlhSmw,-35.276071860109,149.12946177408,AU,Australia,Oceania,Canberra
zRmo-YLdunzlwFVQv1EOyg,37.584661388889,-122.37254972222,US,United States,North America,Burlingame
VbQTjRqNWAvDlJ-8VuAacg,-15.7724,-47.909767,BR,Brazil,South America,Brasilia
Vs7a5KBICEfnRne8n7-Mtw,52.391966,4.913019,NL,Netherlands,Europe,Amsterdam
5ZlsvgSW53jsFAW6okOk5Q,59.347585,18.030669,SE,Sweden,Europe,Solna
_8hTlclw0003eMXoDJKDJg,34.95260384,135.75217074,JP,Japan,Asia,Muko
b6UtFxKhXvS8-tDkKPj0bQ,-23.6596006,-46.7008016,BR,Brazil,South America,Diadema
FzBDdCPLsHRJPF2a1TmIhA,37.395159218093,-5.9908801317215,ES,Spain,Europe,Sevilla
cT8jn4tMqn1Gq75YoCBvJg,5.3351933,-3.9904517,CI,Côte d'Ivoire,Africa,Abidjan
6K9C7KHR8b3YAFYpNUXXUw,47.453268,8.581969,CH,Switzerland,Europe,Kloten / Horainli
Qv3EaUmWIadq4XvYjVUaNw,51.4681847,7.0138023,DE,Germany,Europe,Essen
Hb8zvEJzyn2X98C9rG3Vng,51.4595878,-0.1801287,GB,United Kingdom,Europe,Earlsfield
o-Fdh88KaBwaQntJpGtSLw,49.9136295,13.9795342,CZ,Czechia,Europe,Zdice
WEiJ6ccLz4OsXfWhKAIboQ,37.599206388889,-122.38829305556,US,United States,North America,Millbrae
QjbM15afcgUgcC3iXxuMUQ,40.298447,-3.939638,ES,Spain,Europe,Arroyomolinos
AFD3LzVb_95qSXnfPNjUMw,-37.796441,144.897268,AU,Australia,Oceania,Footscray
9h_WaxX8A52t7lkZ0H4Jiw,1.295635,103.852376,SG,Singapore,Asia,Singapore
EPX44kB0V4tBrZyRkc5WEg,35.09741098,139.07524431,JP,Japan,Asia,Atami
Uh9keB_Lww5K5DetDyv0QA,47.640799,-122.137891,US,United States,North America,Redmond
EKvv01EU8ZMcNqPbdBRwpg,44.388941721739,26.117429220304,RO,Romania,Europe,Bucuresti
yuSBRRglHerdomU0iAJ0hQ,38.896545544167,-77.008196851111,US,United States,North America,"Washington, D.C."
3wxOHEEuKh5mu1S5rl9AIA,35.654746,139.745459,JP,Japan,Asia,Tokyo
PCqunQynaZRXPOfTd-rfcg,37.552079,139.752701,JP,Japan,Asia,Kitakata
YOI_4EAnhRpgGHUONpM2GA,26.236145,127.732276,JP,Japan,Asia,Ginowan
OhVhN2NEg_XdFUiW9JsYTg,35.3110048,139.2477274,JP,Japan,Asia,Ninomiya
sOMSuQJk0mMsxB_e9MI91g,47.41302137,8.53705853,CH,Switzerland,Europe,Zuerich (Kreis 11) / Oerlikon
r3BpD9Kdkb5edLER21JdMA,-6.8178944444444,39.290216666667,TZ,"Tanzania, United Republic of",Africa,Dar es Salaam
qJWDYJkncNgSOaD1_F_KzQ,52.232593,20.996412,PL,Poland,Europe,Wola
Fk5yX163tC-KuT8wxHKIog,33.994527,-6.850023,MA,Morocco,Africa,Rabat
22nwITWPX0Nqocv2QA3fVQ,43.050801,141.46896,JP,Japan,Asia,Ebetsu
ya8c099bwsuvF-TBHLed6g,52.178775,0.14284166666667,GB,United Kingdom,Europe,Cambridge
6nb-KzAO11aqPmnKN1AFWg,41.393681529415,2.1770711268937,ES,Spain,Europe,Ciutat Vella
zgHOkvnlfwlHWbIrpFGluw,44.724763888889,-93.440886111111,US,United States,North America,Prior Lake
OriQT1dkstuwi4MA6_kwpQ,60.16637961,24.90805348,FI,Finland,Europe,Helsinki
nvnIiLhuFieKCaI3cbitSw,37.557694,140.030239,JP,Japan,Asia,Inawashiro
nm1K4erQzQaJGkeU2OZ2bw,1.329119,103.822902,SG,Singapore,Asia,Singapore
76Nf0Dmc8R-LPm8tc9kZzA,62.974,8.7313055555556,NO,Norway,Europe,Surnadal
_2yFuPMD1eo4D1sHkx-c4Q,44.902291666667,-93.177375,US,United States,North America,Mendota Heights
44Nu3_Cer6ckIoW1MiBDuQ,39.82570591,-86.14007733,US,United States,North America,Broad Ripple
JtabVayHIHoa63FFZpzE4w,-33.44906,-70.6600953,CL,Chile,South America,Santiago
MsjIhE55sdTbjDBm4suD_w,40.349852,-3.818462,ES,Spain,Europe,Alcorcon
Zt8rRn7a0GNno-x5q2EcZg,37.506013888889,-84.324941666667,US,United States,North America,Berea
4Bw74lKT05XiX9rVfiNC-Q,48.1792757,16.4247453,AT,Austria,Europe,Vienna
sHf-4iJ7tQ0_BBdO-guxFg,38.884447222222,-77.156966666667,US,United States,North America,Seven Corners
bdFCJ8-cpipNckz6rXKH-A,51.342649,6.558593,DE,Germany,Europe,Krefeld
qKQtdrLyRW3hc4AhWJEy9Q,41.88823,12.514169,IT,Italy,Europe,Rome
-4jzRzGfKmQg8RBNlNqnGQ,41.37806784,2.14555249,ES,Spain,Europe,Sants-Montjuic
fc0LVY4x327aKmFq5qmuoA,-43.502531892883,172.60576237094,NZ,New Zealand,Oceania,Christchurch
j1tUDT6rWC4KH8I3Wczx1A,27.9337543,-82.2858285,US,United States,North America,Brandon
z2rtnSD3E6Ol_-lFOIzHBw,1.323682,103.827319,SG,Singapore,Asia,Singapore
tlgtyMh_f04MhPhsZxotxw,47.622003,-122.3434887,US,United States,North America,Seattle
2dP8ZTMC_fopdAWuhleNeg,24.869972,121.220277,TW,"Taiwan, Province of China",Asia,Daxi
sTIAgN5Uigv3RNLDJ2g28g,52.5347717,13.3037764,DE,Germany,Europe,Charlottenburg-Nord
VBBxMcZIecjjRTx8wt82uw,19.4023798,-99.1555534,MX,Mexico,North America,Benito Juarez
ejNxpdW4EC1205LjHtSSHw,47.7197291,-122.3181429,US,United States,North America,Shoreline
t1_VX3Bt4ydmFX8bJQGjUg,35.291669,138.942498,JP,Japan,Asia,Gotemba
VRgS16XCONW0Hh3mnCLenw,58.01506652,56.25241833,RU,Russian Federation,Europe,Perm
K3c8fAgflYDPsAuVYIq3vQ,41.44086862,2.2226772,ES,Spain,Europe,Llefia
KHOxjJflIN-SmPzmt34rGQ,-33.894013888889,151.26346111111,AU,Australia,Oceania,Bondi
r8UMhtlNGrRMw8d_lWdSHQ,64.10008986,-21.88803349,IS,Iceland,Europe,Kopavogur
HbSfET7ZO75X-auOio_cmw,64.11368366,-21.92373795,IS,Iceland,Europe,Kopavogur
Q6VF-JMfDVKyxEEo7CkCNw,36.024259,140.297598,JP,Japan,Asia,Inashiki
_dho7ImE4UN2u5g4PmqIHQ,43.637591666667,-79.391936111111,CA,Canada,North America,Toronto
7HQ56BPyv3u-XEMkYRMKlA,-22.4046552,-50.5778931,BR,Brazil,South America,Paraguacu Paulista
eEntilF9Ew9FM2NbfIY1iw,10.53993203,-66.991378,VE,"Venezuela, Bolivarian Republic of",South America,Maiquetia
xzz-bHje_DNy5ZwDI3-VjQ,1.322918,103.813682,SG,Singapore,Asia,Singapore
6hYSY9s_Z0wv_qHQc9fuJg,41.397809982511,2.2055813910645,ES,Spain,Europe,Sant Marti
j8SYdyGoONpSaReSXS1Alg,42.351052,-71.065257,US,United States,North America,Boston
DmPkMIHUv1ombpdPjIS_KQ,35.676747,139.794077,JP,Japan,Asia,Urayasu
P9H3iT7hZiG1jXuALEO0dQ,35.655663,139.692716,JP,Japan,Asia,Tokyo
mg7lIG2Je0PeDrxR5YA7rA,52.2179715,21.04598938,PL,Poland,Europe,Mokotow
ySRaZXctJ6u-guIMI1UUiA,51.885136666667,-0.52487,GB,United Kingdom,Europe,Dunstable
rOfzfNACM76ymQcrjuEEAA,40.744481,-111.899553,US,United States,North America,Salt Lake City
z3MaaWPLH3xFHRkMvfoPig,-27.446127,152.958382,AU,Australia,Oceania,Toowong
9HqY6awIM1MCM7EiYtJJ6A,5.3164106,-4.0105351,CI,Côte d'Ivoire,Africa,Abidjan
D6PA8rAOAWrVd8T5ObJrpw,-33.449343,-70.6396037,CL,Chile,South America,Santiago
yCGXI2vmD978UGbH-9kokg,-37.993084,-57.564432,AR,Argentina,South America,Mar del Plata
gUNSFVjcuMWyq1zRs-RILg,42.362741083333,-71.05643135,US,United States,North America,Boston
nkiA3x-lEBwMEykq_yurbg,51.510588,-0.086921,GB,United Kingdom,Europe,City of London
p8B2_rUJptxqKKkwN-OTFg,40.847885,17.123818,IT,Italy,Europe,Putignano
uX6F7Y2037w5OX_nEjdM6g,4.5228310999979,-75.685839,CO,Colombia,South America,Armenia
cmYQw-biwa0ktg7XWFaSpw,39.80809411,-86.15193435,US,United States,North America,Indianapolis
PHblxEo_Xg9GPfAhKCQ8Gg,35.524723,139.508164,JP,Japan,Asia,Machida
-XbuVbJprvlUDmLVkYEZnw,39.79119526,116.50848912,CN,China,Asia,Jiugong
CoMi13trvH0UE03Omj2INQ,41.903438,12.458426,VA,Holy See (Vatican City State),Europe,Vatican City
K6xP8GsVtzf2pcD5eZ8F5g,-0.215935,-78.439316666667,EC,Ecuador,South America,Quito
CUlp9jmw4qmmglfEIr-nzw,-37.8093285,144.9322135,AU,Australia,Oceania,North Melbourne
g2s8QD2WBmvcMPoG5b3cfw,-33.431170983038,-70.588697586624,CL,Chile,South America,"Villa Presidente Frei, Nunoa, Santiago, Chile"
DU07llc0SwXUj3vmrWntFA,-12.053294,-77.037495,PE,Peru,South America,Lima
R4QSK4T7rvoQ1ZdQGU3MIQ,40.72595,-73.9519849,US,United States,North America,Long Island City
UokXhjzsfOm0cYBhGQpZdQ,50.0674589,14.4178244,CZ,Czechia,Europe,Vysehrad
v8gIxSoVdXLgrgY2b7FSjg,37.518087,139.90678,JP,Japan,Asia,Kitakata
W9_DNeuImX3aNSKEQ5Hurg,-43.537337139306,172.59665007628,NZ,New Zealand,Oceania,Christchurch
SuxXp3gPxWjefUHkNAvkMw,48.4602666,-123.45100756,CA,Canada,North America,Colwood
TV9rgnvJqb_e8E0goifhkQ,55.936806,-3.193702,GB,United Kingdom,Europe,Edinburgh
HQ2BD-hNOBK9Rc04tUV-Yw,43.2291074,-79.9451763,CA,Canada,North America,Ancaster
g5UA_MeFqTE3eOUqmNtWtQ,38.926697114355,-77.035452358309,US,United States,North America,"Washington, D.C."
GChHWJIVukajmuDBpbXXnA,41.44728972,2.23291319,ES,Spain,Europe,Badalona
bL4SuJ7uprMmrhI3suLRDg,46.4371316,0.5919466,FR,France,Europe,Terce
bEzR6Q3ZwGO8881oDgT5_w,49.265472,-123.206074,CA,Canada,North America,West End
CoBAkHgeaj5djbvAhayQ1g,51.495516666667,-0.10048333333333,GB,United Kingdom,Europe,Kennington
MvG0pW-90y8Dm4oe92_lFw,31.5786551,118.0337848,CN,China,Asia,Taochang
41hm9XGjH71SiMOWqz9eSQ,35.70259,138.478294,JP,Japan,Asia,Nirasaki
aCc6EKeL6RQpletvtbv9gA,47.502574143,19.053273657337,HU,Hungary,Europe,Budapest VI. keruelet
GtuAwgHaa3VGMHmiI5wJCQ,55.865161,-4.2362,GB,United Kingdom,Europe,Glasgow
WY_FI1NNO2hvVRStj2VJBQ,51.497853,-0.134402,GB,United Kingdom,Europe,London
SBJDQRCfjDSRx_CfVVBO2w,35.658222,139.704416,JP,Japan,Asia,Tokyo
eAf2yWnqWJ9_IjlxGUgu2g,59.920161,10.760362,NO,Norway,Europe,Oslo
dXQBcpym17YTyg_UVcoHug,35.669614,139.797671,JP,Japan,Asia,Urayasu
M3nEjEd7JHG2Pxlt4o99dg,47.508151629008,19.084414355457,HU,Hungary,Europe,Budapest VII. keruelet
fdHxNJ2iISRmE5lY6O1L4w,63.437334869857,10.406649289598,NO,Norway,Europe,Trondheim
CIQNsVCS8-eZs8zqzNXwWQ,41.92979946,-87.86918797,US,United States,North America,Franklin Park
h7kpdacwSsHVgp8kY082xw,47.494516326115,19.037453401834,HU,Hungary,Europe,Budapest I. keruelet
g4zNFk-GJ7LZX0t_elh-bA,36.188187,140.284422,JP,Japan,Asia,Ishioka
IiHHFeHG04eXdG4k-1lH5Q,55.60538042,12.99525144,SE,Sweden,Europe,Malmoe
omsS9GxxN8df7XmdUHL0Zw,9.04180599,-79.47441622,PA,Panama,North America,San Miguelito
qHoYKxe4QeUpMmtE_SYA5w,59.3383646,18.0445048,SE,Sweden,Europe,Stockholm
-LtptowdHwNfuskkQ8aVxA,50.05618733,14.4584883,CZ,Czechia,Europe,Karlin
8nEsbArrdbk2eIMaW4RIBA,32.713714,-117.154637,US,United States,North America,San Diego
dejslqZtqGZ53SiXTInqug,49.133803769898,-122.8790948633,CA,Canada,North America,Delta
mZvN826sQJDkyt75wMJhTw,39.291081,-76.599497,US,United States,North America,Baltimore
t7C0J_Az0YgIy1DmoFCu-w,29.425319444444,-98.447469444444,US,United States,North America,San Antonio
EEbywDzeiF2u0GtI4389ww,35.65314,139.748117,JP,Japan,Asia,Tokyo
6C-qPgODabbqnpcmKuKyMg,-33.4287268,-70.5801991,CL,Chile,South America,"Villa Presidente Frei, Nunoa, Santiago, Chile"
x0mvKia_FhNfXNgtHnrqRA,-37.809997222222,144.95037777778,AU,Australia,Oceania,West Melbourne
RUgRJASeU4O2wTkDsrqLDg,6.2339677,-75.5683709,CO,Colombia,South America,Medellin
jT5Vs1DF56LHWV2LFbBMhw,51.400636,0.4178,GB,United Kingdom,Europe,Cuxton
ibPZrpf4KMhkrELuVmCZTA,-41.444333184779,147.15469006038,AU,Australia,Oceania,East Launceston
JIVUTakXeZ8XrhQxJw2LnA,43.193275,140.826552,JP,Japan,Asia,Yoichi
xz95CTqeZUgvfQzqRWrAdA,47.75539,-122.232522,US,United States,North America,Kenmore
FTbYkyXTSFUyaZ5fU4PThg,18.792378078215,99.106512749568,TH,Thailand,Asia,San Kamphaeng
E4Z8-0eJ02LvkaOOjqx_fQ,18.7970133,99.06414,TH,Thailand,Asia,San Sai
qAOgvVJ__UVeMogwyI0-bw,51.525917,-0.1135769,GB,United Kingdom,Europe,Clerkenwell
kbFlD3y7oGsm_qXjwnACMQ,9.9102367,-84.09679603,CR,Costa Rica,North America,Alajuelita
tquBTUD7Vnsd67dKsdmimw,41.889751,12.503237,IT,Italy,Europe,Rome
dEFX5nS_Cv6KaqfiUcleFA,43.413042,6.792537,FR,France,Europe,Saint-Raphael
ZOEFoESIjHDY_ysO2s75Jw,47.578155,-122.174741,US,United States,North America,Newport
XbT6-E7CqgXUCdmfnMyNGg,25.76875112,-80.19009286,US,United States,North America,Miami
TgEnVhTD6xv0r3IlHgh6Mw,37.457971,140.492919,JP,Japan,Asia,Miharu
gQAxIVxYJSV7DbhE42wCiw,48.814049,2.277243,FR,France,Europe,Issy-les-Moulineaux
bb63b2oP5hkOF2JJCgxltA,-33.932416666667,151.25460555556,AU,Australia,Oceania,South Coogee
yI0rcjhHsZBGa6iAxdLEcg,52.383806090556,4.8189793433333,NL,Netherlands,Europe,Zaandam
Q4ARY3kgmJkdGQaSHaZB_Q,45.56875122,-73.60163799,CA,Canada,North America,Saint-Leonard
PqOTDc5NRQn6wkJjNtQj3w,-6.7741638888889,39.241780555556,TZ,"Tanzania, United Republic of",Africa,Magomeni
1Y22PXoaKrBh8manH5Lmbw,43.5038793,5.3874994,FR,France,Europe,Bouc-Bel-Air
jnH8LBXGPBQ8ofC0bw_yMw,29.672003,-98.451053,US,United States,North America,Timberwood Park
qZMukoZTRZeIagOFPTgy0Q,55.66621872,37.52384828,RU,Russian Federation,Europe,Semenovskoye
LXX_qTfjK6o1y7tRhQDJuA,37.055272,140.892718,JP,Japan,Asia,Iwaki
edgFo55EHaHMwv0t9nB_Og,50.8410953,4.3793863,BE,Belgium,Europe,Brussels
Cp4KnNq4yUX4g0BAhThh_A,55.60808933,12.99891447,SE,Sweden,Europe,Malmoe
sTaarp3LB9aeWrEKKCkKJw,41.93277916,12.46090544,VA,Holy See (Vatican City State),Europe,Vatican City
HfVniIbG3_AgngZd45kLOQ,35.008167456667,138.41259586611,JP,Japan,Asia,Shizuoka-shi
VEu9qZEZX6DcQa94DOek3Q,60.123953,11.468412,NO,Norway,Europe,Arnes
wCJhfKXDvGfPK1asWgvsyA,50.1101205,14.5881022,CZ,Czechia,Europe,Cerny Most
vCOlAoj2nbixlGvG4gDAcg,-33.8732336,151.21032817,AU,Australia,Oceania,Sydney
ORsTawvK3dj8K4nTsKqvJA,-33.456241388889,-70.655836388889,CL,Chile,South America,Santiago
IF7kNvWV2-1Feo3e_X1zPA,35.136562236667,138.29464397389,JP,Japan,Asia,Shizuoka-shi
CBmLbmdDpYtvT9l8ci6dBw,31.23898991,121.46301477,CN,China,Asia,Shanghai
GY5dWcbWvdv_01hm0iyg9A,-33.431113588634,-70.586658295243,CL,Chile,South America,"Villa Presidente Frei, Nunoa, Santiago, Chile"
Fi2henhazxN084kcQvDjuQ,35.375075,137.688708,JP,Japan,Asia,Iida
r2aR8QaBJMFj7OHSOyo39g,41.816621,-88.027956,US,United States,North America,Downers Grove
ul1-SlQEFXzE7594WWy4Xg,39.906040656471,116.44348636617,CN,China,Asia,Chaowai
TAOL15qg7SguqNY9XV_vAw,1.317569,103.835392,SG,Singapore,Asia,Singapore
D2LPtFhgAop4H9UNPCTbsg,-33.79552,151.143553,AU,Australia,Oceania,East Ryde
hQFcT1Rv2PRlVL6qzJQB3g,35.118551,138.908255,JP,Japan,Asia,Mishima
afmAwPhIBef6TZGQsmBQ1Q,51.528125,-0.12777222222222,GB,United Kingdom,Europe,Barnsbury
Xnjhc0NPIwFySEwipO1XWg,9.06863615,-79.38864369,PA,Panama,North America,Tocumen
sj9_tugFmSNKTKHdtt_95g,10.0181087,-84.2094941,CR,Costa Rica,North America,Alajuela
odkB60uyZtaqHox5W_KSlg,53.3937996,-6.1652666,IE,Ireland,Europe,Donaghmede
gLntX9MpS9JGrwZfBvW7-A,37.737703055556,-122.50543138889,US,United States,North America,Daly City
Ggz9SlhBFk4kglq76zoZWg,36.798531,139.915057,JP,Japan,Asia,Yaita
53MQp-LugqqwMg7MER8Mpg,43.611155555556,-79.580869444444,CA,Canada,North America,Etobicoke
n9uriEbmhNQPh_tMDWqUyg,41.906079,12.458608,VA,Holy See (Vatican City State),Europe,Vatican City
XgMjS21iCYD9eq0iEe7sOw,41.430393,-112.057277,US,United States,North America,Willard
9axgZVdC3BaD4AjkT5fQAQ,43.645697222222,-79.394416666667,CA,Canada,North America,Toronto
-qv7yT8igffux_xn1j38_g,47.67828344,-122.20063438,US,United States,North America,Kirkland
u_06QtUKCF3xVzwUxTnF7A,-13.00792783,-38.51705806,BR,Brazil,South America,Salvador
3ErseJOHCZS5WWg5SlW_-g,48.200958715752,16.369122974575,AT,Austria,Europe,Vienna
2JaGX_LUJ58blPDwVgkA-w,34.92629736,135.69259221,JP,Japan,Asia,Muko
dIQ6-VPTgS3Vz6_gmqs3Ow,48.1826419,16.4208156,AT,Austria,Europe,Vienna
Dx98mT8n6HQ5JE-u366TNA,47.597086664346,-122.32109823045,US,United States,North America,Seattle
7un2vpG5-Aq0NxQ6QapQtA,38.90738254,-77.07652914,US,United States,North America,Arlington
Exy-KlPVTtFaxbpbrCiJug,44.438023899968,26.102968450001,RO,Romania,Europe,Bucharest
CDsJQxw8hnMNodK2AD0qtg,-22.9086319,-43.1838306,BR,Brazil,South America,Rio de Janeiro
e7bD9_OUwX-9Fo4I4Y8pwg,43.6448471,-79.3745877,CA,Canada,North America,Toronto
BMy9XjDRemrsfOkAcS3ZGA,41.889176,-87.629703,US,United States,North America,Chicago
Idv4-qR3wNc-eyR415kT3w,52.307584,4.746935,NL,Netherlands,Europe,Aalsmeer
igGDrpO6NqBfjqjughEeRQ,49.200768638402,-122.94592419641,CA,Canada,North America,New Westminster
Pvc2VJQMMEl8iJfCMP4FtA,50.076269,14.408644,CZ,Czechia,Europe,Mala Strana
Kdr88Z56yDU5XZBxEJPLAg,56.45896903987,-2.9654380146918,GB,United Kingdom,Europe,Dundee
vx4RMyYTsUX1rn2hMVAp3w,35.06398122828,138.24487102388,JP,Japan,Asia,Shizuoka-shi
BwxmURoS7h8iUGo677frsQ,42.338298,-83.022884,US,United States,North America,Detroit
z5d8Cp_61abRVQoP5oyxVw,37.775286388889,-122.48656638889,US,United States,North America,San Francisco
4qLmy0JQ1iqgooA1mNqOcg,59.31628466,18.08339893,SE,Sweden,Europe,OEstermalm
b6krU-NlHjA1l-LMlm-vrw,60.174056068023,11.534272429735,NO,Norway,Europe,Arnes
OmOLSLlVv7P5I_LnJ7nMDg,-27.445804,152.989019,AU,Australia,Oceania,Milton
jPK1eR3SR7x_z9R4OXhOjw,40.866453333333,-74.441048333333,US,United States,North America,Parsippany
kdZC48aCZc7aeQid5PntNA,29.750668,-95.437336,US,United States,North America,West University Place
XD1Wns7DxElDECfGI0glUQ,34.92659506,135.74837162,JP,Japan,Asia,Muko
TD4PkVKFcktH7q4GU7Eq0A,30.5050551,-82.9437993,US,United States,North America,Jasper
pwvCEhc4-_olpv79_aIL1Q,60.15911762,24.90756345,FI,Finland,Europe,Helsinki
Rn_ZzZMknxcdJfUREMn1WA,-3.7457945,-38.5608876,BR,Brazil,South America,Fortaleza
I9sXTsP71QY9ZhjNH9TN2w,62.997833333333,8.7021388888889,NO,Norway,Europe,Surnadal
2J6rFq1aq-6cu2iCwdvQFw,48.825396,2.248177,FR,France,Europe,Boulogne-Billancourt
CTD3tVMA04f9YXZzsjv7ig,50.8359363,4.3551124,BE,Belgium,Europe,Brussels
x_Fvm0yF02kFo5P3iIghnA,1.301102,103.856322,SG,Singapore,Asia,Singapore
9MyUiRGmbU57gqMAbb5v8Q,51.521294,-0.159428,GB,United Kingdom,Europe,Camden Town
BYUNCx8lL34XTNJyCfPjkQ,60.18266674,24.93048841,FI,Finland,Europe,Helsinki
eOaHLvUa0paMCnufosopkw,10.48681443,-66.94308293,VE,"Venezuela, Bolivarian Republic of",South America,Caracas
9Irr8q27kc8Lh6GzsfZ11Q,59.94617687,10.78513909,NO,Norway,Europe,Oslo
rLQiqRACyjhTMi9-QuGOLg,29.760043,-95.376323,US,United States,North America,Houston
1F_Knn8xFZQK0s4DLZlQqw,33.93463251,-84.54504154,US,United States,North America,Fair Oaks
VNVIsEPoY9j-MAWx_66pRQ,-12.097787,-77.071963,PE,Peru,South America,San Isidro
5b6n5KG863ljKNve3zU4lg,53.39789025,-6.24059992,IE,Ireland,Europe,Beaumont
qoP8rrZcWnaT5PlWin7Gfw,-33.389236,-70.60172,CL,Chile,South America,"Villa Presidente Frei, Nunoa, Santiago, Chile"
SxwMxbSbzFQYJ4Gej383-g,42.830111111111,-89.026488888889,US,United States,North America,Edgerton
15stPTcTpSOucv7dSmkuZQ,13.773593818611,100.57374453167,TH,Thailand,Asia,Huai Khwang
aDailxp-VC9IbQWfIp-8Rw,41.145186527038,-8.6255274408773,PT,Portugal,Europe,Vila Nova de Gaia
kZuyRVhQVTZdys4vN-yuig,48.84235764,2.36093,FR,France,Europe,Paris
NC9awbt1aE2NRKw3lMewQg,-34.89406084,-56.16237781,UY,Uruguay,South America,Montevideo
VQVsQ7WW5d1s5Jtlb1NLfg,47.6685474,-122.387564,US,United States,North America,Seattle
uTmVZeFlloErQG8i5eXElw,52.524608066111,13.4194237925,DE,Germany,Europe,Berlin
s2rUa787f3gxIMtlMlS-5Q,43.7942309,-79.326492,CA,Canada,North America,Scarborough
EDpdFHm_LAo74abVUHxJrQ,-23.568188,-46.684386,BR,Brazil,South America,Sao Paulo
vxylff6QpX9cLQwCN7LroQ,51.481878,7.176778,DE,Germany,Europe,Bochum-Hordel
3r-t5ES3YalN8XU3yIfAzw,43.64795334,-79.37092739,CA,Canada,North America,Toronto
mRgIhKWEczwr6gIUl9BVtQ,49.507607,8.516057,DE,Germany,Europe,Mannheim
54_7Yd8MSLVWOPaHXwpmOA,24.806663,120.921517,TW,"Taiwan, Province of China",Asia,Hsinchu
SX-9SLEUyrSdj8BR3tbtCg,-7.1486083333333,-34.844695,BR,Brazil,South America,Joao Pessoa
uRVpakGwfK_15NiS5isfKw,47.39887,8.533526,CH,Switzerland,Europe,Zuerich (Kreis 6) / Unterstrass
f91bGeMF-nJSjUcWcUCsAQ,51.45717533,7.0220094,DE,Germany,Europe,Essen
8srhboTrGB7iWi-xEdRPJg,48.859639,2.329064,FR,France,Europe,Paris
ncz_0gk6gIRGFPwecvbRKw,43.657259,7.165363,FR,France,Europe,Cagnes-sur-Mer
l4e3xt4d2-EvkOfrzB5-IA,-2.90610368,-78.98375014,EC,Ecuador,South America,Cuenca
3dDUDmy9HoIFzIJtmt-V9Q,36.6559168,138.1874841,JP,Japan,Asia,Nagano-shi
U27yCPR_UlM1eb1v6WQAyQ,39.775821771473,-86.167114097625,US,United States,North America,Indianapolis
Q9MTJ3SU821eAUDbyE67kA,34.085687,-118.179783,US,United States,North America,South Pasadena
iK_t6uGho4o4PViCuiGqxA,37.68477125,-122.49275505556,US,United States,North America,Broadmoor
zv6mtpwei5UeL6__qryYuw,42.6471,140.838445,JP,Japan,Asia,Date
4FEksJNGJN_GbljZcB18ig,47.6016933,-122.3241957,US,United States,North America,Seattle
hQzQf3pzG_ClipkDbcFRbg,43.688741,7.241308,FR,France,Europe,Nice
_35QOf79c-KvuYVRXZ5jcA,-27.445966,152.99724,AU,Australia,Oceania,Milton
4N0EmnsHpEuToFqgL5xvFw,34.820907807883,138.12700250891,JP,Japan,Asia,Kanaya
-AUC1oIt8HUa9TmU4bd0Dg,39.298894,-76.821364,US,United States,North America,Ellicott City
QWY6aGwUBOCXZZMfqor3MA,38.907276732184,-77.042913985737,US,United States,North America,"Washington, D.C."
Graxe7QvdxHAY55svhRgKg,41.865784,-87.627466,US,United States,North America,Chicago
W4Uj_HomlZRc2udiFnoWrw,43.355371,6.674399,FR,France,Europe,Sainte-Maxime
mVXwjBrURQsts8toDg34gQ,52.16645,5.375519,NL,Netherlands,Europe,Hoogland
O_ZqtJ3057mfMDXgtn4iYg,49.21088476,-123.10148571,CA,Canada,North America,Vancouver
W6yfY4SOcJ2xJUhrBN-Yrw,-27.46857933,153.02113025,AU,Australia,Oceania,Brisbane
1iHhuObcEJ3pP3i-MCP7ng,25.77117712,-80.18900124,US,United States,North America,Miami
kleuD3v2M3NXE3aE2uujmA,48.208868052464,16.357594161718,AT,Austria,Europe,Vienna
gS6-RusyqRI31w0bvavnYA,43.038073,-88.031536,US,United States,North America,Wauwatosa
OVVWrg3JrpAUbGP6n2W-lg,50.103485957848,14.46862068684,CZ,Czechia,Europe,Liben
fX-Bdr_iPUkUybIYjtaZZA,43.680865,7.204191,FR,France,Europe,Saint-Laurent-du-Var
lVgxzD5EEjnRmoaQ10rolQ,40.563983,-3.710708,ES,Spain,Europe,Tres Cantos
dowh665hqfOGHkPgqW51Tg,58.463633,11.6539099,SE,Sweden,Europe,Munkedal
fXN52FdVWkyAZkrhHKHNmw,32.713681,-117.152758,US,United States,North America,San Diego
3kv5bGiH20dkq9beX4LxXg,36.240797,139.901543,JP,Japan,Asia,Yuki
rB2ztK89kaWJq5RWlj1oSQ,38.898122222222,-77.041761111111,US,United States,North America,"Washington, D.C."
a3n-n7P_AxcwYlPKRzJQrQ,40.7188247,-73.7934649,US,United States,North America,Jamaica
y8v--rWbx5ojxgjL1fYrrg,-34.85109966,138.56474449,AU,Australia,Oceania,Woodville North
9WQWX4mNI3-zDyesPDTaIg,41.882561,12.498376,IT,Italy,Europe,Rome
lqUlblsc_zBxON9anEgohA,50.0756893,14.419151830003,CZ,Czechia,Europe,Vysehrad
nZVWFLeVqh9mFty_pNbGmg,43.782934109244,-79.28967526222,CA,Canada,North America,Scarborough
XOps3xffcQoyFyVXV9Rb_w,36.057803,140.214628,JP,Japan,Asia,Ami
sKkJseApKbUv_p991VXu9w,42.919225,143.165378,JP,Japan,Asia,Obihiro
_xGGA_n39OylpDkay0As2w,43.646997222222,-79.405119444444,CA,Canada,North America,Toronto
S7hYMdHFmxnal0hrKeK7Rg,35.655277252181,139.85121154785,JP,Japan,Asia,Urayasu
JZU2EbDD84C5dsHpB8YRlA,33.80106762,-84.48935426,US,United States,North America,Vinings
K5Fx5d23GCEBLlXKs7rOVQ,35.4350275,139.4029855,JP,Japan,Asia,Atsugi
k8hLwmtL11FfHwsI0xarXw,51.066428,0.327754,GB,United Kingdom,Europe,Wadhurst
xSRtuq-AI2mDbyTC_UeBUQ,45.0001588,-93.2369645,US,United States,North America,Saint Anthony
yYdb_YH4cScH16wt-ikWVA,35.181154722222,139.63228638889,JP,Japan,Asia,Miura
nG7EoIxKQfSA2FuWp7rrBA,50.447625,30.514066666667,UA,Ukraine,Europe,Kiev
thonUISRpfA07EMxS6Eo8g,63.431927918245,10.401147902012,NO,Norway,Europe,Trondheim
F6jVmKzuJGPNNJKjcj5XpA,43.732419444444,-79.587080555556,CA,Canada,North America,Etobicoke
wS_MtxNPp0SIgX8v1SPyBw,47.493868866004,19.038825938478,HU,Hungary,Europe,Budapest I. keruelet
6HNq0SGhF03prETn60zrhA,38.12726042,13.3506262,IT,Italy,Europe,Palermo
YLntsfHsAaEAjby8w24PnQ,33.94794099,-84.33554049,US,United States,North America,Dunwoody
MvPn6kGRmQ6nerDrv1DOcQ,32.723028,-117.155,US,United States,North America,San Diego
Tjrjitfx9mKixlQgww-Yew,12.97795968,77.58441153,IN,India,Asia,Bangalore
YyAJIQ5QoBUIEjs1lP6NWQ,41.500413,1.7878231,ES,Spain,Europe,Masquefa
cviHRBHmCU2OSChVrhWmgQ,39.293945,-76.61867,US,United States,North America,Baltimore
iOKcvFlqLwoGO5yvci61UA,59.3119128,18.0551352,SE,Sweden,Europe,Arsta
BaSXlpf_J-Bc2LVtvYYHBg,33.97057477,-84.552727,US,United States,North America,Marietta
u2DGkDoYU82rW6uoA2Aufw,44.429951,26.034924,RO,Romania,Europe,Rosu
BzOOPXyCwlgm8p95L-TMFg,42.363196,-71.057946,US,United States,North America,Boston
U35cS6vbKeGIJzhY2gaa0A,63.427448855046,10.392038941824,NO,Norway,Europe,Trondheim
I0RQ3jMAfRlLfyCVm2t-yw,40.867827,-73.8725162,US,United States,North America,The Bronx
Y2Ha2Gfkyjf3mIJchBAGeg,37.778761,-122.410417,US,United States,North America,San Francisco
ORs6f0qyRAzCqRW8SlFQXQ,47.7055439,-122.3553388,US,United States,North America,Shoreline
wfpOKIPoe-Xrk0TwJc11nQ,47.625587139893,-122.34356892472,US,United States,North America,Seattle
1jYSWLJkE7G3cvDsGcLRCg,29.751749,-95.422335,US,United States,North America,West University Place
5-c3o8ZKpDSjtFJgTDhivw,37.962883422151,23.654459724203,GR,Greece,Europe,Nikaia
SLswOR1aWyflQ9BJvO1LtA,33.5532327,-112.0539982,US,United States,North America,Phoenix
PiesuG3YLM6hWEPF7Xz3Tw,52.374444,4.887895,NL,Netherlands,Europe,Amsterdam
QF518IJSJ_EFcVert6VHaA,-23.6549489,-46.6910281,BR,Brazil,South America,Diadema
feux0pJ5zA62VtGmW11TEQ,46.98899,7.455473,CH,Switzerland,Europe,Zollikofen
PvCybP7qPMH0QiJI8Bo73Q,59.3637415,18.0078947,SE,Sweden,Europe,Solna
bcq29zBixs4OhOBPe1Ta2Q,51.329948,12.382149,DE,Germany,Europe,Leipzig
C8AgVzm4yu-tJn3GmZ1ZGQ,10.48894446,-66.84716916,VE,"Venezuela, Bolivarian Republic of",South America,Chacao
XQZ1bkKjOrOQhwGNaRg_dg,55.66489069,37.53968407,RU,Russian Federation,Europe,Semenovskoye
cAIwgdOcvA4XejRc88MNFg,9.9476683333334,-84.08731,CR,Costa Rica,North America,Colima
avtyF7bCk6iqjssj540QtQ,51.45709735,7.02274728,DE,Germany,Europe,Essen
s_XZl6rDHmVbU0ddC2H_GA,-34.013616666667,151.00975833333,AU,Australia,Oceania,Menai
3A8BomxNwxuCOuCNGWEV-g,43.674074704364,-79.380085148133,CA,Canada,North America,Toronto
x-H-LPjMTSy8zv_mD5VgRQ,38.89541,-77.039416388889,US,United States,North America,"Washington, D.C."
MweYamGg25bfBUZAZfrykg,59.331621855367,18.081123122776,SE,Sweden,Europe,OEstermalm
3IUvad8B-vjJimGWOfeEqg,-7.1212116666667,-34.855983333333,BR,Brazil,South America,Joao Pessoa
yUB_HOv7ZfwKPBIDW79kGw,25.76615385,-80.19066889,US,United States,North America,Miami
HnAjSr1QTI6bHB85NvGyJg,32.717579,-117.147278,US,United States,North America,San Diego
ylUgEvJpcm2pbs1_gJ0PlA,35.098705077652,138.55435293182,JP,Japan,Asia,Fujinomiya
X657NExscOxGF7fIONuKKg,41.38246375,2.10915077,ES,Spain,Europe,les Corts
uZCy_Bzj1X-ihq8GL_hiaw,47.6828575,-122.3552729,US,United States,North America,Shoreline
HsUQFFVtzRBlZWLbUZzGMg,41.894887,-87.634459,US,United States,North America,Chicago
QQERy-vS1lugyrDNKy4b-g,26.246947,127.770215,JP,Japan,Asia,Ginowan
qrN9dbZwjUNTvxcpf3JI0A,24.935198548396,121.39007721923,TW,"Taiwan, Province of China",Asia,Taoyuan
HTi48u68aWbnKR1R6Y7kew,36.114981,-115.173062,US,United States,North America,Paradise
JS3JjJv0DzI3bbRcn7Bzrg,59.345386666667,18.041446666667,SE,Sweden,Europe,Stockholm
aRV2Ronakh-QfT1ms3BadA,35.852991,137.222731,JP,Japan,Asia,Takayama
WmI7WQ3pg37mvgUEqTYVbA,46.95358292,7.41847083,CH,Switzerland,Europe,Koniz
xX-OUB5J4lpe2BXSVsiaUA,43.687305,7.2376380000001,FR,France,Europe,Nice
ETCS-UmHvGYEPP4f_lu5VQ,53.342918,-6.279406,IE,Ireland,Europe,Rialto
jReA4eMhCvk4j94TaSAhNw,-6.8045194444444,39.211447222222,TZ,"Tanzania, United Republic of",Africa,Magomeni
8HEKNecNZFedc_WWDu8Dsw,32.732243,-117.154619,US,United States,North America,San Diego
chP4ulfEIZqsoa1K-f5Avg,4.54055,-75.669826,CO,Colombia,South America,Armenia
cppgvQ9EO3woEjjoqCZ7XQ,37.207487,140.527599,JP,Japan,Asia,Ishikawa
t5aFyNUyDeH-GvLDb68p6w,22.372107777701,114.10980284214,HK,Hong Kong,Asia,Tsuen Wan
KA8V0JJlkHL9LGgMB_mb2g,43.310399,5.366922,FR,France,Europe,Marseille 03
LTF9D1dg2eocHGbtnO34Pg,35.213462,-97.438093,US,United States,North America,Norman
hLsZXRDnZwqp5vTiNcf0-Q,59.9177,10.76236,NO,Norway,Europe,Oslo
2Pt-id-PlQ22cLTowQcgww,43.291551,5.374256,FR,France,Europe,Marseille 06
twOJNZb_510r3gXdi7xvfg,-33.905516,151.20196371,AU,Australia,Oceania,Alexandria
Rjb3vAikwW9ZkYU219WTDQ,35.05274,138.884751,JP,Japan,Asia,Numazu
3baI0T_WrvOTQCshwjJDkw,33.9443284,-84.3369816,US,United States,North America,Dunwoody
ysm2MJe5qRFDVGQGSVErCg,38.897116666667,-77.049833333333,US,United States,North America,"Washington, D.C."
4FXWtzKDyxEJlwHMpgMeWw,43.684993,142.440024,JP,Japan,Asia,Asahikawa
BM2PAxF8GjKVBbnbXT5ahQ,38.91418045,-77.04632496,US,United States,North America,"Washington, D.C."
CWB0nnzwsdneEVlT1PEbOg,51.5211292,-0.1791443,GB,United Kingdom,Europe,Bayswater
5J6kqvN-GA_mLVntQOzi0Q,43.64137005,-79.65977836,CA,Canada,North America,Mississauga
1mu7evLfp_Deoglas9V3Gw,44.887808333333,-93.36405,US,United States,North America,Edina
nPfZEhalFepVUhHgxLqSHQ,35.015342,135.745412,JP,Japan,Asia,Kyoto
zVWOMbaVJB9bOCjE7A4t6Q,39.981448481474,-76.645384591692,US,United States,North America,Stonybrook
DGDNhQxHnVko_6NEoY6lVg,37.773143,-122.418652,US,United States,North America,San Francisco
yq7BRs4r0eMKQPC2IRBGdg,39.869998740032,-86.141794715077,US,United States,North America,Broad Ripple
3OfGNbezz0EuDJkTV-XyZQ,52.70906877704,-2.7577463071793,GB,United Kingdom,Europe,Shrewsbury
jAH0bjRWZOYwO_AlOlh07A,-12.98979487,-38.47284316,BR,Brazil,South America,Salvador
MhiMZ9iD1VuPMRYSRwf_qg,51.494962,-0.148861,GB,United Kingdom,Europe,Battersea
upeBI0MHwgpJ6vbob6nNhw,50.8570049,4.3529849,BE,Belgium,Europe,Brussels
nitWuBh8vIGmxmblHR76yw,52.36872,4.969593,NL,Netherlands,Europe,Diemen
4A0hDHGTBUJXn7YtF5GUqQ,43.65514832,-79.40226788,CA,Canada,North America,Toronto
SyhDugjcbQxVf5TocVNmJA,35.666232,139.770793,JP,Japan,Asia,Tokyo
qujdQhR-JNNXuHmAD_GeMA,8.9705704,-79.539113,PA,Panama,North America,Ancon
4y5tiyJLwEpwnP3Rw0KtoA,41.8891,12.493403333333,IT,Italy,Europe,Rome
xhiIKfjyR1_Yl5cmIpXh7w,48.855029,2.361384,FR,France,Europe,Paris
aVf14S2H8BZN5I9GI7eTPg,41.399551,2.180654,ES,Spain,Europe,Ciutat Vella
rDqoTF6yYC0-nBuCwP0yKA,34.039711,-118.259006,US,United States,North America,Los Angeles
8eXjixYba2pmyuo63QS-xQ,53.349809,-6.281749,IE,Ireland,Europe,Rialto
zOJ9EWczWWw718w8mKYtjA,59.399926,6.152445,NO,Norway,Europe,Sand
Iu1TVHD3SOrtTrX8cRH-Sw,45.395397,141.686242,JP,Japan,Asia,Wakkanai
q6Z7MTrKB9CuwuzxAnUGZw,59.920806,10.763272,NO,Norway,Europe,Oslo
ZbL1-7zekkF-7ABgsBu_Fw,-7.1210366666667,-34.839145,BR,Brazil,South America,Joao Pessoa
baCdqSF2sP80Kf2J7_jD9Q,50.4467585,30.5114464,UA,Ukraine,Europe,Kiev
855mWdLayKMyLhyMq95t0A,51.513551944444,-0.083910833333333,GB,United Kingdom,Europe,City of London
g5165UFxH3Q_ujox_wUfLA,25.0789508,55.2128655,AE,United Arab Emirates,Asia,Dubai
kOFZuCkhp9Zq3Tu0ESONiQ,55.886566,-4.257219,GB,United Kingdom,Europe,Glasgow
UURld6pxt737L5ndiOsTRQ,-33.8691809,151.1949808,AU,Australia,Oceania,Balmain East
PvTuF9VVwFREd5fgwxuMkA,33.921351,-117.933119,US,United States,North America,La Habra
nRsy561ccicExWlA31tk8Q,52.223847,20.957878,PL,Poland,Europe,Ochota
AzI7tx4zQFPREVabAi9PPw,37.47548196,139.66266654,JP,Japan,Asia,Kitakata
Cnu5VfO1O2gDJ7Yi_ZMn2Q,52.366168,4.877805,NL,Netherlands,Europe,Amsterdam
6qZs4lf1XSGKNL280sSTVw,60.176487,24.9304274,FI,Finland,Europe,Helsinki
K6Pr4PgQLpywqYE41pScMQ,33.94110156,-84.52382255,US,United States,North America,Marietta
TGOxdkO7wSqOjFD06v_RVg,52.513125,13.320897222222,DE,Germany,Europe,Hansaviertel
3mDvhJz0Te7yryhj3Z970g,35.0821403975,138.85754691444,JP,Japan,Asia,Numazu
WvluHWrJZ61zeZngeUvtZQ,35.9819859,139.7384174,JP,Japan,Asia,Kasukabe
U040DX1VSPjTjXvrAjUs5A,34.807207016111,138.0725329975,JP,Japan,Asia,Kanaya
425RYp6cuBSkORPQ569OBQ,43.636263888889,-79.607938888889,CA,Canada,North America,Etobicoke
D9QIhBx0m357D-YsO6cSQQ,35.94649097,139.60750731,JP,Japan,Asia,Ageoshimo
fZTT8qr-Rr88D1XnF8lK1Q,50.856982,4.361593,BE,Belgium,Europe,Brussels
19bnuT_jHRq7hSgEAlcQUA,39.90487189441,116.44516662194,CN,China,Asia,Chaowai
GFd6RGVrKoKNamZP1m1CPQ,35.094488,138.856396,JP,Japan,Asia,Numazu
T82zIHV9fvkPJOW2lJdFzA,47.501363167539,19.02460235171,HU,Hungary,Europe,Budapest XII. keruelet
5u5WJPPmf9WVAf7atNDYyQ,52.085736,4.2818569999999,NL,Netherlands,Europe,The Hague
Wg6sQJpfcmCsjo3WfAKMZg,35.61501103,-97.56112077,US,United States,North America,The Village
dXssNKwcQYyucANvTDHyxQ,37.3577291,138.5343539,JP,Japan,Asia,Kashiwazaki
CbzCxHh4keZCxoDgJaKm7A,41.595899722222,-82.697089722222,US,United States,North America,Sandusky
gM-phePbkv5tjaKMG3rgGw,36.0417,140.156512,JP,Japan,Asia,Naka
GQGY1zjKXHMAUs7GPQeZfg,32.730779,-117.154429,US,United States,North America,San Diego
sGFWUErq5064g_XxlBUeRw,42.352602,-71.06792,US,United States,North America,Boston
DvpzagFdJ7inJpiFujKhnw,12.1362213,-86.2773241,NI,Nicaragua,North America,Managua
hxxc8buQbhTWWqzxCwODCQ,64.114683333333,-21.9055,IS,Iceland,Europe,Kopavogur
z1qtUAgkrLR-3dGGw6MFdg,36.6242542,139.8430312,JP,Japan,Asia,Utsunomiya-shi
VGlj2Nc0DZRHHuwayLiDrg,60.1765603,24.92239115,FI,Finland,Europe,Helsinki
Q_WFp45xLoSMZp7z2SbnPA,50.829197036639,4.4331843555503,BE,Belgium,Europe,Kraainem
_WFppWjYOlWDgGNmvAohAA,29.718486,-95.377377,US,United States,North America,Houston
p1fYWJVgkG-jZ3VAvFFZkA,13.516106224091,99.640428769621,TH,Thailand,Asia,Chom Bueng
gmRrDHCSY0Gqp5XQ8PVi0Q,50.0608522,14.3035552,CZ,Czechia,Europe,Hostivice
ab36fB3GRBp_x_SgPv918Q,52.24122505,21.00471456,PL,Poland,Europe,Warsaw
_EGt7GTUW6OKw0zzz7c5-A,45.4628494475,-75.722500411667,CA,Canada,North America,Gatineau
fCs7UAYwyabzZarrRVZ7gA,51.447077,7.045279,DE,Germany,Europe,Essen
aG2RD86BRB7YWv0S7c2KYQ,36.816054,139.714764,JP,Japan,Asia,Imaichi
UKLn8AAnB5M7po69oHD4rQ,50.0579602,14.4300453,CZ,Czechia,Europe,Vysehrad
SbqjkVBB82a1nDcAGVKFew,4.540447,-75.668708,CO,Colombia,South America,Armenia
wBFAdklKivsinjTUPWGUWQ,47.554527,19.0948925,HU,Hungary,Europe,Budapest IV. keruelet
s9YMd_kzZNDJijcejSV3pA,48.206847379915,16.386361112818,AT,Austria,Europe,Vienna
XdcJBTWtat-Las4-8dg-Rg,6.2107215,-75.5706936,CO,Colombia,South America,Itagui
H-Q66_pHFkBzozpmG0kdQA,-41.439835032734,147.14061015359,AU,Australia,Oceania,Launceston
4fiDjwjhwpGNz-LTG1wbpA,38.130202,13.360684,IT,Italy,Europe,Palermo
1swAT6tIPhLj7kOJy-tM0Q,-23.560798,-46.72096,BR,Brazil,South America,Osasco
GdfF_kd-2CDmGcFI9eqcfg,-29.31586738,27.49226683,LS,Lesotho,Africa,Maseru
jfYSxxsXzUtsbB6QQNmlpg,50.885468221926,4.3323525796129,BE,Belgium,Europe,Wemmel
AFlElEq4H7iIe9vSGKMpzA,36.888587,139.705019,JP,Japan,Asia,Nikko
_V0amhW97kWv7Z7DZO8Ckw,29.757976,-95.398132,US,United States,North America,Houston
6OvZlLfHiYV0b8uIiT10lQ,-34.84178489,138.50706936,AU,Australia,Oceania,Birkenhead
24--9XvrREjXs5RNbtvLfw,51.4622853,7.0640336,DE,Germany,Europe,Essen
6yUTRFMNSpcHuQ8p9jBy6Q,50.04025348,14.51090023,CZ,Czechia,Europe,Pruhonice
u4AiCBixyloUIEQ3gx8SUQ,52.255379,20.982401,PL,Poland,Europe,Zoliborz
AlJ4BcPGxigZZV_j1nEiMA,40.4381662,-79.9471133,US,United States,North America,Bloomfield
SPYatYLtg1EYZ_J2ZQluyQ,40.8550038,-73.5335802,US,United States,North America,East Norwich
bim6-_Rbze6ITZ_1DVSFeQ,37.555307,140.057611,JP,Japan,Asia,Inawashiro
ILwflJWXdkvxcmv0tb77_g,39.967407770278,-75.176944043333,US,United States,North America,Philadelphia
es-1cnyIjq0MFQ7dOCMOhQ,34.95459531,135.7694603,JP,Japan,Asia,Muko
oTiL5gQniOFuxsIjeORsEw,29.61962,-98.465688,US,United States,North America,Hollywood Park
AQlDdV1WMKZzEsJCgqBMAg,42.97966,141.840627,JP,Japan,Asia,Iwamizawa
fGAeCogLR0H3eax9wCd-wQ,50.8665787,4.6739564,BE,Belgium,Europe,Leuven
FIPQ_-byAFERw3FIZMQArA,34.93089852,135.7127517,JP,Japan,Asia,Muko
q3Jsoc3yH9SClNCyq2WhKA,50.90140006,4.35710505,BE,Belgium,Europe,Grimbergen
iu9JW6N50hWvjmwtOSAMlg,34.0817356,-84.0379489,US,United States,North America,Sugar Hill
nlenZisXteBbpVgPpA7Y_Q,60.1733885,24.9342307,FI,Finland,Europe,Helsinki
zMRekAQnxcbP37NJp3OZoQ,39.736048797519,-75.563327386605,US,United States,North America,Wilmington
7KOArAIBpY4DpHwmklcrBg,43.655339,7.151967,FR,France,Europe,Cagnes-sur-Mer
TO2MthLCPy4Ml1Qyl5Yx_w,60.16197736,24.90684112,FI,Finland,Europe,Helsinki
_nDuQstcKZ714CoL0G5iZg,52.396802,5.273554,NL,Netherlands,Europe,Almere Stad
cZUVyqexKpCQEhvS0XoR1A,42.351755,-71.055842,US,United States,North America,Boston
L59YqLjE4ZIyDwgueZnXWA,46.057789558545,14.503396404907,SI,Slovenia,Europe,Ljubljana
XBoHReVeaxmt9Lsj8Sd8Kw,52.373373742192,4.8888154553699,NL,Netherlands,Europe,Amsterdam
zk8pPKdfJ404hZyQRebBbw,37.465313,139.931089,JP,Japan,Asia,Kitakata
7VaROcJBfnaKaQpyiifLgA,35.104799,138.858218,JP,Japan,Asia,Numazu
oJd1-_AlrLiEnWojmkGnXw,36.828982,139.716474,JP,Japan,Asia,Imaichi
NMv3UVTx5H1Smex0lWGLGA,52.253816,20.998202,PL,Poland,Europe,Wola
lumAeRZdJbTc9BqPpfCrpg,-27.412543872069,153.03364479791,AU,Australia,Oceania,Gordon Park
v5agqGcJu7euhOw2RMrvHw,-34.9209587,138.6114109,AU,Australia,Oceania,Adelaide
YNPVTAuoZ6LdT52DLNSv2Q,40.781655,-74.467681388889,US,United States,North America,Morristown
ME93NtqV-RnyfBTOGapb7Q,37.43752561,139.80268158,JP,Japan,Asia,Kitakata
WpkDVqjXaTj2SmNlJ6nEfw,-15.787655,-47.890898,BR,Brazil,South America,Brasilia
uCCzwTdFGzELjW0as_vkAQ,48.19674809,16.39505041,AT,Austria,Europe,Vienna
Hrm8AFvZiPEbaL3ZZfvd3Q,4.21479953,-74.9799914,CO,Colombia,South America,Espinal
AJDLKgfDEjp4bx49JIRg7A,40.771589266669,-111.896687,US,United States,North America,Salt Lake City
UTWalPvplan3017xdmKQxw,36.080247,140.197522,JP,Japan,Asia,Naka
S1PgNEnseBxtYgdd8rqv2Q,55.938244,-3.198267,GB,United Kingdom,Europe,Edinburgh
leX9wS94MN24QXtDA0IE6g,-15.7970633,-47.8798885,BR,Brazil,South America,Brasilia
Zry2DglsE_nz86V7xEFY_w,36.194793,-115.130275,US,United States,North America,North Las Vegas
xXirW_TZwv9RfLgN-fMynw,40.40996916,-3.70720232,ES,Spain,Europe,Madrid
wqIwqO-sAg-YsiZNUTj8RQ,40.71999,-74.001325,US,United States,North America,New York City
ZG-6zAsJKAs40FjUa1cgpw,35.166758,138.924719,JP,Japan,Asia,Mishima
zFR8pKoqRYaBmrWU5qgz6g,43.68722712,-79.62121968,CA,Canada,North America,Etobicoke
LYLvuI38b_Is5N4PY8vvMQ,50.021888965667,14.405058000245,CZ,Czechia,Europe,Modrany
6kT-_TTvkewnHCGvhiWqqw,60.15885016,24.9099554,FI,Finland,Europe,Helsinki
CDY4RTbzCv2cogpQeiaIKA,10.45426066,-66.91783326,VE,"Venezuela, Bolivarian Republic of",South America,Baruta
1-XkVjt5MGb_agybrgv-pQ,33.425766388889,-112.06516138889,US,United States,North America,Phoenix
5CJhiC5otd9rpQ9XYyzoTA,34.077503,-118.137091,US,United States,North America,Alhambra
YuWCmQFHPNjdSFq6awW3OA,48.18629029,16.40842421,AT,Austria,Europe,Vienna
NeeceL3s-9IxLIgfx2fMLQ,35.01941,138.939795,JP,Japan,Asia,Mishima
MOwazN7mxHSXmVNPAeQYXw,34.94161027,135.69735077,JP,Japan,Asia,Muko
hIw9U5hyD3sP_6C1Zr4PRQ,-41.438033169116,147.11265321036,AU,Australia,Oceania,Launceston
n1jKRA8Snv2A8ZffR8Lknw,51.4519923,7.0278828,DE,Germany,Europe,Essen
dBde7JJt_Vzlf-oxXfo-Eg,19.407831,-99.136658,MX,Mexico,North America,Mexico City
az2fnOQyvtBN7ToMKv9mpQ,33.9235796,-84.4639313,US,United States,North America,Vinings
2PLh06tpv0UV-HPc2IOmtA,41.973239,12.544644,IT,Italy,Europe,Colle Verde
P7IJ02Q5SEe0ZAPCoiwHOw,35.582,139.756176,JP,Japan,Asia,Kawasaki
_y3l3ZdiIZ-MRc8U-P7mRg,64.09921748,-21.87196605,IS,Iceland,Europe,Kopavogur
_JEcMeHmN15FkLdCKWfvFw,47.66493198,-122.32349761,US,United States,North America,Seattle
JSmpq4ZJUjvXoyV9bWa-8w,12.12694974,-86.244422,NI,Nicaragua,North America,Managua
CvAauFzgZLu7k-cj9_iGng,-41.442143077116,147.13386911617,AU,Australia,Oceania,Launceston
4LzX5Cu3sObFjHbcQnP6YA,63.42983016118,10.404743715282,NO,Norway,Europe,Trondheim
uSAsrsi-Ykw2zUpStYmDsw,41.40735907,2.12536446,ES,Spain,Europe,Sarria-Sant Gervasi
iTYMT-tjrUuJV4YSF75xIQ,11.230357,-12.37047,GN,Guinea,Africa,Labe
V3dgioMjNx_92OYE-BA1YA,51.517577777778,-0.086733333333333,GB,United Kingdom,Europe,City of London
RyegJ9KMoH6oQ96YLobzGw,41.887355,12.490208333333,IT,Italy,Europe,Rome
EmtUyEo_Z7B8_C8PaiZ5Qw,35.137415,138.896818,JP,Japan,Asia,Mishima
zshY0HnQDRCEOQF3ldiU7Q,-37.825912670007,145.13701666999,AU,Australia,Oceania,Box Hill
D8Uqu6tYZ0Z9yCK2cCmRQQ,50.4485328,30.5166081,UA,Ukraine,Europe,Kiev
aTJN2yHKcgVdzlQSfhV3gQ,40.442978,-3.697615,ES,Spain,Europe,Chamberi
Ar0l9O0i7u9MpNz8hu3KXQ,30.3885879,-97.7483572,US,United States,North America,Jollyville
z3I1_DsZ6BHOsgTer6b1Gg,47.592452309138,-122.32632629253,US,United States,North America,Seattle
wJmbQa096iMTKhQDJty4ZQ,41.845318,-87.749382,US,United States,North America,Cicero
CjWxvWigOwnZHey59fHN2g,33.95883153,-84.41707598,US,United States,North America,Sandy Springs
x9Ivrwe51vaREaNzPGStwQ,59.945894444444,30.327527777778,RU,Russian Federation,Europe,Saint Petersburg
pKR6PHaqo4t2NNz8szzXHA,-33.88721001,151.20528531,AU,Australia,Oceania,Redfern
-5Tar0aE6kVomCLac556dA,51.471596,7.442812,DE,Germany,Europe,Dortmund
6JzS_7zqNpEHhPOXKQJuLQ,46.949556010929,7.4365972222222,CH,Switzerland,Europe,Bern
6HE3mzs15tECWRqAklrikw,35.15065,138.89324,JP,Japan,Asia,Mishima
ISFB3ORSSpRN-efZPZOFnQ,-43.572024,172.630329,NZ,New Zealand,Oceania,Christchurch
iomUASxsF88qqRoWHEv1fQ,12.99567442,77.6647524,IN,India,Asia,Bangalore
5S-95-evfY-yAEL9XUeZWA,63.436416666667,10.472444444444,NO,Norway,Europe,Trondheim
ef5b5_mtxzA0CEm_WjrMsg,37.590696,140.387812,JP,Japan,Asia,Nihommatsu
DvYHAAsKw1MDa2yP90GP4Q,52.339180335278,4.8657221997222,NL,Netherlands,Europe,Amstelveen
kjoGMwvJ0DFP2HxF5-BWYg,50.446727777778,30.511508333333,UA,Ukraine,Europe,Kiev
OIexQmH3m2i62umkIBrh8g,42.37248,-83.074935,US,United States,North America,Hamtramck
Oj72qd2zrHVDwQ1HN657wQ,52.332229,5.008746,NL,Netherlands,Europe,Driemond
T0qcYSOp6GjGhw7NDaI8XQ,6.2125998,-75.5699143,CO,Colombia,South America,Medellin
0CHioC7XWn6OwrISeKAM8Q,35.372019,139.263576,JP,Japan,Asia,Hadano
w6A5-J0EYAAuOyGWhPL1iA,33.52252,-112.05190638889,US,United States,North America,Phoenix
iP5lO8zqykTm6NEciUHN9g,38.90247623,-77.04396371,US,United States,North America,"Washington, D.C."
2441jtFKVqAaPWCP0DJOwQ,35.057448,138.941081,JP,Japan,Asia,Mishima
AEfpzphjiJ6paQAJFq8DbQ,36.1717,140.242837,JP,Japan,Asia,Ishioka
gsi8Dfb6BTUkI4_XS67YCw,50.89055155,4.30883485,BE,Belgium,Europe,Wemmel
Nw-aYrf1_CFGkX65cK9XwQ,35.01923,138.44031,JP,Japan,Asia,Shizuoka-shi
8PCbo-ehPEAb8JaJrXTrJg,43.09011596,-89.5207562,US,United States,North America,Middleton
--BJs76vloEaiH-wppzWNA,46.952312,7.420389,CH,Switzerland,Europe,Bern
iT45lp66V9iIb4GP3AXw6g,-43.531358,172.627425,NZ,New Zealand,Oceania,Christchurch
Ygts_k13-wzKjmWHn_15tA,48.1696424,16.4202892,AT,Austria,Europe,Schwechat
QOJgkBuXS7Pv9siFo8BHLA,10.58146441,-66.9947416,VE,"Venezuela, Bolivarian Republic of",South America,Catia La Mar
yZRiFHXreUZGwV0MjSbfrA,42.367285,-71.077849,US,United States,North America,Boston
FTgVV0PTkkSH10__ITkCxQ,-41.29850989,174.78112774,NZ,New Zealand,Oceania,Wellington
GZi5aAnIuVVvhyr2wWLqKQ,48.1618065,5.219047,FR,France,Europe,Bologne
V8XOC8XVIRhRa9OWeERaOw,2.91124876,101.6560576,MY,Malaysia,Asia,Putrajaya
Habi-uFzoonIQYyWduzz2w,35.679425,139.787985,JP,Japan,Asia,Tokyo
9SvFhVtZ9b6qrBN1tRc74g,52.041147,4.406669,NL,Netherlands,Europe,Pijnacker
1PHaEr3legyKwNuQJBIzsA,47.6108669,-122.3180963,US,United States,North America,Seattle
nnx2ph0COpnb1rteEHN-uw,8.2781,-62.756847,VE,"Venezuela, Bolivarian Republic of",South America,Ciudad Guayana
5wAjRtCNp0tgcF58OIjG7w,34.9224795,139.1255413,JP,Japan,Asia,Ito
CalcVrXQeRVN1DqEytEVSQ,39.72549726,116.46358002,CN,China,Asia,Yinghai
VxeORFCh4nwgRrXPQ2bq-w,52.626258333333,1.30588,GB,United Kingdom,Europe,Thorpe Hamlet
NxTsrkVvlYWhYJQ0Va3SJQ,35.171335,138.601311,JP,Japan,Asia,Fujinomiya
9JQZlEmeqErPSQSLQVFpoQ,-33.432758970113,-70.593824947416,CL,Chile,South America,"Villa Presidente Frei, Nunoa, Santiago, Chile"
gqyRMiZnvi_sNXphInoXUw,43.4504,-79.768469444444,CA,Canada,North America,Oakville
xDtLa8W8c7tsge8XpCc3QQ,34.045745919693,-118.25761495691,US,United States,North America,Los Angeles
aycY4PShXkmEGFCgW4-ZGQ,-43.577734,172.63022,NZ,New Zealand,Oceania,Christchurch
FcipI-0Wf9RK7UYCwHlsxQ,47.5904231,-122.3208903,US,United States,North America,Seattle
4jU1FrdjWqGFxBrMFXvXjw,46.94880794,7.4264950199999,CH,Switzerland,Europe,Bern
P6Pw3xbq5aZTzTopDzcPGw,33.992167,-118.463748,US,United States,North America,Marina del Rey
fDM9wwLf5cXnbXLLmdaRQw,-36.850999,174.7576087,NZ,New Zealand,Oceania,Auckland
Bn_Xoli6Zco8ER3cQNbr1A,35.652425,139.793552,JP,Japan,Asia,Urayasu
5b62PYfZBE_xOJ1eUrK_jg,34.9509655,135.7166906,JP,Japan,Asia,Muko
gNfQBuuqwG68sF4tMD75ow,42.416337,-71.148614,US,United States,North America,Arlington
DawmJqQV2K2DSdWts0IZfA,35.366944,139.094186,JP,Japan,Asia,Odawara
Q_JWzuf6xWEe9HYW3MFEog,51.892596,0.91783,GB,United Kingdom,Europe,Colchester
lfx2DeX3KguzSEmK7remLg,38.89597,-77.005264722222,US,United States,North America,"Washington, D.C."
a9qI5JKP_9IR_6giHhGagg,38.261702,-85.7265211,US,United States,North America,Jeffersonville
8NlssGUKlQP5UjOZMve7VA,45.4185490775,-75.677928887222,CA,Canada,North America,Ottawa
HM49GbsP-GMjToEnv5vZYw,26.0974029,-80.25107965,US,United States,North America,Pine Island Ridge
dvmKoGfGbOJVBxHcQ1OJ4w,43.432416666667,-79.778577777778,CA,Canada,North America,Burlington
qoiPPO012RQfjyiqZSxKEg,22.288569,114.142619,HK,Hong Kong,Asia,Hong Kong
_Q9ZsfYgqqAXYFHgvjoEVA,48.826718,2.219792,FR,France,Europe,Sevres
KGm5mdcYB3s5N9ryKh7qTQ,51.340380555556,12.335552777778,DE,Germany,Europe,Leipzig
tt3Zvl_d3l7tKb3Kdp6PAQ,44.96015,-93.262580555556,US,United States,North America,Minneapolis
r6KYEYOwoSjYml2qL49v4g,29.88980317,-82.14063372,US,United States,North America,Starke
tCRZXWX6jk9Tc8sH-PqPrw,41.600277,-87.909414,US,United States,North America,Homer Glen
YRNFry_OQDczzC6ZauvZkQ,50.850541,4.365987,BE,Belgium,Europe,Brussels
il7FTvzhF6x3IZ_Lgct_rQ,42.380705,-71.175082,US,United States,North America,Watertown
Uv6Zprls0VEvILbFLYS6TA,47.27186609,-1.62132459,FR,France,Europe,Orvault
PMOtlF4ecaoviISzfl5a_w,51.54451083,-0.01258522,GB,United Kingdom,Europe,Poplar
AEodz50qZwUPrCsA5tpWig,1.311916,103.853057,SG,Singapore,Asia,Singapore
Ls4VnLQ3tKs2UasOeAq4-A,64.09349237,-21.86004287,IS,Iceland,Europe,Reykjavik
gf7SKkbO59Fs3Bam5M8qwA,12.13670143,-86.27404166,NI,Nicaragua,North America,Managua
bhUzutlkc6i3d3MKBBrmhw,22.246563,114.177409,HK,Hong Kong,Asia,Wan Chai
VlICYkiiKsdRN4Y5i1SY6w,43.7929496,-79.3318845,CA,Canada,North America,Willowdale
P1Vz4pQqz9YyuTe_2phXzQ,29.5518735,-98.3783568,US,United States,North America,Windcrest
ktQngHJ9NqFfbDcOzXWAIw,60.17945483,24.91275998,FI,Finland,Europe,Helsinki
sSsLRveeIzAEX-HQv2Lg3Q,4.71777001,-74.07359491,CO,Colombia,South America,Barrio San Luis
4NMKmL-b_-LoclLDwhpB9w,-33.788731,151.07561,AU,Australia,Oceania,West Ryde
LsK-Dyds3LTn4PoLeH1D6A,47.6248531,-122.34106542,US,United States,North America,Seattle
iGWBn-1CzGNgaKtW2VGhPg,-43.4919498,172.54809075,NZ,New Zealand,Oceania,Christchurch
KIRQorBhxauDpIqAaICLhw,35.154638,138.829909,JP,Japan,Asia,Numazu
yOG-VVU8PwMeBYCGzBuk9A,4.6971311138889,-74.082852126944,CO,Colombia,South America,Barrio San Luis
U8ihSYp0H8FxbazvJZYr3g,-37.7508414,144.8713256,AU,Australia,Oceania,Essendon West
-NDNpoEMRoquHngyABVewg,-33.794351820698,150.98311053791,AU,Australia,Oceania,Constitution Hill
r_Vcz9kDruYc6tpREyD67A,37.788871,140.508616,JP,Japan,Asia,Hobaramachi
NAz0Gh_9uvDlr-BTsqlUbQ,35.790652,138.376029,JP,Japan,Asia,Nirasaki
t26IuiHRmVOjmdoyRBDhYg,22.306378333333,114.17115333333,HK,Hong Kong,Asia,Kowloon
1fC8GcJq7-c-frtboRyJzQ,51.199245,4.414315,BE,Belgium,Europe,Antwerpen
5IBomyAmZMAsHcsD57LoJA,35.288029,138.932029,JP,Japan,Asia,Gotemba
Dg8ZDKHU1jBC2FTOeGzKMg,-33.923838559444,151.18391764102,AU,Australia,Oceania,Mascot
MoMoZ2FLQn0nZritg89bOQ,33.87534104,-84.44792513,US,United States,North America,Vinings
2nJUsW_V6c0MmT0A2ZY-DA,45.4277878,-75.65669681,CA,Canada,North America,Ottawa
89WHAP9dKpvaBmwL9ytlPQ,54.604846,-5.928216,GB,United Kingdom,Europe,Belfast
WlYS0ScSq09C_-DGjb8O2w,42.353404,-71.071826,US,United States,North America,Boston
SrANVqLeeC1BEtFSdqh9aQ,35.3086655,139.2775505,JP,Japan,Asia,Ninomiya
uW1Y0qDYE-RXGuelZLrjKA,40.7721132,-73.9331541,US,United States,North America,Long Island City
AgTVlcJEO3Ufpj7hWE6r-Q,48.84507993,2.32810895,FR,France,Europe,Paris
4pw46FqcI03rsNVbpVNCig,60.16718488,24.94945027,FI,Finland,Europe,Helsinki
Nhh3aYvg_sbXSxDwAY5qFA,48.843692073843,2.3461014032364,FR,France,Europe,Paris
1IwJKPVuMboqNehAssXIGg,35.192049,139.047746,JP,Japan,Asia,Hakone
edd7h0rvIa4cCn0EesfDxg,-34.87403087,138.59293262,AU,Australia,Oceania,Prospect
yF4kwVoS-Lgo63JJCuFaaA,34.222672,-117.667883,US,United States,North America,San Antonio Heights
DXUbz-7UMEJ3jjGb5t_KPw,22.503437,114.101198,CN,China,Asia,Shenzhen
24h7SycBps6P4wAm7QP5QA,46.01151,23.5381,RO,Romania,Europe,Lancram
FCxkPDCkcorJwaz2FnopFw,39.272295,-76.599378,US,United States,North America,Baltimore
so-83DckZ2ZgYxArPW9aWg,55.91228912,37.38930239,RU,Russian Federation,Europe,Khimki
wZMOtunqiQmhPPjbmkHmSw,39.86895093,116.42415694,CN,China,Asia,Longtan
eLqCl6IOs81pOt2jbiqo-A,40.743044,-74.008395,US,United States,North America,Hoboken
bkjcknY3KXr-F5wUJ976yg,46.94705,7.443993,CH,Switzerland,Europe,Bern
DJNQ7My9HIe-1uoRQuJDEQ,34.987682,138.413189,JP,Japan,Asia,Shizuoka-shi
7nBSHYjSiJme0T72Cg_Ghg,-15.79125098,-47.88488407,BR,Brazil,South America,Brasilia
dw_YJ1jKkJumfuO3AMyWMw,50.076963970226,14.297589962244,CZ,Czechia,Europe,Hostivice
qmVwGItabGWh6LsLFZPYgg,36.7404547,138.0843524,JP,Japan,Asia,Nagano-shi
EGf-_cSBfNZl_ochjdwjvw,35.474358,139.704484,JP,Japan,Asia,Kawasaki
I-rycnq2IiIsBI0twHwfaQ,47.9138278,-122.1061594,US,United States,North America,Snohomish
kxeJLBYetxYbi2CxoaBJbA,2.8444608,-76.5454294,CO,Colombia,South America,Caldono
VMpwgzw0t-SMq28xvcdXOg,35.669431,139.805742,JP,Japan,Asia,Urayasu
CR6A40IbtMyKfhiHrI-iHg,40.743925,-73.999836666667,US,United States,North America,New York City
1fsMKVlYg-nOYtsYUcpRuQ,51.862313888889,6.1739527777778,DE,Germany,Europe,Emmerich
N2ouPLA7xoRuLtP8ackybQ,23.154438,-82.305564,CU,Cuba,North America,Habana del Este
a4aw3cKSDQbbsm58d2GdTg,35.306844722222,139.60270305556,JP,Japan,Asia,Zushi
_skL_ecAdLIssgyGMCwpoQ,51.17657701,71.39306316,KZ,Kazakhstan,Asia,Astana
52D7w0tsSfAINI7TID-a5A,40.72273338,-73.9942007,US,United States,North America,New York City
HkCHeNxjpK-I5tgYnYWdNg,47.5201283,18.9734341,HU,Hungary,Europe,Budakeszi
yfPwaOQwv58ySU4lhLMXFA,48.872287,2.376881,FR,France,Europe,Le Pre-Saint-Gervais
ccPOAXaVVBbkceP1Bd9Gjg,-34.888482145431,138.57039205859,AU,Australia,Oceania,Allenby Gardens
9mi4KJlz2ZYL4VpSY39BWA,42.029408,-88.095224,US,United States,North America,Schaumburg
uoeYV7tKVvEGmL5WzR__4A,38.91280482,-77.08183656,US,United States,North America,Arlington
7Y-VoZgutihhATPVIhsu3Q,47.7495451,-122.3212722,US,United States,North America,Shoreline
N57OfcO1Zbr9qD9P6GJLKw,39.374978,-76.745363,US,United States,North America,Pikesville
QbKOGEFin8Vb9tiYFOtdSg,39.328097,-76.615212,US,United States,North America,Baltimore
OXm-QFLcUDd6HLhoAo7Ong,38.90512,-77.009206,US,United States,North America,"Washington, D.C."
s8VRb5itPCHIh1ScPAHyYg,35.240628,139.001513,JP,Japan,Asia,Hakone
Lbwt_UvolN3F_ewi-MnA7g,34.954112,137.610325,JP,Japan,Asia,Shinshiro
AkM9B4q6U4DiiQO3tqC0Rg,-23.558335,-46.674683055556,BR,Brazil,South America,Sao Paulo
Ef-0ExiNDffSm-I-smeeOQ,45.81301433,15.88684723,HR,Croatia,Europe,Stenjevec
tFOwvVwBcbrOlni5L_Szyw,51.37276454363,0.55704041384161,GB,United Kingdom,Europe,Gillingham
_OvzLEl9U33tKb0Raav9XQ,27.92325959,-82.28532613,US,United States,North America,Brandon
BeOkpjnRAu7vnMQM1DCHyw,-33.690021,150.879109,AU,Australia,Oceania,Riverstone
G_-w-hBUT2izBtdR3IgghA,55.74723713,37.6081799,RU,Russian Federation,Europe,Moscow
XwpWVe2_XUUpzadU3VGhPw,55.958076,-3.20309,GB,United Kingdom,Europe,Edinburgh
w1RVvGhCk7lU-oymOJsRdQ,6.2019988,-75.5881854,CO,Colombia,South America,Itagui
Ru2j1CMJd5eEoBN-vIirBw,47.9128041,-122.0985422,US,United States,North America,Snohomish
Y58x62T0BDkNVZsbctgvpw,41.850735,-88.31217,US,United States,North America,Batavia
ZYG642weurHoJ2aKEszS-g,35.661349,139.654359,JP,Japan,Asia,Tokyo
oy-mK7OcfVQ8dkQhBRLLDw,47.209604533753,-1.5586438218511,FR,France,Europe,Nantes
q2Fi9lgPl0cLG2Ufq9le9Q,34.057437,-118.008996,US,United States,North America,El Monte
sFvQHceujEO_tbD_x0p4FQ,35.699122,139.787423,JP,Japan,Asia,Tokyo
5qdqeNxeyTfR4onve5PJBg,22.280189,114.15098,HK,Hong Kong,Asia,Central
gxp7GIWqgCMJAylVQ_MJ1Q,35.650026,139.683505,JP,Japan,Asia,Tokyo
v8hWOdDRlJOaz75CjoUWqw,1.319037,103.851027,SG,Singapore,Asia,Singapore
wI_dS2zQJQVW7yBSR57Y7w,44.427955,26.11216,RO,Romania,Europe,Bucharest
1sHd0W56n3Jct9zVUcMqqg,43.666566666667,-79.661847222222,CA,Canada,North America,Mississauga
jmKneMuLxhZW5HWGiaE0Ag,24.72772601,121.08717655,TW,"Taiwan, Province of China",Asia,Zhubei
3qPIV_9Sw1G42o-9qWLp1Q,47.6017565,-122.3194559,US,United States,North America,Seattle
Oc19wEOuBwA_xeczPftGyA,49.222025396288,-122.91258936755,CA,Canada,North America,New Westminster
FMc2f3_hetuNLrW3kMJIuQ,35.412643,139.663553,JP,Japan,Asia,Yokohama
aU10HfCKgO4Yc0yY7YlBDg,-34.904344444444,-56.208891666667,UY,Uruguay,South America,Montevideo
bzatTI7Z2LvXVYQJpfjlcA,-33.429142607644,-70.598807135646,CL,Chile,South America,"Villa Presidente Frei, Nunoa, Santiago, Chile"
Pr2waIvCkSw1Cd8CAxkh7w,35.029607,138.94914,JP,Japan,Asia,Mishima
OdSOIvVduMXk14qyOslLag,59.3350135,18.0553158,SE,Sweden,Europe,Stockholm
bpZWQu7DywnM6EwJfOFhWQ,48.84357927,2.32687752,FR,France,Europe,Paris
yPubfm6gxefd7hFel5V9cA,-25.5308491,-49.2005129,BR,Brazil,South America,Sao Jose dos Pinhais
pQGm0hlpVJu3Dg_PTKQZEQ,41.38354193,2.10824508,ES,Spain,Europe,Esplugues de Llobregat
lPPhWuAEQJZqu6kj3z75Aw,32.513383626937,-116.98716402053,MX,Mexico,North America,Tijuana
5PM6na3seYIc5JEiTQCf7Q,-33.791079,151.087248,AU,Australia,Oceania,Denistone
V69FrRMW7vVcy3pnLnSndA,33.529356388889,130.48801,JP,Japan,Asia,Onojo
an-IS5lYpwmr8dMaHbvXNg,33.5023204,-112.1000036,US,United States,North America,Phoenix
K_Uoe8VC1JKAQ9D44dld1Q,50.8696989,4.7024891,BE,Belgium,Europe,Leuven
u-RMcSWDPh0rL7vnzLNpCQ,35.291943055556,139.63618472222,JP,Japan,Asia,Yokosuka
rrKcXerJU69dh1gL9jYXWg,60.16125839,24.92480768,FI,Finland,Europe,Helsinki
70GFUPDrl1edhq8sLI6Zow,47.6780743,-122.1889711,US,United States,North America,Kirkland
-gJn19I52yYxRqQKHO_3DQ,-33.872855555556,151.20812222222,AU,Australia,Oceania,Sydney
SGCNr0SUMzrnz7j38N6xHw,37.334963055556,-121.99330805556,US,United States,North America,Cupertino
Wpkyb5WVXLS9oMgDrmEANg,36.7408365,138.085265,JP,Japan,Asia,Nagano-shi
fH4kLzkTvCvXYpbPI0YUSQ,50.894336811296,4.4440807860174,BE,Belgium,Europe,Diegem
OVeovDPXEarvmqLkORkOkg,55.6076996,13.00518128,SE,Sweden,Europe,Malmoe
yt7NKzASAkdfuP2Corq0fA,23.135422422894,-82.369956145929,CU,Cuba,North America,Centro Habana
n-XL_tCWB0m2PkYxQY6PMA,40.717435,-73.991198055556,US,United States,North America,New York City
0czUDSkQjafUJfweo_s3qw,-43.536052738786,172.63668071268,NZ,New Zealand,Oceania,Christchurch
ZUtVQW3AWOeKpnUv9zjsQw,48.83656712,2.30640611,FR,France,Europe,Malakoff
ZfFPh7Kfvm3uwwyTlrfIIA,29.421180555556,-98.467933333333,US,United States,North America,San Antonio
BQJcMOeoqpO2Cf2-sp0JZQ,51.509225,-0.073633333333333,GB,United Kingdom,Europe,City of London
tcXu2QtT9Krz5-zNgyAbYA,52.53398197,13.29372505,DE,Germany,Europe,Charlottenburg-Nord
DEv_u10BT69Vz_KTbhV7rg,43.301889,5.379868,FR,France,Europe,Marseille 03
9OUkWwjloftnRabn8Jboxg,34.444821,-118.487416,US,United States,North America,Santa Clarita
UsBC1GxnA19hcW03Cke3ZA,35.579883,-97.567106,US,United States,North America,The Village
dM3PVG2gw2CrYd3Ryl5CKg,1.307823,103.810443,SG,Singapore,Asia,Singapore
Rkt57B-hrUXrmLmZv7Fg0w,45.5435478,11.5955699,IT,Italy,Europe,Villaggio Montegrappa
IaA4PJ9Nfo_yo6Oo7VYyTg,35.3078633,139.2339513,JP,Japan,Asia,Ninomiya
auBz0fv0rbFEq9PFwI8cCQ,50.8907382,4.3452946,BE,Belgium,Europe,Bever
Rkl7MlIVjHjmoBrOWbW1MQ,50.80139984,4.33102983,BE,Belgium,Europe,Drogenbos
bYARE--R0Ou92N_iKXNC3w,-19.044154977222,-65.261446695833,BO,"Bolivia, Plurinational State of",South America,Sucre
GzhESh4gTxL4R8LjQWnIiQ,40.6945,-111.959268,US,United States,North America,Taylorsville
hraEjiv0L9aSqglcOEmxSQ,52.253274,20.982951,PL,Poland,Europe,Wola
fBc2dF9mQScmWVgb5zOZNQ,39.387948,-76.551457,US,United States,North America,Parkville
VIXLJzadsvKQBNmeXJOqmg,39.394617,-76.544738,US,United States,North America,Parkville
jodIIZlCD1c0HMzN9pwX3w,37.54746,140.384172,JP,Japan,Asia,Motomiya
bRZuxa_XsxY0gFypy0fTcA,-27.459677877827,153.04366510053,AU,Australia,Oceania,Fortitude Valley
61S_ipA6VckLUvOf35qMcg,8.94934748,-79.53187404,PA,Panama,North America,Ancon
Iseobiko9qMHYnDiCqOXig,52.391691666667,13.094675,DE,Germany,Europe,Potsdam
JRvRrXk2JVojKw0jB0pH8w,47.493144124746,19.039823468775,HU,Hungary,Europe,Budapest I. keruelet
35jA096pDsQv5q_XxXNu_Q,-37.83335017,144.99446915,AU,Australia,Oceania,Albert Park
eKYAy79n1TdqfI8HHYXg4A,-33.436722740752,-70.596551299095,CL,Chile,South America,"Villa Presidente Frei, Nunoa, Santiago, Chile"
aeSSfNp5y952d0NuExNYTQ,45.4371689725,-75.703790998056,CA,Canada,North America,Ottawa
3DJ1pQgHx3ivj-B7hhG0rQ,55.609667,12.999528,SE,Sweden,Europe,Malmoe
k8_2u0w87pmHER0PXkBugA,41.916502,12.473834,VA,Holy See (Vatican City State),Europe,Vatican City
CygVcdyzS2D7B3jFvkmHPA,35.281725564722,138.33833369972,JP,Japan,Asia,Fujinomiya
oJn8Gf6AARtDRyUALwKQ7w,-33.6533,151.047113,AU,Australia,Oceania,Galston
wjat7gXmRh5_MK2xsXgZjg,52.370904,4.913587,NL,Netherlands,Europe,Amsterdam
tmyt6tyfK7t_89_DtaHeUw,-15.80561287,-47.89838757,BR,Brazil,South America,Brasilia
vlDZtiZG7DH-8OdiJEfdrA,34.006621,-6.851038,MA,Morocco,Africa,Rabat
gfp4IwhS520jJ0_JGgChjg,-36.848635,174.774557,NZ,New Zealand,Oceania,Auckland
JBX_i0qsnM_IE5Ej3J-eUg,-19.914079204971,-43.95271822342,BR,Brazil,South America,Belo Horizonte
ZJw4AUYTYzlx2OeAzw0eoQ,40.041693,-76.325611,US,United States,North America,Lancaster
C5yrKRqt0QKwBKYGiyeXtg,37.411169,140.130461,JP,Japan,Asia,Inawashiro
GnAend3LgvSSZVpje2pmJQ,48.189727777778,16.3043,AT,Austria,Europe,Vienna
6SbeUsOescgM_QOcrkrNcw,43.611476,7.126818,FR,France,Europe,Biot
4rdGSfbd3XF7M-ouovnVyQ,51.450568,7.0168416,DE,Germany,Europe,Essen
Qxa_EgOqarRu_9L5xCPD2g,51.6724966,9.00453497,DE,Germany,Europe,Willebadessen
Xj0TcRQe7SGG0e-S-kI8oQ,36.633569,139.844862,JP,Japan,Asia,Utsunomiya-shi
tUytHnXKCpANDEaY-3q7yA,48.25807091,16.43469356,AT,Austria,Europe,Gerasdorf bei Wien
M7if-uJPPMV_-cI8nyoJyg,51.52920387948,-0.11569813834099,GB,United Kingdom,Europe,Clerkenwell
7aJWili0O8See4sl21VArw,-33.765514,150.910774,AU,Australia,Oceania,Blacktown
AV60RCi_5lbrp4kBYxNZ8A,33.571434,-111.9259967,US,United States,North America,Paradise Valley
uMwBwpfHHKQ6so9ljmWn8Q,38.04109946,-78.47694164,US,United States,North America,Charlottesville
zbZxA2wpnfvjkTmWyguL9Q,27.9382888,-82.2857626,US,United States,North America,Brandon
GH2KHsdtETc4jxZC2rs2NQ,48.857381119511,2.3521792888641,FR,France,Europe,Paris
JHlLm841rZbcOauEJqbuUg,53.58842024,-6.18891196,IE,Ireland,Europe,Balrothery
506DEiUGGGkkY_QyDFV1MQ,1.284352,103.836698,SG,Singapore,Asia,Singapore
SX2n-E4lWPiQJObpG56vfg,2.901789,101.679576,MY,Malaysia,Asia,Putrajaya
xxRcZBZjypTvOTS6ZcA4vQ,47.5161604,-121.8166213,US,United States,North America,Snoqualmie
bMQS3fJJLsHmELpq78xobA,33.987317,-6.85196,MA,Morocco,Africa,Rabat
agnZ7_YvhVSsh0PwvMD1Gw,32.729422,-117.154837,US,United States,North America,San Diego
U0-_EuNGpht5H1pBrLOTIg,34.9596207775,138.39002888667,JP,Japan,Asia,Shizuoka-shi
GCAKv0TuZ3GEAittAntqbg,30.39495,-97.754583,US,United States,North America,Jollyville
9pJFcg7PL4m9QwVOMivuSg,53.476703879423,-6.2054323777556,IE,Ireland,Europe,Swords
-9bvNvBWAX3xjKfJzS4vTA,30.833230555556,-83.275122222222,US,United States,North America,Valdosta
zZbTaeMRBx0Fmdfn9Hghvg,34.032544,-117.977198,US,United States,North America,Avocado Heights
1DAm0Q7sUm9Y0xBiLF39Ag,23.27109056,69.67568881,IN,India,Asia,Bhuj
0Ngc6NLyTxpHwljinEgCew,52.39048864,13.07942243,DE,Germany,Europe,Potsdam
89A3hd7bX-TaNsAdwZJZjw,47.624470220403,-122.34714530464,US,United States,North America,Seattle
mddJMHEwA8Ensx6QdtiVhQ,60.1673878,24.931108,FI,Finland,Europe,Helsinki
bwJ-WyWpJMvrqWneFJsahQ,35.677376,139.792556,JP,Japan,Asia,Urayasu
9G_4P67WQUt0zJvVRyiURw,43.783216758028,-79.255696851771,CA,Canada,North America,Scarborough
lBANwcgVSRQfsZdutpK7RA,35.828917,139.867845,JP,Japan,Asia,Yashio-shi
R_QeIPAjlkEPassEosbRsA,-33.89424553812,150.92830621001,AU,Australia,Oceania,Liverpool
kHW51jI68usC7jfuoGSsoA,36.818574,139.715956,JP,Japan,Asia,Imaichi
-LBkw6k6UPWAtdiWs1yV-Q,35.72988128655,139.83589172363,JP,Japan,Asia,Urayasu
Xu_wvidBWdQ_1jgs1AiQ-Q,29.488158,-98.492287,US,United States,North America,Olmos Park
QW0JfJShWPz4g8nINPVNjg,-38.049911,-57.558244,AR,Argentina,South America,Mar del Plata
73NPFfk17jwaM-tQaowyWQ,27.92899952,-82.31205999,US,United States,North America,Brandon
2GRNyL_tZVU17fWLIpZ7yA,-34.60932,-58.375125,AR,Argentina,South America,Buenos Aires
KnhdzVvaMLeXMpJvrg4XFQ,34.763989,138.012596,JP,Japan,Asia,Kakegawa
pFqqrJfQ6WgvOltZqJxrsw,34.86258,134.543828,JP,Japan,Asia,Tatsunocho-tominaga
1Z_hUaT0GgRPBB0zCryEog,33.5046596,-112.0438544,US,United States,North America,Phoenix
Q9PgEu8aObBjWJ5tmcdLOQ,38.94672446,-76.9764914,US,United States,North America,Mount Rainier
ubRL-AC9wiysJouzC-kIlQ,-33.403931,-70.544055,CL,Chile,South America,"Villa Presidente Frei, Nunoa, Santiago, Chile"
ulBres5ObVZPcpA74HTLoQ,10.48430072,-66.94621591,VE,"Venezuela, Bolivarian Republic of",South America,Caricuao
JxDuNJVv5xMCxbaaoS9nbA,-23.10736794,-47.22461547,BR,Brazil,South America,Indaiatuba
9fWv-SerQOqJLLU4a7Z7ew,47.929439,-122.221012,US,United States,North America,Everett
jXX_ushPPjn-5x2VwIVT0g,22.378241,114.183563,HK,Hong Kong,Asia,Sha Tin
AHYRvVTD73Q9IIv3m_3Zkg,36.215486,-115.125489,US,United States,North America,North Las Vegas
WNbXfbdP8NFO_s-iabyfww,42.331546,-83.043252,US,United States,North America,Detroit
0Psn8CCYZHqsm8JvLmTI-g,-43.5364704615,172.62820721052,NZ,New Zealand,Oceania,Christchurch
cFI_9IkHqFUZwbkZUGxtcg,52.5072654,13.3789365,DE,Germany,Europe,Tiergarten Bezirk
P19oxwIVqW6Aw0_sW5QPkQ,25.412499,105.980787,CN,China,Asia,Tongle
8CfzEhWiUKj_AZifeCmj-g,7.697884,-5.033786,CI,Côte d'Ivoire,Africa,Bouake
JlI2liRkkq49ZzsKwfaysA,38.91152689,-77.04456649,US,United States,North America,"Washington, D.C."
Joc0ZNVfFzgyM_TnyLy2-A,41.377716,2.15283,ES,Spain,Europe,Sants-Montjuic
BO_4b8cd2ZOSaxostfMMbw,34.976557,138.366488,JP,Japan,Asia,Shizuoka-shi
d3ghAvxTua9rUlqHUM9vFw,56.456573,-3.035305,GB,United Kingdom,Europe,Muirhead
zTAZcGnaOoUEPfX0ckeKmg,44.895411111111,-93.248908333333,US,United States,North America,Richfield
6yxPKoSb6kedq2UU_A7eiA,44.724591666667,-93.439763888889,US,United States,North America,Prior Lake
tdH2iNdZ1LKeVaLF4Vc6xQ,35.09502688,139.07302614,JP,Japan,Asia,Atami
w_DJ3rjoH-B0JDi5FdpzUA,52.51457405,13.320245,DE,Germany,Europe,Hansaviertel
TeZERS28FdXZIcSkImJnVg,40.862871,-73.631657,US,United States,North America,Glen Cove
LZy-hB9i2inm7krcgFNp0w,50.098136560633,14.466190021423,CZ,Czechia,Europe,Liben
_AJbl0jpxPNxY7qDjAvi3Q,1.380389,103.775944,MY,Malaysia,Asia,Johor Bahru
VzpSf4RzmeH-lM-vvGYmNg,48.611793844029,2.363136280328,FR,France,Europe,Bondoufle
aVUme2kp5ZjSEUeLkXTE_g,-43.537319084375,172.59962095628,NZ,New Zealand,Oceania,Christchurch
_BnmwE5ZtULGoXoo6MGLnQ,51.332458857779,12.353497769837,DE,Germany,Europe,Leipzig
1fxvf6HBpeg7Y0oGpqomCw,42.371117,-71.121364,US,United States,North America,Cambridge
pSgGqvoPV3umPXSyhv_9Bw,60.17503643,24.96156944,FI,Finland,Europe,Helsinki
cR_3yKHF-TdmSU6QBcHA7g,51.347735,12.1871083,DE,Germany,Europe,Gunthersdorf
AW0F5Ti1OSreqAyPeFJuFw,40.714324007835,-74.01326942883,US,United States,North America,New York City
SThFhm2MRnHJNYRdD-wQMw,47.8319333,-122.2677662,US,United States,North America,Alderwood Manor
cU4Q8b-hV1TjaPpqkBmo8Q,42.244168333333,1.8707216666667,ES,Spain,Europe,Guardiola de Bergueda
J2c0yZi6VbYGXlWZ08JfeA,-37.22617893,175.0102241,NZ,New Zealand,Oceania,Pukekohe East
4OmHKC6Z9xecz76jQkVr0w,50.8142359,4.3733131,BE,Belgium,Europe,Brussels
6d_in2mivJduzURikG0O-g,35.149878,136.904597,JP,Japan,Asia,Nagoya-shi
WpzApcvYvcF_epThu0krIA,42.034802,-88.118416,US,United States,North America,Schaumburg
8vSXSZwNNoaY23NFqTTiEA,51.328382,12.379855,DE,Germany,Europe,Leipzig
4m4IeMXtsLn6fPmEWKIyMQ,35.844006,137.227789,JP,Japan,Asia,Gujo
vAwEpBbiIuer1puNj1RH3Q,34.985476,139.093925,JP,Japan,Asia,Ito
26IzRqMCIftgnPnRAg9GDQ,43.3974501,-79.7484019,CA,Canada,North America,Oakville
epenTGhc74BxGWVkp_90Bg,-37.7754627,144.9895294,AU,Australia,Oceania,Northcote
4WelUTSV2D1USS-NuLCA-A,44.971372222222,-93.227088888889,US,United States,North America,Lauderdale
GnXJBzIF_FsjN3FD8sn8OQ,-6.8247861111111,39.23155,TZ,"Tanzania, United Republic of",Africa,Magomeni
hNqvdVlzkBCrXWnho7QqwQ,35.597026,139.755328,JP,Japan,Asia,Kawasaki
fqt7fIlAYYwasx4BLkBm6Q,35.043626669722,138.42646753417,JP,Japan,Asia,Shizuoka-shi
Loq3KBLwL9jSpFmUE3XbzA,43.759336111111,-79.590780555556,CA,Canada,North America,Etobicoke
SQCwO1B997mSM7iOUbnELg,48.789719,-122.485992,US,United States,North America,Bellingham
r0oZowEOEgU1taKT0pedfA,42.385742,-71.165308,US,United States,North America,Belmont
EArvkn7V5MNIBsIjCE89Ow,55.75536359,37.66905015,RU,Russian Federation,Europe,Taganskiy
wtAmGQlQz7ENXg_kQ_PDRQ,24.13214642,120.66220616,TW,"Taiwan, Province of China",Asia,Taichung
bwrzuvjC5DR1iSgpWPzVsw,33.97045421,-84.5549982,US,United States,North America,Marietta
uy27xt5qaZU2hJn8bkdcHw,-34.89787904,-56.19101632,UY,Uruguay,South America,Montevideo
xW1sMdTgHh6ZUS6FU3ULyw,43.290103,5.372308,FR,France,Europe,Marseille 02
rUNn_YOs-hmqj9ClLTRyog,50.87948674,4.39654071,BE,Belgium,Europe,Diegem
hCiJ2qJDdciu2-t7zuOe-g,34.077226,-118.147675,US,United States,North America,Alhambra
SYQGA3OylFrkXYQCsFTWJg,35.901592,140.001093,JP,Japan,Asia,Moriya
eJYnfwhqL5EvCoYYl6YuXw,35.654982,139.694408,JP,Japan,Asia,Tokyo
jXgYgkdaxKDdNmMfzIni2A,50.082963121635,14.421952911555,CZ,Czechia,Europe,Stare Mesto
0O7l8-MiAh8LsnokLo0m_g,37.53158445,126.99500239,KR,"Korea, Republic of",Asia,Seoul
Dr4WbN4MNszP8-dykQMaeQ,58.5070435,16.3281241,SE,Sweden,Europe,Soederkoeping
P-GUpuYWQfFHt-74BnYYmw,1.327048,103.839521,SG,Singapore,Asia,Singapore
jJVY_ekOGd0I-xBAZWO6Yg,1.33255,103.69662,MY,Malaysia,Asia,Johor Bahru
4WPDRRqCOniejQPC9MXJyg,33.9677095,-84.4563627,US,United States,North America,Sandy Springs
OGRjxJ3h8oUbQzjg2F6dag,41.45394512,2.23618709,ES,Spain,Europe,Badalona
MAMRon2rOVa7M7nLRLwTYg,39.70572486,116.39808043,CN,China,Asia,Yinghai
20OzjZOWplOdX2a2P2-m-g,41.905686,-87.670257,US,United States,North America,Chicago
JgDn1SficqPKIVxzkgo74A,-15.837791050757,-48.039889352207,BR,Brazil,South America,Brasilia
3aKx1Hv2Tr1YBhMYR1yrRA,55.598279,12.996127,SE,Sweden,Europe,Malmoe
nGLPVmfn3sKjsBlshIhFaw,35.141466666667,139.61638333333,JP,Japan,Asia,Miura
7J2ZI7tkUsWDWrEuU3IgBQ,48.850515,2.398915,FR,France,Europe,Saint-Mande
FVBORT9Sq5m1V5VnvGnB7Q,29.481285,-98.466984,US,United States,North America,Alamo Heights
69wZlDSYcEQFja2xOoNbHw,47.212092,39.62274,RU,Russian Federation,Europe,Rostov-na-Donu
FJkEhvPN_CxR-yEUHGhwJg,47.487014044145,19.070529840287,HU,Hungary,Europe,Budapest VIII. keruelet
QISjiTMlOon8tdLdyaYKlg,18.778985,99.091278333333,TH,Thailand,Asia,San Kamphaeng
JTfVFUdoQPYJ2B-KMNflNg,47.470424382778,19.019900977806,HU,Hungary,Europe,Budapest XI. keruelet
NNyM7meT22gXHCdGuryWaA,13.013406388889,77.588415,IN,India,Asia,Bangalore
3EpPT__aHOdJQPQ3BBtCzw,34.0125369,-84.47927532,US,United States,North America,Marietta
rSnS317zRq0MZMcyn_nfoQ,43.433904,6.749678,FR,France,Europe,Frejus
cFzyLt8_IGrRQhq_Em0lWQ,44.995263888889,-93.2667,US,United States,North America,Minneapolis
ljAE-SqVItG7UqMpEQVnuA,-23.3289462,-51.157743,BR,Brazil,South America,Londrina
fm3Papj65RgGnwpMuzo-PQ,-15.8388108,-48.0335215,BR,Brazil,South America,Brasilia
vNIyQ07DC-kEmaM8JFWXEg,35.044023221421,138.48936853818,JP,Japan,Asia,Shizuoka-shi
2gml1pBZB9i5c0WmFp0Lxw,39.854742418975,-86.157233258709,US,United States,North America,Broad Ripple
CvdJSq6upJe7AKJHa2EbRw,60.16518673,24.9317196,FI,Finland,Europe,Helsinki
bWAXNbYjctScbpl_GXHMAQ,39.289026,-76.627169,US,United States,North America,Baltimore
_Z47wZPvmt9JP7UNnCrmsA,47.61731828,-122.17618094,US,United States,North America,Bellevue
CtItLAn_e60VWKO5X6xtwA,34.979859685,138.37354767,JP,Japan,Asia,Shizuoka-shi
YRzefsqo8IFnb87nL1ZxMg,48.19900192,16.38060661,AT,Austria,Europe,Vienna
w-3GLWvOFqqRUPgsb5fulg,6.2109769,-75.570245,CO,Colombia,South America,Itagui
31nY1GG0MnMJO-8aWKvbig,47.612038916116,-122.34428296796,US,United States,North America,Seattle
JVuZXGCwwubRXblVsKPidg,59.36349077,18.00458128,SE,Sweden,Europe,Solna
RaQ8mEinxYCbHmhyOzKJ_Q,-37.805005555556,144.96679444444,AU,Australia,Oceania,Carlton
T5PvLkRDRBwB175zXTVC_A,35.1630417,139.1424315,JP,Japan,Asia,Yugawara
LdeSqFOAYbJg0Ut1MMB21w,41.88272,12.497581,IT,Italy,Europe,Rome
RDFIcLQFAqYysDEdUuiseQ,-33.829848,151.215644,AU,Australia,Oceania,Neutral Bay
HvKJjrSrVxyZAj8Xh_r9RA,-12.07161927,-77.04539833,PE,Peru,South America,Lima
ab4tQaDBpCTvN7-eVHX2uA,12.12710911,-86.26420231,NI,Nicaragua,North America,Managua
VbXuvVRRhEb4J7eVR4mLzA,11.92910508,-85.95727084,NI,Nicaragua,North America,Granada
f1pMr0dwtr_ChDFNC5iKsA,34.94242765,135.70323863,JP,Japan,Asia,Muko
ySIL5hAKh-WK0Y3qVE8Z_Q,40.716097,-73.955615,US,United States,North America,Long Island City
DKGNGabjpz7VkHMvdBGb4Q,10.47872024,-66.91748189,VE,"Venezuela, Bolivarian Republic of",South America,Caracas
UPgLrhkWq28y8-ej5pMMKg,35.694855,139.753008,JP,Japan,Asia,Tokyo
GBW52gTR1ZL6RSv91xytKA,36.6572234,138.1875265,JP,Japan,Asia,Nagano-shi
h8-zK8hPXVGN67xxUZ-1qQ,35.556722222222,-83.496275,US,United States,North America,Bryson City
uF9IRHS4F29OkxfeHWPb2g,52.53934471,13.36452675,DE,Germany,Europe,Wedding Bezirk
-CjGcO8hfpC8lzGrYsM8Iw,34.956086,135.77036,JP,Japan,Asia,Muko
oN4BV4zY2i6fT_uBBfZi5A,31.316413,-113.520754,MX,Mexico,North America,Puerto Penasco
ByQy9Og1JNxlTu8pojG3eg,-33.430144605383,-70.603623820047,CL,Chile,South America,"Villa Presidente Frei, Nunoa, Santiago, Chile"
SZSBSCwu6_iKbkbkYAG2bA,64.10234427,-21.88899258,IS,Iceland,Europe,Kopavogur
8zozZmw0s0T_a7igXFKIWg,55.967298,-3.754011,GB,United Kingdom,Europe,Falkirk
CztG8FaqWE3vOwaR3QCVmQ,-16.539097,-68.077065,BO,"Bolivia, Plurinational State of",South America,La Paz
qntabVmQ0BUHzY7cOBnubw,41.56183516,2.02778921,ES,Spain,Europe,Terrassa
MsP_RpH9q4yE2OZdo0KsLQ,47.26048598,-1.58522576,FR,France,Europe,Orvault
yBp0e9oLmxXXyfQBOGKo-g,25.77140936,-80.19005512,US,United States,North America,Miami
NYJmh6ZM1AJcxVJPM8aNTA,47.465772223659,18.972751479596,HU,Hungary,Europe,Budaors
q-izPChIxGj7oD9YyvJBvQ,42.061908,-88.077077,US,United States,North America,Hoffman Estates
88n8ygifgTe77bFFPVUj5A,29.7846396,-95.62237254,US,United States,North America,Bunker Hill Village
tPds5bIoW3esJRj0KMzsOg,35.686438,139.791746,JP,Japan,Asia,Urayasu
2gE2GNpvgGfgaKbTSPBTYw,47.6073177,-122.3226741,US,United States,North America,Seattle
do1u7DKk8k1KULc8nrWE8Q,40.4617926,-80.0757933,US,United States,North America,McKees Rocks
AOKVMoyhpE6wvE58TocWNg,58.20138164,15.99448502,SE,Sweden,Europe,Atvidaberg
AAGOci19fmjGVPicq53kZQ,41.40437938,2.20449662,ES,Spain,Europe,Sant Marti
DFRC7tzd-kofFvKo9KcNcw,59.342826,18.043356,SE,Sweden,Europe,Stockholm
S85HQoWVjkwuJN9N7hdrHw,39.75049071,116.50120108,CN,China,Asia,Yinghai
tLvFmi4A85ptzBO9T1ZCjw,33.5820528,-111.930849,US,United States,North America,Paradise Valley
fUOq0mCDfA_agWN49lTYPw,32.717195,-117.155613,US,United States,North America,San Diego
1OrEV0Mk2bpOkxeQlS1hSA,45.5487533,11.558712,IT,Italy,Europe,Vicenza
QWvV7LDAJycu3lIX5R9ZNw,-33.4290206,-70.6233345,CL,Chile,South America,Santiago
4a5Vllppovph_vTZL1S-3g,47.62349949,-122.35417938,US,United States,North America,Seattle
dJMpdEnRUuzseEsCU0TsHw,43.570169444444,-79.675313888889,CA,Canada,North America,Mississauga
_pci49neWS-oI8o_VejfqA,48.83487,2.247629,FR,France,Europe,Boulogne-Billancourt
y6qO4D153xnNqbf22tJm_w,52.179395402782,0.14212908223271,GB,United Kingdom,Europe,Cambridge
hifoQQiEewBBM8Cm6tVlhg,35.625374,139.633259,JP,Japan,Asia,Tokyo
6hJpJqAED-xQ_imYr9obAQ,50.857815,4.35413,BE,Belgium,Europe,Brussels
yoejo5QpAqztGhBshG_MeQ,46.4036033,0.7159033,FR,France,Europe,Lussac-les-Chateaux
EjI7xRTuqrTKRUt1QUbGnQ,10.54098492,-66.99355073,VE,"Venezuela, Bolivarian Republic of",South America,Maiquetia
sPo8Spl4LKN1-zGgyf0D-Q,39.911586829911,-76.636552549083,US,United States,North America,Yoe
I1aeEjelUeHXdh25gPvmZA,52.50523364,13.39738262,DE,Germany,Europe,Bezirk Kreuzberg
Qz5AV3FbRUi58tzNMHU24g,-37.788158333333,145.00027222222,AU,Australia,Oceania,Clifton Hill
9c_3z8vt-mTC2Va6R5FQ8w,39.321276,-76.624196,US,United States,North America,Baltimore
pt2HElU5GzksGOa8cHqp2g,35.4553,139.427798,JP,Japan,Asia,Minami-rinkan
lzirJKs6In2JOZlF49BoHA,41.155169,-8.629298,PT,Portugal,Europe,Porto
yHv6qR9hfbkIijsjYtLcWw,-34.90805405,-56.20581747,UY,Uruguay,South America,Montevideo
Ew4B0U5DSlzhLg7As_TH9g,39.375772,-76.579613,US,United States,North America,Towson
48OYxu3iuMtSZungOQE2_A,50.044408289813,14.446587804372,CZ,Czechia,Europe,Hodkovicky
4J-Jv4o1qgBvXirqZ12wdA,41.90581593,-87.96436312,US,United States,North America,Elmhurst
r_DQIaizd3qQ02G9qJipVw,47.8780957,-122.1658658,US,United States,North America,Silver Firs
F2si--Dy5rcVY-mVN8GwIg,23.135788888889,-82.355802777778,CU,Cuba,North America,La Habana Vieja
9o6fmrIR7HkLaADbs0f9sQ,38.94752104,-77.34047408,US,United States,North America,Reston
gUwsFOdOy7BjE3M2rhHxZA,-41.28508986,174.77759344,NZ,New Zealand,Oceania,Wellington
LCx3Mk4WfWcJwSojD6Euow,25.88118247,-80.26501294,US,United States,North America,Westview
TJUIXt09_hHsUYH2zKZPzA,40.722048055556,-73.985841388889,US,United States,North America,New York City
azMsPSPFoz_70iRiwpA8cg,-33.758509,151.171318,AU,Australia,Oceania,Killara
mmyvO5owDtaxRlJcQc-1bQ,-6.8198001,39.2861242,TZ,"Tanzania, United Republic of",Africa,Dar es Salaam
E5wleMcdunYENNIsFwrR9A,-34.89906302,138.5907278,AU,Australia,Oceania,North Adelaide
4th7kFPWTQIcGipojbLeEA,28.1223722,-82.3739948,US,United States,North America,Pebble Creek
FNxPcteP4ZscdVefg9v_1Q,38.89578039,-77.02270092,US,United States,North America,"Washington, D.C."
9plgWHlD1Ha5dOCm1lRuOQ,35.178504,138.918325,JP,Japan,Asia,Mishima
hPNfDArXeGe8Z2BTHMMkZg,43.748372222222,-79.584608333333,CA,Canada,North America,Etobicoke
3XHCQhVjMASzFi0K-HdX6A,32.65763859,-96.88586705,US,United States,North America,Duncanville
zdCsaA746VPBYVKAOakEBw,39.194471,-76.688803,US,United States,North America,Elkridge
r6oXzmMADJQ5GaezwnR--Q,48.192342259493,16.279094235932,AT,Austria,Europe,Perchtoldsdorf
Wf3NK9kfgGKyklrE6BmCTw,47.07530263,15.39627603,AT,Austria,Europe,Wetzelsdorf
ynicuSZd2hHRClTaq885xg,50.895519,4.482981,BE,Belgium,Europe,Zaventem
_wbVgGy7xrO_C_gsz-BCvA,50.077655,14.408184,CZ,Czechia,Europe,Mala Strana
-rhLRtWHOcO_E3nVy_GxVA,50.04853131,14.4618182,CZ,Czechia,Europe,Karlin
3tC7ocA9XDG25f8vnDWa1g,10.39579897,-66.88992161,VE,"Venezuela, Bolivarian Republic of",South America,Baruta
BGOF3hTsm5ix6dbibGEPzA,12.13418364,-86.27952952,NI,Nicaragua,North America,Managua
Qhd_ZpAkyRpB-pLxJs2Zhg,10.780699575,106.679877045,VN,Viet Nam,Asia,Quan Ba
VhzxI5_A9C34X4JZRaij2g,37.545049722222,-122.27430805556,US,United States,North America,Foster City
OetERIw6l6RCGD2YbBhLGg,49.008013,8.367934,DE,Germany,Europe,Karlsruhe
wg0ImO0VDjXM4RRUWJLKwg,-27.467866147338,153.05353970385,AU,Australia,Oceania,Balmoral
nYn3oGyLPYWE1L_mih5HSA,51.487,-0.12548333333336,GB,United Kingdom,Europe,City of Westminster
1rvfx5SzkejP3_xd-UIt_w,50.8710263,4.3072757,BE,Belgium,Europe,Wemmel
hOUbc7LYK0FA2gk3VCoTyg,37.522655,140.388391,JP,Japan,Asia,Motomiya
y4F3FzKAvywoBUjIaTrZTA,19.400192,-99.170392,MX,Mexico,North America,Benito Juarez
hG6R8KdOsmz4o8MwlsaenQ,55.610516,12.981859,SE,Sweden,Europe,Malmoe
yZUEyQZuMnnrGzWbDwbpaA,-22.83023874,-43.31916123,BR,Brazil,South America,Duque de Caxias
iYDyVGkVDht_s06VVRREcg,38.12934662,13.33245358,IT,Italy,Europe,Palermo
KD86ag1GZDGgldVtMAV1xw,55.950558788564,-3.1885500285998,GB,United Kingdom,Europe,Edinburgh
7MkuEA89IUhYHYbNaZnzHw,33.543909722222,130.45828638889,JP,Japan,Asia,Onojo
HTP_smiOhWf7hOjZhvrRpw,35.659379,139.718897,JP,Japan,Asia,Tokyo
7uMCUCVjgw64M3J6LsSSzQ,52.338163,4.828578,NL,Netherlands,Europe,Amstelveen
9JKPTb586fsKQAPawBeziA,10.0198064,-84.2099704,CR,Costa Rica,North America,Alajuela
5nh5za22KUc0tXxMjrW_tg,50.1105820667,14.410484014079,CZ,Czechia,Europe,Mala Strana
_8ha8lVSrtNzrQ2hCmhhlg,35.623723,139.600192,JP,Japan,Asia,Chofugaoka
krITIOy3e5_e4xCTbheCYQ,35.112798,138.919912,JP,Japan,Asia,Mishima
0kMplsNDh3pMAKXPB1AOng,34.0876577,-117.949602,US,United States,North America,Baldwin Park
PtAan8DJhPrAOGzOoiIJdg,23.155502,-82.316598,CU,Cuba,North America,Habana del Este
MvgDrP1naq9rYaHQ0PSDGQ,25.05978,55.1373338,AE,United Arab Emirates,Asia,Dubai
vM_uJlHWahu52uj3NshK2w,-33.439147893713,-70.629679262638,CL,Chile,South America,Santiago
nqfLkNa_84Wpv5prCyUemQ,35.651431,139.686032,JP,Japan,Asia,Tokyo
uJuMW62zNxzpgAlE1UknIg,-27.448127,152.978986,AU,Australia,Oceania,Milton
hcFA-6p2oVA85aBtutHbOQ,52.06440484,5.13502061,NL,Netherlands,Europe,Lunetten
BoRL3Ky51TGNPjakjeMwdA,36.176137,139.953249,JP,Japan,Asia,Ishige
Kik41cWqxHlLk01384rArw,-34.614591,-58.5287137,AR,Argentina,South America,Caseros
rD9itNABf8A2ZLqY20hzNw,11.93151836,-85.95789931,NI,Nicaragua,North America,Granada
_HnWguqEbRCphUquTMrCCA,33.9395701,-84.3454796,US,United States,North America,Dunwoody
fWRWaDCdvVvKuGQy_SL9Lg,36.207956,140.07429,JP,Japan,Asia,Tsukuba
klV2LGDKxRSj37HA_n8eeA,35.176143,138.90673,JP,Japan,Asia,Mishima
OOmc36ylAGdJo5TbQ5vLUg,-37.819861,144.9683567,AU,Australia,Oceania,Southbank
kaw-xWWzKQuUgFdjIv1Zdw,-33.92471291401,151.21570367514,AU,Australia,Oceania,Kensington
g3CXR5oNDGkNmNjE0chPhA,41.899167,12.487422,IT,Italy,Europe,Rome
UutJT7GIfFF9HuVkCxzuqQ,52.37026,4.892733,NL,Netherlands,Europe,Amsterdam
olxYT7oaT62GI9ChkJby3Q,35.05143119,135.83749344,JP,Japan,Asia,Otsu-shi
IE5OvX3GkuTVInznpTJc_A,-33.58067,150.720369,AU,Australia,Oceania,Richmond
dU5gz2BNLqsCuQocA5yJqA,40.819237,-73.501845,US,United States,North America,Syosset
1MU81YYl7L1IhFqKj7v-FQ,27.91841414,-82.33533473,US,United States,North America,Progress Village
2z7CNCJ1UaJ2sJtIx51SPw,39.955612,-75.162976,US,United States,North America,Philadelphia
a4bZYoA2riDDgJPWzXS3kA,33.493963055556,-111.92540638889,US,United States,North America,Scottsdale
viGmzeisZdI2b-bGRJBZaQ,52.407981,13.075814,DE,Germany,Europe,Potsdam
ffJrqZo3A9rlW6cHEu6qIw,35.65662,139.698744,JP,Japan,Asia,Tokyo
qp0PIjN46o4lTftfX964Fg,35.80927,137.243586,JP,Japan,Asia,Gujo
QGvBdUx_vCRFKp9SHkvNjA,38.903542,-77.039761,US,United States,North America,"Washington, D.C."
cjBKP4DkCPajA0NF_ZN1bQ,3.447883,-76.527534,CO,Colombia,South America,Cali
Fs6QhI-v85-gbnGevGovXQ,34.075737,-118.328029,US,United States,North America,Hollywood
9wQDralITa7o-t-ac3_32Q,32.71379,-117.175171,US,United States,North America,San Diego
jztgOgN90zIqRxUXTfZxTA,50.8898394,4.72724,BE,Belgium,Europe,Leuven
FAxQgC7GYGXh9WGbMbXHYA,55.684385,12.524621,DK,Denmark,Europe,Frederiksberg
hSntgHJGmnIIcfnbApCUGw,47.6135793,-122.1807921,US,United States,North America,Bellevue
A-nhP3RuutqijY-O-9zsrA,-43.53147894,172.57425734,NZ,New Zealand,Oceania,Christchurch
0Vsc8UPOf6xf-IKjZSG8wA,-34.589924,-58.400786,AR,Argentina,South America,Retiro
YF0bunZs5W73AgHF1WQP2A,12.13190125471,-86.280528355442,NI,Nicaragua,North America,Managua
emqKwu-4fymcsxnoV1PBLg,35.084426501029,138.54759747052,JP,Japan,Asia,Fujinomiya
wnZk8YagdEW0GU5LZP9Q4A,37.697466,140.507012,JP,Japan,Asia,Fukushima-shi
nhjxEUdgReI9cd3AaqNHVA,-22.9490313,-43.181648,BR,Brazil,South America,Rio de Janeiro
sX93bk67cXlbsg0Qns3ceQ,34.76798862488,138.18172795133,JP,Japan,Asia,Shimada
q_uSgGUz2LkD_NO7xqInRA,-0.524919,36.663879,KE,Kenya,Africa,Naivasha
hf-EDw81eTtz4SSvXUpDAQ,39.959,-75.137507,US,United States,North America,Philadelphia
4UzISn7eT0IVk2SvyvunAQ,35.260887,136.9077693,JP,Japan,Asia,Komaki
ZjBj8r4V2CSX1ccQQDqn3Q,-33.699224,151.002719,AU,Australia,Oceania,Glenhaven
SYfe6CtkLAAVhZjHBFTtPQ,48.72525,2.260988,FR,France,Europe,Palaiseau
gU6_HrJeQy5VMJ3NYUrPmA,55.688557,12.540542,DK,Denmark,Europe,Frederiksberg
U1xfyTixtP4yIfpJfU4tIQ,59.29118360538,17.988713532686,SE,Sweden,Europe,Huddinge
4O_QyB_IabOwAmI2U_3lDw,40.8697247,-73.5285966,US,United States,North America,Oyster Bay
MF_rVJ-aYwE4cIWfC7yg_w,58.584779,16.1874002,SE,Sweden,Europe,Norrkoping
1D4_jlrlqZ9BT3bcq4VjCg,37.46339084,139.84406116,JP,Japan,Asia,Kitakata
fdjxsHqwW50fTd5MIQnndA,40.736602,-73.856046,US,United States,North America,Borough of Queens
7i2d77jTiJo6KK5rgoMe9w,51.5061149,-0.1012998,GB,United Kingdom,Europe,City of London
1BvLhmNMa6A3aTiKezxSXA,50.061525256594,14.424902156768,CZ,Czechia,Europe,Vysehrad
bb_Qd6uhG9Puk8Z3mWnkwQ,35.104924,138.858199,JP,Japan,Asia,Numazu
TnykU1u4Gc_2cZ3SQX7p5A,52.209159,20.987756,PL,Poland,Europe,Ochota
V4G3DkU2OtmHNNDboH5v1Q,52.395175,4.897283,NL,Netherlands,Europe,Amsterdam
APAuPzbInsz-BlchokDl1g,-43.577251,172.624876,NZ,New Zealand,Oceania,Christchurch
l0j2ydbHePkagcblbnUNiQ,-7.1632575,112.6329427,ID,Indonesia,Asia,Kebomas
6RkStMlOcq9NI_4_5kroIA,53.47571325,-2.2622668,GB,United Kingdom,Europe,Hulme
vwi10gzTc_0hoRWjqIbs5Q,22.372158,114.11228,HK,Hong Kong,Asia,Tsuen Wan
Jo14ZBlIb_NMh8VNP6MHIQ,51.4401039,7.0221418,DE,Germany,Europe,Essen
oA3tNrosEL9ZUBXvocQDKQ,13.734429040833,100.54231943556,TH,Thailand,Asia,Pathum Wan
T2gXLHjCutxOt7kUkP7JcQ,36.305893,140.436282,JP,Japan,Asia,Okunoya
4ZkKAPVap5iy4-IaIz6jCg,29.744689,-95.39123,US,United States,North America,Houston
Pz2Prh753xMpvEPD_CET-Q,10.46754668,-66.97467273,VE,"Venezuela, Bolivarian Republic of",South America,Caricuao
1-FjsQS2pNvMwNHyUsC1gQ,51.51432,-0.184661,GB,United Kingdom,Europe,Bayswater
meFiPk8xvsfApVsEXFfbOQ,44.959355555556,-92.854230555556,US,United States,North America,Lake Elmo
ErHMiERfRrCZDL30AgsIcg,29.42649001,-98.49483045,US,United States,North America,San Antonio
w5rKU_HchJcPxwJfm5diAQ,35.166727,138.917288,JP,Japan,Asia,Mishima
bKcdxvMdu1jrVFNoPQwibg,-23.555359,-46.675505,BR,Brazil,South America,Sao Paulo
l8aa460LkTl4wn87HBMjlw,10.48099145,-66.9501768,VE,"Venezuela, Bolivarian Republic of",South America,Caricuao
lJBqxsQTqrLwUcSqq3mR3Q,25.761083333333,-80.478566666667,US,United States,North America,Kendall West
CFACScKGKv1azVab3ComDA,50.857875232587,4.695895748498,BE,Belgium,Europe,Leuven
TQsNkmMeKbvFHjQ6LdXZow,49.664408333333,8.6043527777778,DE,Germany,Europe,Bensheim
haN6CEN34Qf6zM7vMMa47A,35.3267445,139.2850066,JP,Japan,Asia,Oiso
24cmAhf_Hb5xITbuQZyq4w,3.343185,-76.530915,CO,Colombia,South America,Jamundi
Z723LbOLEis__vJaEqdjQg,18.754916238032,100.75900928383,TH,Thailand,Asia,Nan
F-Zk_X9-a84Tom14YCgdcQ,38.887498,-77.027938,US,United States,North America,"Washington, D.C."
9c-jrcSjGHwvn3CZQVhUow,37.393508333333,-5.9933733333333,ES,Spain,Europe,Sevilla
SRuUH_dDiC9Dsb-NmD29Rw,-27.468056,153.023821,AU,Australia,Oceania,Brisbane
49uPurIZ8xh38YxUgnmEWQ,35.78292,137.229996,JP,Japan,Asia,Gujo
sxYa4s-UHSOxJr74sOQ2Zg,23.119535129444,-82.373518617778,CU,Cuba,North America,Cerro
OwAfcFyo8gYh_giwD_yrZA,51.332581,12.378221,DE,Germany,Europe,Leipzig
UFepji24lha9y6ecvJQJBw,5.3496266,-3.9885849,CI,Côte d'Ivoire,Africa,Abidjan
KIPTtS828jCxZfKdQ2KULw,51.346458333333,12.306966666667,DE,Germany,Europe,Leipzig
8hIYSxSA-E5_s-dSCAiNaA,33.8951546,-84.4802451,US,United States,North America,Vinings
jtHfMIKhoV5d4xWzQrVKSg,-33.791934,151.195285,AU,Australia,Oceania,Roseville Chase
5HncZr_XnwspyAuEppYzLQ,-22.5833527,17.0809724,NA,Namibia,Africa,Windhoek
6F3GrKIsFJHL0N_-0d79Xw,60.15998219,24.91735583,FI,Finland,Europe,Helsinki
fI66Er3LH5XsmnGEMwevhw,43.782621435556,-79.255483746389,CA,Canada,North America,Scarborough
66JzYaF0o2V3v8OLwnpaVA,12.12577877,-86.29648682,NI,Nicaragua,North America,Managua
_qxdHmK_e8jfP_u_CVoVlg,40.723819444444,-73.950705555556,US,United States,North America,Long Island City
7FEpBlRYyDDyFK1t3jeIHg,33.467007,-112.0380091,US,United States,North America,Phoenix
MLP0po5rh6UAMHpJbLpgHQ,51.4694952,7.0181109,DE,Germany,Europe,Essen
R8cftDSHpCkukQ4ajmJNKQ,42.355169,-71.051879,US,United States,North America,Boston
LIvVYBaBx0IGkofEQglqow,52.036875,1.1868027777778,GB,United Kingdom,Europe,Ipswich
ILFinfuTTovBfHAU_6fXbQ,41.38091629,2.10087953,ES,Spain,Europe,Esplugues de Llobregat
imfb5yp6Es55QC5CCRxjIg,52.31852646536,5.0924150049,NL,Netherlands,Europe,Weesp
Ewd-sDy9Pl-R_5JSq0KnrQ,34.999526,138.40901,JP,Japan,Asia,Shizuoka-shi
dBjAzFogZECt-0JHneqkbw,40.7187385972,-74.011941708024,US,United States,North America,New York City
szLaavAsDwA2iKQjMj1_og,35.94067644,139.68945279,JP,Japan,Asia,Iwatsuki
DSkTW_N52RC8GvfXLuQSoQ,41.901919,12.457299,VA,Holy See (Vatican City State),Europe,Vatican City
iuj51xTi-VY_Iu7P1qRnHQ,40.838043,-73.561393,US,United States,North America,Upper Brookville
uYVOL9H9cuBVpw3VhqX3rA,-34.92416871,138.59352548,AU,Australia,Oceania,Adelaide
H2z5YoMwoWp12DP3y9Pisw,40.4464906,-79.9896382,US,United States,North America,Pittsburgh
6AA4NvhsZtlZCri39rF1XQ,35.011911228056,138.35636466972,JP,Japan,Asia,Shizuoka-shi
6kuCsJq5zSEfHRlrWY41bQ,59.902276257053,30.465365750715,RU,Russian Federation,Europe,Obukhovo
_JKIMMl114GOW9fUnSZVzQ,39.96215,-75.160176,US,United States,North America,Philadelphia
5iMBYXx4bFrhxOqWKiaK4A,12.9835903,77.55827475,IN,India,Asia,Bangalore
SFHkk9GQCGdSWiWndZVL-g,-37.796552,144.9732728,AU,Australia,Oceania,Fitzroy
NY85VnJv3raQWCd3599Suw,39.278026,-76.573708,US,United States,North America,Baltimore
NWrVezMQESRGxTUec5vUbQ,29.6091778,-98.46802209,US,United States,North America,Hollywood Park
IoqsRMHddjntaGnQpNDZtA,51.337741666667,12.307836111111,DE,Germany,Europe,Leipzig
0sOTkxuq-V9wFUG9CQbbzg,8.98460392,-79.51249573,PA,Panama,North America,Panama
QEnlbGxvhQ58rWbLaVe68g,34.036130252733,-118.26774710107,US,United States,North America,Los Angeles
-nUni3iuEH0aYf-rzokxtA,35.106472222222,138.91144444444,JP,Japan,Asia,Mishima
ux2KRPbae6XHsTrlXYFksA,38.135819,13.358584,IT,Italy,Europe,Palermo
EB3lEm2g9MJ99e6jP4cdLw,36.07667,140.185316,JP,Japan,Asia,Naka
hRnCxeoiFBekY9ZzwG_5BA,42.251298333333,1.8676366666667,ES,Spain,Europe,Baga
rhSOTELKcybh4NEv3y_3oA,6.209879,-75.5707854,CO,Colombia,South America,Itagui
044yBEge2zNqwR3RwJbuoQ,-13.0040455,-38.52268343,BR,Brazil,South America,Salvador
VpYToPeA6tTer5n8RB6-Zg,52.682291666667,13.350325,DE,Germany,Europe,Glienicke
Dt7xYO6GhyjQViuQbeZaGw,47.478606,19.04929,HU,Hungary,Europe,Budapest XI. keruelet
zcqDYHEc-lrsy2JKnqz7xw,47.7578391,-122.261794,US,United States,North America,Kenmore
IzRtcV3lVRLiGBifuALwfQ,-41.436188079155,147.14046783896,AU,Australia,Oceania,Launceston
SLl1C6WOC7-3H-1OlwRO4w,52.21347,5.298068,NL,Netherlands,Europe,Baarn
dqAa7hCEYpV8GTVfBM76ew,48.845955,2.41102,FR,France,Europe,Saint-Mande
7i5Q0dTCf9gHKd-zHETyug,44.913413888889,-93.350722222222,US,United States,North America,Edina
yQMHm4taGHzNFXtDbe0K6g,-12.070976,-77.036363,PE,Peru,South America,Lima
GFpbae0UDAOaZfgJRvHJdw,40.029539,-75.105233,US,United States,North America,Rockledge
CUECDqS5dbIcQxhi88M8JA,-34.87661498,138.55060878,AU,Australia,Oceania,Woodville
q5qiTOEZpv3tTPvg8qp_JA,33.990284,-118.46467,US,United States,North America,Marina del Rey
iERrDeTm4HptA2WdkwGznQ,-12.99773522,-38.47847957,BR,Brazil,South America,Salvador
bZYiw36EDdTRbgymsNaG_Q,-2.90423339,-79.01287866,EC,Ecuador,South America,Cuenca
u-CFTnyRUuDLUx_FpGkfRw,48.195533333333,16.29535,AT,Austria,Europe,Vienna
4K-HlUbCmCqWNPH5fC9y5w,8.299938,-62.727695,VE,"Venezuela, Bolivarian Republic of",South America,Ciudad Guayana
bEc2b8MaP6GzNWfUks7gwQ,51.484651,-0.116578,GB,United Kingdom,Europe,Kennington
UACoMjK4ktZO3JqGXBHS_g,35.936276,139.691846,JP,Japan,Asia,Iwatsuki
YZCzriQSudHd0jONnh-sOw,26.236244,127.732505,JP,Japan,Asia,Ginowan
aIuqmpn-5aRjb3Qvuseq8A,43.7187218,-79.5700022,CA,Canada,North America,Etobicoke
tPsNPVAkpyL4TYygVG_kHA,56.058995285833,12.682349318611,SE,Sweden,Europe,Helsingborg
Za17E2hjp5Ftmn9KyihYWw,35.4479949,-97.6005965,US,United States,North America,Warr Acres
gXi0v3lm7G-1ycscvJd8Gw,18.803001637571,99.068053979427,TH,Thailand,Asia,San Sai
Mv1JAPFvsL6gP3zIJRA6jw,36.212578,140.274148,JP,Japan,Asia,Ishioka
E7I4ozczR6LEFbrgQr3v5Q,-41.28261081,174.76136693,NZ,New Zealand,Oceania,Kelburn
DSFeFF8XbmWOqYdLN4jWGw,35.288733523333,138.33959125917,JP,Japan,Asia,Fujinomiya
4NMOr3ypcRD5vduwnsVeWQ,37.522076,126.959926,KR,"Korea, Republic of",Asia,Seoul
BJVbsa6nPt-NYuF1LtoCQQ,34.983666,138.407645,JP,Japan,Asia,Shizuoka-shi
G072Eq6yIZgPwca4onLKrw,-41.29602128,174.77087143,NZ,New Zealand,Oceania,Wellington
jHHvbRLQ6GhIBqrtLUPz2A,53.3549352,-6.2683326,IE,Ireland,Europe,Drumcondra
u2YpMWcxYGnuMdGIQtUTcA,59.295674,17.98105,SE,Sweden,Europe,Segeltorp
HwvWH-QrmP8P4n757YBaug,35.629866,139.652158,JP,Japan,Asia,Tokyo
VBB5eaEtCBMyPEaokzsqwg,38.90673839,-77.04195677,US,United States,North America,"Washington, D.C."
fMksMggOzVucsN8Fg4TITQ,-33.449578524062,-70.589258372784,CL,Chile,South America,"Villa Presidente Frei, Nunoa, Santiago, Chile"
EUQX8RUc3zYuXoABCROvyw,47.26947093,-1.61472292,FR,France,Europe,Orvault
7HbkLxmEnWsbxqrNRZ_Elw,13.743654498611,100.54257986111,TH,Thailand,Asia,Ratchathewi
wx25VthWvEPWbgOSILk96g,50.849336,4.361431,BE,Belgium,Europe,Brussels
0_xJqX3-c-KyTb90oG_8HQ,50.455186111111,30.520552777778,UA,Ukraine,Europe,Kiev
nZ68PGpbvtFSQ84xoenB-w,33.98201789,-84.54151058,US,United States,North America,Marietta
sEIHDPD5BRfq1OdKkpc-rA,60.16026335,24.9217671,FI,Finland,Europe,Helsinki
UqfssmwNtaMDi3nhbFyLZQ,47.98133,-122.188073,US,United States,North America,Everett
hOI_PgOH2ZO_evqQXP_T_A,35.182354913611,138.36113944194,JP,Japan,Asia,Shizuoka-shi
Zze_07dgys0yVGjAjqHSqQ,47.43642765,19.09452111,HU,Hungary,Europe,Budapest XX. keruelet
8QpYBtpKkc-RRyCT4KY2_Q,51.220245,-1.15275,GB,United Kingdom,Europe,Basingstoke
s-i6syUzCUAyK98emBaR7w,-43.534976409879,172.63668789459,NZ,New Zealand,Oceania,Christchurch
bnQ5kuRWz30chnGKAsGBaA,34.675514524264,138.00283126606,JP,Japan,Asia,Kakegawa
C1NB2nzaVqfLjU8S58PNoQ,39.788838867098,-86.157413553447,US,United States,North America,Indianapolis
w8EfnuQnlSJ9onbA1bsG9g,39.567819,-76.979901,US,United States,North America,Westminster
Th00_WhLIO89BAFRttMWxg,55.672306,12.469101,DK,Denmark,Europe,Hvidovre
QaC9PN9cO-WXPl2wHpyDyg,35.035368472222,138.38001257917,JP,Japan,Asia,Shizuoka-shi
8lajtqnWhhQWqOe10TjkMQ,-34.878489474358,138.55392017905,AU,Australia,Oceania,Woodville
U3AUsNKJtGxt3s5kd-w3FA,53.475594,-2.242017,GB,United Kingdom,Europe,Manchester
7eiKvR4hR311K2qrWxdRbQ,47.461626,19.052487,HU,Hungary,Europe,Budapest XI. keruelet
x8uw6B9VOPvbceCo9g7sNQ,41.87527875,-87.62330068,US,United States,North America,Chicago
uCVaqpZlm1sC2d6jf2ei9Q,33.5365813,-112.0414992,US,United States,North America,Phoenix
_uUllrSYGeXltcIRb79VKw,55.866001,-4.236774,GB,United Kingdom,Europe,Glasgow
VqO6ghF9pPxx6hZNNzHYqw,31.06628964,-93.98455955,US,United States,North America,Sam Rayburn
otI-AZhJq0D3WsakagNWOw,40.829219,-73.846684,US,United States,North America,The Bronx
Fg7evxBv-6qT48ibbE3sTA,41.37057895,2.14292129,ES,Spain,Europe,Sants-Montjuic
157BEVhqJyffZrOyRBYClw,47.616274442512,-122.35146333687,US,United States,North America,Seattle
Y96i4v-SuoxnlO8dj9T9EQ,-27.468982,153.008789,AU,Australia,Oceania,Milton
Syc-aW4JRMIO7B17pIweTw,47.47643088,19.03459723,HU,Hungary,Europe,Budapest XI. keruelet
NzpTdLBZGmjrBmuJ72qLeQ,-6.8420055555556,39.232169444444,TZ,"Tanzania, United Republic of",Africa,Dar es Salaam
z5QHAtlxNJj2ZNgAJGbW0w,32.712631,-117.155761,US,United States,North America,San Diego
UfLK3HlJQy6ccosEXkR_rw,35.150295,138.702061,JP,Japan,Asia,Fuji
XxOCZvFWjG0NHEGvs9BrAw,-12.13244,-77.028691,PE,Peru,South America,Surco
rCAXF1vFORBG5f5DZqyDmA,35.121181,138.872048,JP,Japan,Asia,Numazu
BFYvwAscn4hrQxmgABsAtw,50.86580472,4.33921424,BE,Belgium,Europe,Brussels
pWFy1P6EmpAiUtDU6CDO2A,39.324531,-76.616624,US,United States,North America,Baltimore
hWx1u0IV3GZnAV8pKqPr-Q,51.51169,-0.12816,GB,United Kingdom,Europe,London
jbbG7EnDL40qZmrtDVPKfw,51.375466666667,-0.091727777777778,GB,United Kingdom,Europe,Croydon
40-xCObP8WPWscCbGCQLOA,39.3684,-76.567276,US,United States,North America,Parkville
JqI7tM2E3FW6eJLHqeTVzA,35.439964,139.667645,JP,Japan,Asia,Yokohama
gA5pDn_nauMDWw_rOeZBoQ,63.433197222222,10.392447222222,NO,Norway,Europe,Trondheim
NNP3c0dZ6BMljdShjmyfzA,48.939001,-122.487186,US,United States,North America,Lynden
K7fcXJu9MK1ZCppjXn0TbA,-6.7754611111111,39.243911111111,TZ,"Tanzania, United Republic of",Africa,Magomeni
XL3ZfJ-AiXrO7flc1nSiOg,-22.9105016,-43.1862278,BR,Brazil,South America,Rio de Janeiro
b6sDTS-exy73mlz2X3tZYQ,40.23719386,-76.89713243,US,United States,North America,Lemoyne
tCRy_dSn5s_gIdqeRPOYSQ,-15.8084386,-47.9708778,BR,Brazil,South America,Brasilia
3yXw0529G9Nh77q7x9QjeQ,-33.90457077,151.20433165,AU,Australia,Oceania,Alexandria
zuYRFAtDXXMgkeR9R8IKvA,60.16904085,24.95852431,FI,Finland,Europe,Helsinki
dPA0O-flWzb4OXtY0CNwhw,51.4587466,-0.1942201,GB,United Kingdom,Europe,Wandsworth
cQRfHCozGLOTPV4xVPcZLA,51.350161111111,12.286686111111,DE,Germany,Europe,Schkeuditz
5Am8IBCrHLkCvu_MubAelw,25.77189038,-80.1851105,US,United States,North America,Miami
jyBQ5vusLy3qEP8KvbyFCg,35.340223,139.163193,JP,Japan,Asia,Hadano
oMJ02NFC8p0DRG2wSXCSHQ,47.41445,8.557713,CH,Switzerland,Europe,Zuerich (Kreis 12) / Saatlen
jD505g1sqCmfKFVgztlJtw,50.051099528182,14.289038678519,CZ,Czechia,Europe,Hostivice
B3-X4vVNB1dHxUc33q37mQ,47.505819280632,19.079464590177,HU,Hungary,Europe,Budapest VII. keruelet
SWPikw9aQW6panoYMiH2ug,50.980796765129,10.313818218034,DE,Germany,Europe,Eisenach
oeuBAYiVEXqWIGP5turRmA,42.351077,-71.06471,US,United States,North America,Boston
TAq-KJg0GQ2Qfa-nCmDwyA,36.7429455,138.0832702,JP,Japan,Asia,Nagano-shi
qIB7E-t0p7TNUMT5Hu-dUw,32.710568,-117.149429,US,United States,North America,San Diego
18NxWPQaLK0BqxoOHHBSLA,24.7251806,121.0895419,TW,"Taiwan, Province of China",Asia,Zhubei
xU-n8X6P8-wAzgpMRCObMg,35.585209,139.755362,JP,Japan,Asia,Kawasaki
UhBRkfeY6EGtQaLpHV-kbQ,48.84454045,2.35485362,FR,France,Europe,Paris
Ot-u4L0XuwB3vCbPJSZd0g,43.808261,-79.373303,CA,Canada,North America,Willowdale
zKMsHRB5Q2OHVje90UHIxA,35.968794444444,-83.918027777778,US,United States,North America,Knoxville
xspZUVANVDeXcjK8gbpSTg,12.97138988,77.58692088,IN,India,Asia,Bangalore
BXwmoGtx_jBN3Yi1Qk9pMg,26.091544444444,-80.220738888889,US,United States,North America,Broadview Park
1-45wRNxBtK37rAzDVb8MQ,32.717854,-117.154161,US,United States,North America,San Diego
NclHwxt4znIHHbx85td4Kw,43.7072872,-79.5779606,CA,Canada,North America,Etobicoke
K5J9_PJMpBLdMRt8f0lRYA,35.69372,139.789557,JP,Japan,Asia,Tokyo
c1aV3iZcaLHoa-nas7JLkQ,34.079266,-118.119819,US,United States,North America,Monterey Park
yuhHSbkd-GEIeMypfsgEwA,1.313796,103.838978,SG,Singapore,Asia,Singapore
mZWPDRdZhtD-TomkEgntYw,47.4825139,19.0795807,HU,Hungary,Europe,Budapest VIII. keruelet
e-D0h6BzruogvJgG_3P-xQ,28.77417518,-82.0658097,US,United States,North America,Lake Panasoffkee
Mzs0j1g86QQV8nVuEsS5dQ,-34.763606,-58.39741,AR,Argentina,South America,Lomas de Zamora
3tP64wB9wdAgBeC73YGIew,40.7707956,-73.7621266,US,United States,North America,East Atlantic Beach
dTZ2CSS60H2EE16Tod34pQ,55.99822381,-2.50780752,GB,United Kingdom,Europe,Dunbar
NNu91UyJ-wex4ySaN8QSYQ,-27.45637123517,153.04347253587,AU,Australia,Oceania,Fortitude Valley
KCbH6Pf476zQVpBsoMCmwg,51.525122222222,-0.081119444444444,GB,United Kingdom,Europe,Barbican
z00KfgtfopKEdR5xjfJqhQ,27.9383272,-82.2939075,US,United States,North America,Brandon
H2n7fM2f0Fr1BTfJaM9AtQ,52.394272,4.913379,NL,Netherlands,Europe,Amsterdam
cdofzyI2xDS_HGBilJ4jMg,35.002192,138.468995,JP,Japan,Asia,Shizuoka-shi
RnicpbfzkhCrN1GgcDwWiA,33.902967,-117.907611,US,United States,North America,Brea
Hzvl2xuEPOnh1k5vwHSZyg,51.351152777778,12.284891666667,DE,Germany,Europe,Schkeuditz
seweph-rIlltIt_Zz7CoZA,46.947028,7.444006,CH,Switzerland,Europe,Bern
CJM7FJm9Ysq0SodPQGzZDw,34.774284481111,137.98818063111,JP,Japan,Asia,Kakegawa
2ylSjakDEowZNJz93wmt9w,-43.51426268,172.60458675,NZ,New Zealand,Oceania,Christchurch
fbPHdkEdKk9u2esbtjTL8Q,55.715512,13.215949,SE,Sweden,Europe,Lund
YJP0tK9zOigw1s99LScKZA,37.344568055556,-121.93672638889,US,United States,North America,Santa Clara
zClg5vU2t3u0wIWP0cCzRA,44.982102777778,-93.273816666667,US,United States,North America,Minneapolis
_GMPXaE6NPXtxWo9JW_jSQ,-33.412314117768,-70.592479705811,CL,Chile,South America,"Villa Presidente Frei, Nunoa, Santiago, Chile"
aEQC2qt5RDzFgEyxx6_Vzw,33.493127,-111.930342,US,United States,North America,Scottsdale
Ri5ARoyOQOiQRy_IdFI9eg,32.73201482,-117.15485294,US,United States,North America,San Diego
d81EUM0KELP9JRvo4l3Gdg,50.09586909,14.45614883,CZ,Czechia,Europe,Karlin
nzjH2fnBbSKSlDM18FUA7w,53.3348297,-6.2782304,IE,Ireland,Europe,Rialto
BVhPIR_0aQTIS48NfMPNXg,-15.816135,-47.898447,BR,Brazil,South America,Brasilia
j3U7c8l4FHdTxikEvajdLg,-27.44459245,153.01889729,AU,Australia,Oceania,Wilston
5R-_ansIvfL9bOBMVS5keg,35.66351,139.773891,JP,Japan,Asia,Tokyo
k-kLBngxzdzjm4RqIRH48A,35.129724,136.919537,JP,Japan,Asia,Nagoya-shi
gphk3RK-PkpcTgD2Ua-twg,25.778627777778,-80.199544444444,US,United States,North America,Miami
y66OPnHdMxc_T3xuFDifrw,35.673096,139.766961,JP,Japan,Asia,Tokyo
gC_OOs5KJuwixb8hQp823w,55.602357192387,12.999004026657,SE,Sweden,Europe,Malmoe
IWSSctHQY5KlPmfZohtCtg,35.018266,138.894152,JP,Japan,Asia,Numazu
uCGEeYi5D2Oc52UD4qMCvg,1.298209,103.849166,SG,Singapore,Asia,Singapore
cypPaXnxFOP-cm6JReLGCw,25.0778338,55.1447539,AE,United Arab Emirates,Asia,Dubai
yvlgBJ0daRjnglTt2XJlXA,51.4443368,6.9939275,DE,Germany,Europe,Essen
kc9djeFICaM2cjPxPaU-BQ,34.985676384444,138.30910731083,JP,Japan,Asia,Shizuoka-shi
2NanO8tyD3DyTMhNl6UXQw,48.851868,2.338982,FR,France,Europe,Paris
aFTJ13iyOakE2PHPVdVliQ,53.503003022633,-2.1808147989213,GB,United Kingdom,Europe,Failsworth
WXJKcY0RtHOU5oVqcva5jA,35.66721,139.767511,JP,Japan,Asia,Tokyo
yfTY_DVmWNndFbiMRLt9sg,40.705152777778,-73.959394444444,US,United States,North America,Long Island City
aDIaHuLPdQwSX-BAoT1DFQ,50.10877332,14.4946832,CZ,Czechia,Europe,Prosek
q-uB_yw5xpFQxtYkRj2jrQ,1.317157,103.817006,SG,Singapore,Asia,Singapore
-i3WC4H43BVUh5nZsJgThQ,43.09560014,-89.51159415,US,United States,North America,Middleton
3mvMhGpAEATgBkP7U1e-ew,59.30294321,18.07929495,SE,Sweden,Europe,Arsta
oW8AgQnqYuL7lzu8D5YabA,33.9259982,-84.4626464,US,United States,North America,Vinings
t2LIVaixXYiAb5MXFa5p0Q,52.375552,4.888591,NL,Netherlands,Europe,Amsterdam
BhHVMpKL0NfaY8oqQOhkWg,50.979508,4.5115948,BE,Belgium,Europe,Zemst
Ovd7xsKEx0-2ZOjj3kaOsA,48.218418,16.16625,AT,Austria,Europe,Purkersdorf
C-PKCtBPq7tzqF3Jm2iCsg,9.07065816,-79.38905335,PA,Panama,North America,Tocumen
O7O0ZMCvVL4oiJilpUti0A,34.752563,138.210288,JP,Japan,Asia,Sagara
eYuFrCPd-Qn24iHjuqnoXg,36.7553715,138.0790418,JP,Japan,Asia,Nagano-shi
R6fefrcHz5mcekpWTZIbgA,52.168052215129,0.11694280430675,GB,United Kingdom,Europe,Grantchester
za4F0nh5ZfsDFXYnpYNEcg,55.688271,12.525939,DK,Denmark,Europe,Frederiksberg
3SlHCh1JchTszy18NEUkGw,48.837214,2.248199,FR,France,Europe,Boulogne-Billancourt
mAdNskOkZ-NdvtiB5SbjXA,35.627188,139.627286,JP,Japan,Asia,Chofugaoka
ZdV18AmCpW9Z0tlOt-JyMw,47.624264,-122.317414,US,United States,North America,Seattle
C4eXCUJzAmegzuhAKYy-Tg,-43.539979795569,172.63107279885,NZ,New Zealand,Oceania,Christchurch
6Q5qs5lKBmzOYh70klva3Q,49.19188825,-122.92582862,CA,Canada,North America,New Westminster
AGfMCz8PvT337zPwksp3sw,47.7574983,-122.2491973,US,United States,North America,Kenmore
2u2pVjF6pgMRhI5EZieSCQ,59.923653,10.761737,NO,Norway,Europe,Oslo
wYPojupeId0g9Fil0C1Kng,53.348207340025,-6.2663707299533,IE,Ireland,Europe,Dublin
uYkmz6C6PODYhu_XFbCZ7w,-33.863677777778,151.01807777778,AU,Australia,Oceania,Berala
Ao0-4sHu8va2FWM70ievmg,35.63686,139.794247,JP,Japan,Asia,Urayasu
yRz2uJsoW9ASljFIEnO9Ww,50.090028,14.429318,CZ,Czechia,Europe,Prague
AlZiWZgPZQr9rTnk_vmLVg,35.099513,138.870429,JP,Japan,Asia,Numazu
Uy71RldmUYUeNvuN5moDkg,55.74500783,37.62167987,RU,Russian Federation,Europe,Moscow
edia9_s3QMKk_Jd_WVldYQ,35.4455252,139.4141715,JP,Japan,Asia,Zama
RPqXwp4W5j5dI2zTpcyzMw,37.1440206,140.4523609,JP,Japan,Asia,Ishikawa
CtT7VUW7ecuZ2YCQTmUJEQ,37.771448,-122.411449,US,United States,North America,San Francisco
I5yHwotTzAE63f8yCfk1wQ,55.670798,12.557204,DK,Denmark,Europe,Copenhagen
8gquSuM1YE02aLhEipPICQ,2.44013535,-76.6044917,CO,Colombia,South America,Popayan
j2kS-06IJMIk-jaRuTU9xg,36.148072,140.005388,JP,Japan,Asia,Ishige
q2otWy52toGMp9sHhSbmlQ,50.0472224,14.528487,CZ,Czechia,Europe,Pruhonice
qEZX9UwM7Q3_P3yk3qigzg,52.35954,4.901401,NL,Netherlands,Europe,Amsterdam
72NgTtDivB7TPZFy1OQoxg,-37.99797752,145.27624084,AU,Australia,Oceania,Hallam
JeLTvli2LnFbyW6wd-ndAg,51.515188888889,-0.089583333333333,GB,United Kingdom,Europe,City of London
4uyYIzCqJiDOHE3VuBCzTg,48.2148987,16.3841753,AT,Austria,Europe,Vienna
L8FEXqkjPHoIdtQWRmfhHg,19.091115,72.844383,IN,India,Asia,Mumbai
iBQN6CKfcMTNpXGhr5-69w,55.59035094,13.0280965,SE,Sweden,Europe,Malmoe
ZX_Unf78Sld4nFLYS_hN_g,26.09164423,-80.22725934,US,United States,North America,Broadview Park
jtcZjDOav0DX7pY_HSKK1Q,47.390993,8.050188,CH,Switzerland,Europe,Aarau
6B8tDQPfZ_bBM8TQF4q7Dg,36.037765,140.228752,JP,Japan,Asia,Ami
GRikpPHAFi4SwRZ4S0hm9g,-25.4573218,-49.2401768,BR,Brazil,South America,Curitiba
Sp2X_C0Eg5JSUVHcz5SFlQ,36.5643334,138.1965444,JP,Japan,Asia,Nagano-shi
nvAw2WlkLj9_Mepnx2p0rQ,38.99026735,-77.02356324,US,United States,North America,Silver Spring
PtMWR_nR1ZBTcSEslEy81g,9.90115576,-84.05276889,CR,Costa Rica,North America,Curridabat
6VonDZ2pfgQ16eRLu-O66A,33.5173106,-112.099615,US,United States,North America,Phoenix
KQPOE5LJwOisP1AMOnFeIw,50.923762,4.426338,BE,Belgium,Europe,Vilvoorde
K8uJvbCKTaNFMgyzjTOIag,3.393574,-76.538389,CO,Colombia,South America,Cali
FbVCvkw6oJAKsEAY0eKoAg,39.753968976438,-86.154916416854,US,United States,North America,Indianapolis
IGhEsJ7UkkjVoMf8RAPM1w,33.82589187,-84.42623234,US,United States,North America,Vinings
PhR6VqGAi4wyi5QC9RZErg,51.31475,12.376538888889,DE,Germany,Europe,Leipzig
HLQeGvvGBtlymMFED84q0g,39.299905,-76.582151,US,United States,North America,Baltimore
wMApcKMUR2QfdoShcuZBUg,35.368853,137.674803,JP,Japan,Asia,Nakatsugawa
TP1SQB3P4PT7eEajm82MBw,33.878206,-117.914312,US,United States,North America,Fullerton
eqfoNipsE5w43hVs5DVMaw,38.99470358,-77.00799079,US,United States,North America,Takoma Park
56hHEZ4hVzCtLF8yc8PqYw,47.596451,-122.334551,US,United States,North America,Seattle
5Z8aPhWmx6RQfJ2GvZlwSw,43.674653,7.2221070000001,FR,France,Europe,Saint-Laurent-du-Var
WFIqUQZILc-sViTZxZJL_A,53.564856,9.99671,DE,Germany,Europe,Eimsbuettel
4BIBtcpIAJI-GkOagAjw2w,-41.440443603957,147.13947164891,AU,Australia,Oceania,Launceston
kP9IhUWSoqc6K0R2aZgkww,50.885411666667,4.7364966666667,BE,Belgium,Europe,Leuven
5WBCF2aQTmdrjl93p7icfg,45.56361538,11.54009738,IT,Italy,Europe,Vicenza
2eipfatrXp3SeFPFGmhnLQ,35.424485,139.60271,JP,Japan,Asia,Yokohama
tTgFAOl40AKV9MZwp1CXEw,43.447766666667,-79.7637,CA,Canada,North America,Oakville
F1CgafYoE2jK-TP_xCzhbg,38.136926,13.358636,IT,Italy,Europe,Palermo
kMAA8Ao2L9gGToc4Af-gDQ,57.14533709,65.54029538,RU,Russian Federation,Europe,Tyumen
CHo6ZyCz2mhgBIuQxmCWTQ,36.045628,140.16656,JP,Japan,Asia,Naka
PI-ZmNXQ0jG83Hy5I5jwNw,33.5213366,-112.0998588,US,United States,North America,Phoenix
iFYMMBHhVjrlqkGTbxW-sA,39.285738,-76.574392,US,United States,North America,Baltimore
jZBWUyXigQiYavxXftZ4dg,43.30163,5.373644,FR,France,Europe,Marseille 03
6SAO_-Om3XB4yjv3NFJIYw,58.7755384,14.0001301,SE,Sweden,Europe,Toereboda
N4GFZ74VN2mchRjQ4hGyyA,-34.89528122,138.56753797,AU,Australia,Oceania,Allenby Gardens
QZXk5gWUtw6ne-MmYqI2jQ,55.72083258,37.67421616,RU,Russian Federation,Europe,Taganskiy
x7zbHjWBM0UjH2ve08dwYA,33.93338171,-84.35394352,US,United States,North America,Dunwoody
DYPHlVidCKqFVLwBEmUPqw,-33.889959,151.239942,AU,Australia,Oceania,Woollahra
rtdGigfKXRhWlX8vHVEDIw,-34.91533808,138.63612385,AU,Australia,Oceania,Trinity Gardens
VEM7n9l9p25XkbuqtKboKA,53.474403067417,-2.2413517727267,GB,United Kingdom,Europe,Manchester
_Xh3_QJd7BAQqkRYSh_e7A,37.55919893,139.83560281,JP,Japan,Asia,Kitakata
0qeIe3_Pbs3ZKW3_or6hzw,48.25046232,16.47044527,AT,Austria,Europe,Gerasdorf bei Wien
_JXAAG32jDZaSlWt_yLipQ,36.90967144,-76.2600556,US,United States,North America,Norfolk
XYp4KQlfT89YEP4RlLGCFg,39.79825405,-86.11359529,US,United States,North America,Indianapolis
F-SaJwY8exrIXo37_v8S3w,59.90396417,10.71952757,NO,Norway,Europe,Oslo
ggg0rr4I7ALSd9cyKjspbg,36.287617,-115.178248,US,United States,North America,North Las Vegas
2mL9IKgo-dH3jxV8H0qwhQ,54.8665985,-1.4480225,GB,United Kingdom,Europe,Houghton-le-Spring
Zg9U_oKx8fOakyyGYgYHIw,38.927325,-77.103925,US,United States,North America,Brookmont
LFn9mlUwaM6hC3J8G15wVQ,43.039637,141.486013,JP,Japan,Asia,Ebetsu
ESsWoh2HDO-azxxIC-VwdQ,9.8712672,-83.9444511,CR,Costa Rica,North America,Cartago
wZjmE0YFLEDxRv7aQZe3DA,43.754469444444,-79.568669444444,CA,Canada,North America,Concord
2CncmhS6blXSxrerDjAF8A,51.4421859,6.9896719,DE,Germany,Europe,Essen
B9aSKFCZ5CxCCHrvKoE0wg,-37.979487,-57.543954,AR,Argentina,South America,Mar del Plata
BDrdc0LQktRL8U5RKHxITA,47.59107,-122.33692,US,United States,North America,Seattle
LxLFItDj9Y1nOKwRqjAl2Q,44.981825,-93.262563888889,US,United States,North America,Minneapolis
q3dqdgkejVto3liWC70yWg,33.9243225,-84.4602062,US,United States,North America,Vinings
PL4CqhjUk8TyRCavzgh3GA,40.001912126111,-75.194626506389,US,United States,North America,Bala-Cynwyd
G9rDzJUHS1PTV_Hev5-PcA,38.90345174,-77.03994426,US,United States,North America,"Washington, D.C."
L1-L-wXeRKIpoF6Fis1KCA,34.674047972164,138.04508113927,JP,Japan,Asia,Kakegawa
qlduwyaCHBx2i8xsscaX2g,23.138385861944,-82.351426351667,CU,Cuba,North America,La Habana Vieja
0PGrIiOu64CU2QBTJluuDg,47.46403817,19.05279556,HU,Hungary,Europe,Budapest XI. keruelet
nSM6hPrd7iOg-DtVtiXzmw,35.384178,136.990579,JP,Japan,Asia,Inuyama
ckeygJ48Qs-8F9NLhjSPSA,37.290288888889,-84.268683333333,US,United States,North America,Mount Vernon
DkkIQ_rOopb6aH-7zPTu9g,41.913212,-87.681906,US,United States,North America,Chicago
8sqXBqMsJbI9P0ryimj2jw,45.456364285,-75.716121112778,CA,Canada,North America,Gatineau
RtfLB2paTdqL5Qu70KTRtQ,35.106699,138.865618,JP,Japan,Asia,Numazu
Pme_MK8vTSzOrwVMiCKJ_Q,37.457028,139.8398179,JP,Japan,Asia,Kitakata
ZuA6t4k58swnvWsySKdihg,48.85193,2.338668,FR,France,Europe,Paris
yQTQUpi1aB-Jv2K47gjsqw,37.473695,139.962562,JP,Japan,Asia,Inawashiro
yFkH7rRa-VcI9VuEleTHeA,48.209362773441,16.33292697316,AT,Austria,Europe,Vienna
JGtO-3TbuFoNmbYEmUUbHw,33.774327,-84.347124,US,United States,North America,Druid Hills
EUcMnJs7mgODilYXx-SJ6Q,37.562291,139.871126,JP,Japan,Asia,Kitakata
ZwjPPD2AzWn8_NbRqBWhYg,35.963411111111,-83.922308333333,US,United States,North America,Knoxville
dzw7aCCazSutfZ28RryqOw,45.4182153,-75.65432641,CA,Canada,North America,Ottawa
630R_r2tSsx5psiy0M6eCg,10.76589172,106.64217356,VN,Viet Nam,Asia,Quan Muoi Mot
t1-I1OUpS9y2XbyyGZuUQg,37.801588,-122.415329,US,United States,North America,San Francisco
3NyBnBf5SU2TO_YWcbUp7g,52.530651860375,13.295531989591,DE,Germany,Europe,Charlottenburg-Nord
UY_PHWayVjp9j134zW00FQ,24.738264,121.112592,TW,"Taiwan, Province of China",Asia,Zhubei
mER-QpYrvz_sdcl9Y1rdQQ,48.795142,-122.487482,US,United States,North America,Bellingham
B_L8LjGPPavozYu1i4La7A,39.379455,-76.608072,US,United States,North America,Towson
Ss0vrpKYu4B8GVrS5Jjyfg,10.49873864,-66.9258969,VE,"Venezuela, Bolivarian Republic of",South America,Caracas
3xJot0WFWYDdjmZnUj-fqg,35.029471,138.420094,JP,Japan,Asia,Shizuoka-shi
_G--4T8xsKtSDNBXVPDrxg,24.72192298,121.09546336,TW,"Taiwan, Province of China",Asia,Zhubei
-NyDCssDcCK8bWI4IkGhyQ,51.4418493,6.999557,DE,Germany,Europe,Essen
32eEAOHpvNLMBZIJ2ksHAg,40.435141,-3.689058,ES,Spain,Europe,Salamanca
6e1gn70hj3JhKHHgkPmDow,-27.48291933,153.00798402,AU,Australia,Oceania,South Brisbane
pGVDe3TECx2exs3GCdILdg,35.568908,139.402301,JP,Japan,Asia,Machida
RUQ9K5RK2ji55GPGZZ1XRw,51.491342,-0.218809,GB,United Kingdom,Europe,Hammersmith
nKTQvA8Wf1xK6x5HXpDbTQ,40.4587938,-3.7050791,ES,Spain,Europe,Tetuan de las Victorias
VMzdJhP-eTRWOAguvWfjmw,35.647417,139.789764,JP,Japan,Asia,Urayasu
j7__n4nGaeRrsRhqpqU71Q,10.849170130009,106.76796964001,VN,Viet Nam,Asia,Thu Duc
1zv2FqTfWflBHI6nZZtz7Q,51.4446773,6.9964935,DE,Germany,Europe,Essen
mijPaFRdcN6gE_NldQX4WQ,37.911778,140.097401,JP,Japan,Asia,Yonezawa
IZRnApBIRiohGH1X96Rkhg,-27.445702,152.978497,AU,Australia,Oceania,Milton
MJg59vRdRmSVgUFNm0L1Pw,52.505821388889,13.331961388889,DE,Germany,Europe,Hansaviertel
gtG9StwH9-DuBNY4nWaj1A,-23.6073257,-46.7520698,BR,Brazil,South America,Taboao da Serra
4edQdkRCpaSbyDuYrQMKZg,47.585611,-122.3212668,US,United States,North America,Seattle
VTaPEUqNYGPWAmTBcjsSiA,47.5118068,19.039216,HU,Hungary,Europe,Budapest II. keruelet
j6KuiPRCIP3r-eCVGeM7oQ,33.9963807,-84.50716129,US,United States,North America,Marietta
j27OJeOCWiwl8uwC0-vnew,48.412355555556,-97.425222222222,US,United States,North America,Grafton
XqysAfEPrgX7F6CS9Q5d0g,-33.424725798124,-70.593186467886,CL,Chile,South America,"Villa Presidente Frei, Nunoa, Santiago, Chile"
9zjB0FqThJ4i6ZttKNbobg,44.911188888889,-93.184133333333,US,United States,North America,Mendota Heights
JsGXEITxvJZSUFXIddvD7Q,32.712613,-117.156228,US,United States,North America,San Diego
m0yftG7TXYeCT_ZlUOdyTg,-33.851355555556,151.15413333333,AU,Australia,Oceania,Drummoyne
amPUfwF-qjuftjNPVHyAaA,37.796726739287,-122.40510889994,US,United States,North America,San Francisco
GtyUJJBIrNjf3coHMmZNGg,59.31622589,18.08341435,SE,Sweden,Europe,OEstermalm
3_f1Ewum_g-gdZ9h-SuKKA,32.72610546,-117.15035522,US,United States,North America,San Diego
6rsnJyxDTX9haI0tO5HzMA,43.407380978381,-79.810218137413,CA,Canada,North America,Burlington
Dsg7EZO7LsxISrMrwaBmig,37.911012,140.04063,JP,Japan,Asia,Yonezawa
jYL7T8WG6dZ-yWZS7PTlgg,-33.430061,-70.582455,CL,Chile,South America,"Villa Presidente Frei, Nunoa, Santiago, Chile"
cafYQW1areqOR0i_iAiWPg,50.019750841675,14.409648712628,CZ,Czechia,Europe,Modrany
retVkLV_eehwwYH-QlGINg,52.236485,5.194486,NL,Netherlands,Europe,Hilversum
Rq0vF03rcDaDlntnwCclRQ,33.94176651,-84.52905763,US,United States,North America,Marietta
wZB1t8fYZOapb55vBucwdg,-34.92740583,138.63211568,AU,Australia,Oceania,Trinity Gardens
B0naCXVAwL8rH7EtMC5DFg,38.91702673,-77.00852415,US,United States,North America,"Washington, D.C."
S2J59CFwf2BWLpppY2UV9Q,22.302554,114.168025,HK,Hong Kong,Asia,Hong Kong
wIvy7A1d_vtwKWDtinOpEg,33.847068,-117.923716,US,United States,North America,Anaheim
xepZVIlkU1tPmMy6BkH7WQ,40.72241883,-74.003673,US,United States,North America,New York City
xDQ2hSjqbx9a8JY93zUI4A,51.510407,-0.072889,GB,United Kingdom,Europe,City of London
4h-D4r13ViNWvdqZFFFyhw,35.613265,-97.554571666667,US,United States,North America,The Village
cP8BJjHXO5qMRi3QRTO2iA,1.295318,103.849246,SG,Singapore,Asia,Singapore
hyrjSk_6G_P9Q62PS3v6LQ,53.3307791,-6.2752825,IE,Ireland,Europe,Rathmines
4XAng4HmgCwdlurA6RAMdw,33.8133271,-117.9128793,US,United States,North America,Anaheim
PsgExJmxL3NfazlsnN78Fg,38.12303952,13.35289033,IT,Italy,Europe,Palermo
jNY9KsG-6RP8FBW6xjYtcw,51.499895480889,-0.0815150141716,GB,United Kingdom,Europe,City of London
5OIMd5PhCDDz2JdSoJkoOQ,29.77075941,-95.16433074,US,United States,North America,Cloverleaf
EGpJcTtS3rOaIZtNqsfHgA,35.62151,138.547437,JP,Japan,Asia,Kofu-shi
7kTyzpCrvgRPRszCbgYNCg,38.12967125,13.33376132,IT,Italy,Europe,Palermo
MVHaBlbGCoYAU8HVKUDinQ,10.41334571,-66.90954525,VE,"Venezuela, Bolivarian Republic of",South America,Baruta
LoInCyuNIOypSNmIcakv7A,47.496244,-122.20224,US,United States,North America,Renton
_vLFT-1nTBdzGTg66PAsDA,47.573920725417,-122.33411608089,US,United States,North America,Seattle
0FS6T1M1yy86kTOCDbluvg,-27.4722029,153.0105673,AU,Australia,Oceania,Milton
jFnWmFYtKpCsYTNkr1as_w,54.96938,-1.6031683,GB,United Kingdom,Europe,Gateshead
ee1wsrzPYZj2qUu-UwT3Qg,40.737464722222,-73.981204722222,US,United States,North America,Long Island City
CNjjfRK0bogNdYjx7wxDYw,-41.29226364,174.77285921,NZ,New Zealand,Oceania,Wellington
SjJxIWgl-5KHaaF-WzAmqg,36.0136,-115.181095,US,United States,North America,Enterprise
9div1eLtsDrkhxf1DQ9qqA,-23.430029153823,-51.936149597166,BR,Brazil,South America,Maringa
wkXatPhGA-sCuqx_9Z07vA,35.017058,138.890074,JP,Japan,Asia,Numazu
O7ABuTZxKLCuFfwm_I8yFA,40.768092,-111.88536,US,United States,North America,Salt Lake City
ALvHfSpNZ4ijCX3gM3OMpA,-41.464791834481,147.15760728944,AU,Australia,Oceania,East Launceston
nPg7c8QgrfEpWx_IElT9oA,-15.794629,-47.890428,BR,Brazil,South America,Brasilia
2ZvIEPzdbY1OE31dCOXnYQ,37.741155,-122.43774638889,US,United States,North America,San Francisco
fdq9JSpBj1ZMhBFFjVpA3A,34.809858,137.020288,JP,Japan,Asia,Ishiki
tWvAjfWa8hGYs9OqyH_byw,39.230027,-76.843346,US,United States,North America,Columbia
qd4-d8CTa75KpMkplBWXfg,34.94373871,135.85011188,JP,Japan,Asia,Otsu-shi
7ii3PIVvlsByj7QLE-T55A,19.481224,-99.135412,MX,Mexico,North America,Colonia Lindavista
ViDQwRhm9a3-ba9XrsgKnA,22.311486,113.938317,HK,Hong Kong,Asia,Tuen Mun
KEEdlUsoIXifijHRBn7lGg,42.335152,-83.090343,US,United States,North America,Detroit
1Yl3K81i5nWyAv3Df_s0Kg,-43.53221579,172.64276319,NZ,New Zealand,Oceania,Christchurch
WJvU64aZ7tUVNU9ckT4JZA,47.466994053684,19.04944119975,HU,Hungary,Europe,Budapest XI. keruelet
fiURRrN8gEP7QLSY1LjPTw,42.364274,-71.101844,US,United States,North America,Cambridge
ab3n29c-bfjBvqkyvoWzvA,22.282102,114.147551,HK,Hong Kong,Asia,Hong Kong
sai5sKBHFS9B1Rh10wF5TQ,4.6561035419444,-74.059582874167,CO,Colombia,South America,Barrio San Luis
vyV5SuzRQ-yJ3xL6nagjEA,51.4445292,6.9958194,DE,Germany,Europe,Essen
gmgBEsHRpWorQYXtXylKoA,42.03623622,-87.86805076,US,United States,North America,Des Plaines
T78IvYZFSR0jOud_K59PbA,13.7739658075,100.64127484333,TH,Thailand,Asia,Bang Kapi
6YJ5okVdCRRlVvNejHVPtQ,34.95691144,135.76824855,JP,Japan,Asia,Muko
08oiTL1h0cNIgdpPFKdp2g,-27.453993592615,153.0413270971,AU,Australia,Oceania,Fortitude Valley
Bz4535JitFEXW8nMUOoiow,37.536791388889,-122.26439,US,United States,North America,Redwood Shores
V0wOnA5iiQyfPoxp2-G6ew,47.939404,-122.196781,US,United States,North America,Everett
VqSS5Q9IW016QTfHXTP71A,35.678507,139.779387,JP,Japan,Asia,Tokyo
JErd2EKWksaboSnWkbk_QQ,50.11051878,14.51175602,CZ,Czechia,Europe,Vysocany
fe-gkA9bVpqIBXAlgW4VKw,45.67675371,12.23705307,IT,Italy,Europe,Treviso
byskyaa9lIooL257e00VCw,43.5978869,-79.742378,CA,Canada,North America,Mississauga
FOy3VP_eMcljoEuU7pENbQ,40.769244,-111.894621,US,United States,North America,Salt Lake City
fyaMKHXTQ2DYwANM1Da9LA,46.939669,7.430307,CH,Switzerland,Europe,Bern
op6LUOOeTgaHKkBAgjvlwg,-15.797737,-47.891787,BR,Brazil,South America,Brasilia
cw4mZha6gCwZP4a_Yhuw-Q,42.360573,-71.052341,US,United States,North America,Boston
KDB_L73zfIO1zFWnG5Jqcg,-23.564362,-46.678039,BR,Brazil,South America,Sao Paulo
iRxtmncCkCaM3Xoh2fk8jw,59.315568885179,18.085383985858,SE,Sweden,Europe,OEstermalm
NV_bTpspRcpAu0LY7pYDgw,47.469908,19.063019,HU,Hungary,Europe,Budapest IX. keruelet
Vz0j-TablDE5SMGwAO_63A,1.321153,103.837049,SG,Singapore,Asia,Singapore
I6CUmeBxjLhhyJZSJ7giSw,37.852723,140.872225,JP,Japan,Asia,Marumori
9IbLLduq_DJuwJD_01EiBQ,45.80943908,15.977915,HR,Croatia,Europe,Zagreb - Centar
jhWbrT6CG4aLdr7SmoY8MA,51.4400652,7.0629865,DE,Germany,Europe,Essen
683KKESbU3ZVH1QziJfJbw,48.83594,2.24917,FR,France,Europe,Boulogne-Billancourt
0q24j4AI3Z3FzPTDgP2Kow,36.127368,140.218503,JP,Japan,Asia,Ishioka
pPD-XFBiqzguWllH2GVQ-Q,59.303547,18.118663,SE,Sweden,Europe,Nacka
J9yVKEGFzfpqqxH0cbBIcg,-34.909297674894,-56.180955246091,UY,Uruguay,South America,Montevideo
XVnNvx6dBc4j4lmyziP5hw,48.241663364146,16.43509507296,AT,Austria,Europe,Gerasdorf bei Wien
mvVMgcWcJNwnDwglS8zSjg,42.36125,-71.066723,US,United States,North America,Boston
Si_S5wGXrqP2jpAAbUJe0Q,29.71791,-98.310045,US,United States,North America,Garden Ridge
vVhylOXddKLYNAO6RPt56Q,-34.89091682,138.53262352,AU,Australia,Oceania,Woodville West
anxP0G9HpcflGGscD6vWkg,40.45214,-3.716873,ES,Spain,Europe,Tetuan de las Victorias
MAGJPYoZA3-37cMHGE_-Mw,60.16993267,24.92841692,FI,Finland,Europe,Helsinki
n0QzHX_5uaR_PUJMsqJSGA,55.86602926,-4.22220941,GB,United Kingdom,Europe,Glasgow
VNy0uhu7WcW6H2ipMk42AA,55.954238,-3.194331,GB,United Kingdom,Europe,Edinburgh
zCNu1QVdeRH0JzNSOfT01A,37.469555,139.843175,JP,Japan,Asia,Kitakata
fjnky8Mm6nwQZDDll1YhwQ,37.54746001,127.00309625,KR,"Korea, Republic of",Asia,Seoul
57RX6_BDC8sYop4gU8DpUw,39.328579,-76.596343,US,United States,North America,Baltimore
oq_0_i2socPdT7S83muwyQ,55.626600299994,13.051166050006,SE,Sweden,Europe,Arloev
gTui-h6_zxuMo5AglguOGA,12.12373005,-86.27452228,NI,Nicaragua,North America,Managua
FII-Ojk9FCDADyjS8O5H2g,24.741599,121.108341,TW,"Taiwan, Province of China",Asia,Zhubei
YViW0K_QHFmXjbCweGW_0A,34.042375,-118.271569,US,United States,North America,Los Angeles
noMdEOoZdiKAwyl_o5Uekg,24.961775612703,121.40576610411,TW,"Taiwan, Province of China",Asia,Banqiao
PGI4Proda1rwk0lGCDBkvA,38.91457,-77.257262,US,United States,North America,Vienna
ud91KpxqbLgVJGhkic-1_A,12.94998923,77.59667825,IN,India,Asia,Bangalore
Ls29C3cooKX5rAe9PA8nIg,36.157399,-115.16015,US,United States,North America,Las Vegas
Zk89WKrkXgE3YNfVxII7OQ,-43.533157,172.636584,NZ,New Zealand,Oceania,Christchurch
dhMr__VcDjJHTgtLrfMZtQ,39.276769,-76.612591,US,United States,North America,Baltimore
xDA-l-qMUmUnkfBr2lyqJg,41.904424,12.4857061,IT,Italy,Europe,Rome
bdeKDRXX52XPwYemfKy1SQ,35.061447,138.415655,JP,Japan,Asia,Shizuoka-shi
lvGNmoEkBcG60pdOG_yukg,48.20855822,16.30442675,AT,Austria,Europe,Vienna
PogelIkgtRxvewzzxxxA5w,52.236253,20.956081,PL,Poland,Europe,Wola
HUgV8fRIpMbnFoVvv7VKDQ,25.18882,55.29844,AE,United Arab Emirates,Asia,Dubai
E-kbfzQGyHFgWhX3mGqmfQ,52.247972,5.209552,NL,Netherlands,Europe,Laren
iMs9YiQgpWOBIDSHkgzRWA,48.134929,11.58191,DE,Germany,Europe,Munich
MMRFlgrJh53hLRgb0Te-pg,34.94768247,135.7518914,JP,Japan,Asia,Muko
woqApfu3jMSJzeqYiH_Y3g,33.848634,-118.1363248,US,United States,North America,Lakewood
cHRv0dGwBctV2HHXnX3K8A,-12.025437,-77.086349,PE,Peru,South America,Callao
r-q_dX785PzH2VljaFaMjw,35.14072,138.723464,JP,Japan,Asia,Fuji
wqxU9oOeKOc09_MyIhqcTw,13.74902537,100.531267339,TH,Thailand,Asia,Ratchathewi
bvlnvluCmI8NsUrC2ZBdbQ,52.179266666667,0.14259666666667,GB,United Kingdom,Europe,Cambridge
yT8yCw0d8zCZbk9zG8mF3Q,50.90685482,4.43528225,BE,Belgium,Europe,Machelen
rTTnGktXEBgDVHgzcouAlA,40.736416666667,-73.979245,US,United States,North America,Long Island City
pmU8lcj4_BngsYwfHuE_Lw,55.939511,-3.211789,GB,United Kingdom,Europe,Edinburgh
gtxnjAcJkZ4lPkT0QOVcHQ,50.465002777778,30.518019444444,UA,Ukraine,Europe,Kiev
3uEL0FIt91rGX4Jf2Ib64g,36.20633,140.267222,JP,Japan,Asia,Ishioka
wMUJe24d9MkJ7S98u1Hs7w,-33.432340635002,-70.592276445439,CL,Chile,South America,"Villa Presidente Frei, Nunoa, Santiago, Chile"
L8DZnCd9nSa5IRfnRfjscA,33.998993,-6.843899,MA,Morocco,Africa,Rabat
beoBmZff-SPSb3OctGygdQ,47.649369,-122.347353,US,United States,North America,Seattle
Th8JTGg8UCNNVznAsgLeKw,43.386813888889,-79.829802777778,CA,Canada,North America,Burlington
7U7dvVvQcLAIVh3mrjCJ_A,54.8671925,-1.448684,GB,United Kingdom,Europe,Houghton-le-Spring
QOJJHmXYAiRVW3rDK3gs0g,35.1055320425,138.51322127139,JP,Japan,Asia,Fujinomiya
B0Bros8tEtWZMg2duhlihQ,-33.863805555556,151.01864444444,AU,Australia,Oceania,Berala
hSF1YDZQBZCeCOHZnJOUiA,51.54566753,-0.0757433,GB,United Kingdom,Europe,Bethnal Green
2LWMX6sNaGcHtcuYIVr4Jw,35.671501,139.806152,JP,Japan,Asia,Urayasu
SbG6alQjY6RnF0CBgz3dHw,47.508089100011,19.084208831191,HU,Hungary,Europe,Budapest VII. keruelet
7O2YDjOdTmKHvBjwR9td7A,43.238021666667,76.823706666667,KZ,Kazakhstan,Asia,Almaty
6-DqJ83NOSThFmR5VcAxsQ,37.47934895,139.92531494,JP,Japan,Asia,Kitakata
VLb3j7aSNe3a8Ho7leDPTQ,38.9136173,-77.06779714,US,United States,North America,"Washington, D.C."
7UN79GaUQkCcbgerXSMqZQ,50.049402843977,14.429060533237,CZ,Czechia,Europe,Vysehrad
oFJep9RR54J39GZADOCvhQ,50.4412597,30.505971,UA,Ukraine,Europe,Kiev
luZfHzp3O46UZQPR_2Ne_A,43.24031187,143.48469261,JP,Japan,Asia,Otofuke
staZNM_-qvEnechM1m1y8Q,-34.0654146,18.4546803,ZA,South Africa,Africa,Bergvliet
yxGF8O5oqiabd0pp-oPQUg,53.480017,-2.24524,GB,United Kingdom,Europe,Manchester
M8-7nsDMqVsxOwp3Z6Cwag,52.24429726,21.02445807,PL,Poland,Europe,Praga Polnoc
voU9Y1Lr0VMiTerTJ0OTtA,38.931312163213,-77.036388476895,US,United States,North America,"Washington, D.C."
eZhWcONrUdPNh5KEk5uJ7g,50.633252777778,6.9576305555556,DE,Germany,Europe,Rheinbach
tivfldNkFlMw4azRP7QhPQ,35.60721,-97.5352783,US,United States,North America,The Village
f9qx2BI1w57XWzaelCQM-Q,52.507555,13.385932,DE,Germany,Europe,Bezirk Kreuzberg
egirvP7Xj9nn56oRO5myhQ,52.08973,4.3910983333333,NL,Netherlands,Europe,Voorburg
EscaKwcuFcxGP7opEvH91w,41.917641,12.479438,VA,Holy See (Vatican City State),Europe,Vatican City
1BQ3gc5lTz4kxxtUtGjDXw,51.322480555556,12.381808333333,DE,Germany,Europe,Leipzig
_8eTYoj42_9qma3lXoyjsA,36.143422,140.208513,JP,Japan,Asia,Ishioka
JXeOfPnwIOouVJVOitMKSA,51.445458,6.973712,DE,Germany,Europe,Essen
tDUfH-CCdIj1QMAWKhK9oA,52.106542077609,5.1735121205015,NL,Netherlands,Europe,De Bilt
aVuSPwmImhhe01o_hJm7IA,44.963983333333,-93.344144444444,US,United States,North America,Saint Louis Park
JhdWCORyHnILv3YCUv_mfw,35.593913,139.755176,JP,Japan,Asia,Kawasaki
hOqDf4kxOqfUDZ0R8I9MVQ,-33.878671,151.23579,AU,Australia,Oceania,Paddington
WSf1XXoWObPtbsyTcQkS1A,39.3031,-76.597504,US,United States,North America,Baltimore
JKYrERvjOMWm2USEpyNjng,35.113627,-85.260648,US,United States,North America,Red Bank
unuWHQqd70K0i63au9DkEg,38.99450451,-77.09580987,US,United States,North America,Bethesda
l36HY3oO0li-fqcO2YZSRg,60.17388325,24.95028978,FI,Finland,Europe,Helsinki
W8nSb62r4f29nl0mL6RYNA,-28.4408472,-48.8239026,BR,Brazil,South America,Laguna
cKzzMF--o2yEOePJmfibgQ,36.173766666667,-86.491391666667,US,United States,North America,Mount Juliet
P7pimOnwE5EcAa1U55SZUQ,41.4013836,2.1473924,ES,Spain,Europe,Sarria-Sant Gervasi
q-9EM7wPLce3k2huPFYzpw,43.032112,141.276302,JP,Japan,Asia,Sapporo
6ndFjZGI0uNvokIyFc-K9A,48.248224,16.371461,AT,Austria,Europe,Vienna
0zK-EFR7LkjjR6r_NF4ICQ,40.8737971,-73.5389301,US,United States,North America,Oyster Bay
7nu2G-YoriDL6UB9zuipmw,29.758773,-95.374614,US,United States,North America,Houston
b897ON6eClUMkqaQqTjJEQ,40.595237,-3.706524,ES,Spain,Europe,Tres Cantos
qnVOGP1Sj9UMXsH14eaU_A,8.96857689,-79.53183099,PA,Panama,North America,Ancon
AvfR5Xrys_ezaEIRrjzovw,52.170023261569,0.11120882816613,GB,United Kingdom,Europe,Grantchester
DC4ZtI43tcSU9Oad5hr8ag,56.620772222222,-2.5216972222222,GB,United Kingdom,Europe,Arbroath
nvqTPiPzoO-az3YJNU06fA,48.19132415,16.41341403,AT,Austria,Europe,Vienna
yIOhDZUvqzuH1vAEsfcpdQ,35.863218,139.73482,JP,Japan,Asia,Hatogaya-honcho
-pVSrIxeKECPZ_q7rQ9m1g,37.780135,-122.420175,US,United States,North America,San Francisco
Qvx7lp-PsiOmEKE-zhbfPQ,42.059176,-88.079486,US,United States,North America,Hoffman Estates
6Qm6I1uXA5Y8jgBdD9K_4w,45.430064722778,-75.7132750375,CA,Canada,North America,Ottawa
DcPQZHv4jI9byjlV2_IoHg,34.878932,137.273451,JP,Japan,Asia,Gamagori
dZ6ZlLb1OY5LkhrzLOvztQ,51.89064688,8.36297814,DE,Germany,Europe,Guetersloh
E1fwOaWhk2H3LrZX8TYfZg,39.69813909,116.4033931,CN,China,Asia,Yinghai
78lOUUzfw4yD1NhmoNNqeg,43.654861,-79.368601,CA,Canada,North America,Toronto
nHsAECl-ZhGd3kBT17I8pg,51.4798521,-0.1076922,GB,United Kingdom,Europe,Kennington
u0KiET9oUSJ4UyNEIfUhkw,49.260541,-123.141069,CA,Canada,North America,West End
D2rOwJIXB0ctvoTqqIcpfw,29.706485,-95.302552,US,United States,North America,Galena Park
9B_rYD-u6IhaaN9ZXEE0Mg,-25.501056,-49.23885,BR,Brazil,South America,Sao Jose dos Pinhais
dZrDm1xVCJtQTX7izxduDg,37.56146769,126.96999013,KR,"Korea, Republic of",Asia,Seoul
Watbs2Vyy6ed3LiSIiLvpw,-37.794061111111,145.00057777778,AU,Australia,Oceania,Abbotsford
3Q_o5LxVvmF6dRKT6VoyzQ,40.61431835,-74.06619631,US,United States,North America,Bayonne
Ae2V1llXRzo3JUJQZTHy1Q,33.59708006,-111.87342417,US,United States,North America,Scottsdale
6yu-IuUr-S8lDxfPNtGULQ,34.059747,-118.205393,US,United States,North America,Boyle Heights
BArT_Rn-ZC4muFPXhNJ2dw,35.102092,138.855966,JP,Japan,Asia,Numazu
IjyvVNRZHxSRAYVHahEcKg,29.62907769,-98.46061243,US,United States,North America,Hollywood Park
LWJP5cMCFmNBwwrRSNVjwA,39.317637,-76.616934,US,United States,North America,Baltimore
v1-jHUsAboRoueF2HZY6Zg,39.3594098275,-76.504463245833,US,United States,North America,Overlea
PNlMOwJ8niUlvKS5OHbdKw,59.3141213,18.1007048,SE,Sweden,Europe,OEstermalm
3H-M6UGDv2zAbnU0NqqS7w,43.9152383,12.9112455,IT,Italy,Europe,Pesaro
X7fO6187EUaPjQ5Po6ZE1A,40.749808,-111.870765,US,United States,North America,Salt Lake City
gyA-hK6S8bN4wKCXB95Xbw,47.392263888889,8.5246,CH,Switzerland,Europe,Zuerich (Kreis 10) / Wipkingen
6b5mMizByhnSRFxtRdj8_g,-6.7743277777778,39.242247222222,TZ,"Tanzania, United Republic of",Africa,Magomeni
GNu4pIUMvV14iyjhMl2PEw,47.0822665,15.45719425,AT,Austria,Europe,Graz
2AQX9bruG-nedNBb2FpT3Q,36.9428135,138.2132251,JP,Japan,Asia,Arai
8zaF1MANlmZo5dCAb2EuBw,53.3912241,-6.1697287,IE,Ireland,Europe,Donaghmede
4bRbbpXJUG-ztxQXelb7oA,53.34757006,-6.24051072,IE,Ireland,Europe,Ringsend
vx_tpkFQgnAFqY8hQevD5A,34.041246,-118.563803,US,United States,North America,Topanga
CdlbTVxurKQQxwVaE4JRdA,35.624332,139.635646,JP,Japan,Asia,Tokyo
2OeI10NxZQA1s6Krg4sNsA,53.497711694799,-2.2372328862548,GB,United Kingdom,Europe,Cheetham Hill
0X9wVunorwSPozpNUsDzYQ,47.4753327,19.030824,HU,Hungary,Europe,Budapest XI. keruelet
vTPse-PEYtJR8TVHxpve-A,-34.617807,-58.384207,AR,Argentina,South America,Buenos Aires
MN2QlWEWGvo0uPf-Ui1OPw,29.46594074,-98.40415255,US,United States,North America,Kirby
-suLNL-_JE7TUbI_WMqZ9g,42.356659,-71.051787,US,United States,North America,Boston
38JVJ7r_jAV-Apm5TIS3Wg,52.3716,4.842686,NL,Netherlands,Europe,Amsterdam
kR_F1QoDn1AklTvnYN0Lkw,55.60761797,12.99602888,SE,Sweden,Europe,Malmoe
5xqPuHG6QKItjD6wjqR8vw,-33.773465,150.908246,AU,Australia,Oceania,Blacktown
FFAIFMDXC6j64fH70-7MUw,35.330965,139.2915742,JP,Japan,Asia,Oiso
drapeq4P6RceFr18hNUOfw,-37.8305843,145.006293,AU,Australia,Oceania,Albert Park
CdTieIvwYE3uElFdUwYzCw,22.229999,114.218365,HK,Hong Kong,Asia,Wan Chai
aIL373whW1nkipkT27hwrQ,47.453335,8.580504,CH,Switzerland,Europe,Kloten / Horainli
bL4amsJifbwz5Qca_W1v_g,60.167812,24.944779,FI,Finland,Europe,Helsinki
5VvE2_6BN3tdBeJOpKxAsA,35.283998,138.925301,JP,Japan,Asia,Gotemba
CSyxD1eSVqdU2evtTlX5Kg,60.166917,24.960853,FI,Finland,Europe,Helsinki
LJKvy1AD7FlmGlfkCHfCRQ,40.7485517,-73.9522297,US,United States,North America,Long Island City
a8HzgLJQVMKuQK8MAH-a8w,50.07153153,14.41414132,CZ,Czechia,Europe,Vysehrad
gXU-HB19Jq18B7T7wa0xUQ,33.5318602,-112.0823324,US,United States,North America,Phoenix
aInUUqdVE-LAUH9PTHH5hQ,35.416776,139.598644,JP,Japan,Asia,Yokohama
AjywTMcMIF-X6J6oUmm6pQ,13.744114665278,100.53548055694,TH,Thailand,Asia,Pathum Wan
MtbNyHkrSaMiuSIdQLrPlw,10.0053764,-84.1524378,CR,Costa Rica,North America,Llorente
yR3dvghaEjgus1qx_dtoCg,30.243281,-97.729375,US,United States,North America,Austin
kW9hVMOQHmoR5zDiAbcsEA,37.802571388889,-122.43041305556,US,United States,North America,San Francisco
ARFc1V96JK7_vJO3GjXZYg,43.672122222222,-79.385113888889,CA,Canada,North America,Toronto
cLYWTcAXc7KuN6uTZ5yFxA,33.657725,-84.406972222222,US,United States,North America,Hapeville
G2oZwL2FaGtWa-jeKfe9lw,37.699387,140.247835,JP,Japan,Asia,Inawashiro
fIiDYl7CFlCnx0Bew2WswQ,50.0433612,14.4076037,CZ,Czechia,Europe,Branik
EJzWhsNpyh-jSV3QZMqXkg,49.21820065,-122.94982002111,CA,Canada,North America,New Westminster
G6ASON_41S_V_OQLcBAZlQ,42.988288,141.47028,JP,Japan,Asia,Kitahiroshima
MEcquDphau2BvcoO-lXBEw,37.287335,140.426782,JP,Japan,Asia,Sukagawa
hOqVaVo1t5yZCBxBPaRUoQ,37.48452332,139.93892059,JP,Japan,Asia,Kitakata
HkkURfWEJPW-7_A_5F1nrg,35.317743055556,139.62343138889,JP,Japan,Asia,Zushi
47wJIJSNa1zBbrxMEV3HtA,51.33664863,12.32858644,DE,Germany,Europe,Leipzig
PxmqFeA1n_avfakO17JaZg,30.224869,-97.70292,US,United States,North America,Austin
xyvlsc_jr62H4G6XgsA4FQ,60.16813637,24.93000888,FI,Finland,Europe,Helsinki
LXEA2Yzd46hpThfAg0vvxQ,-23.425394296645,-51.940140724181,BR,Brazil,South America,Maringa
4ZyZJTiU6xhZCBKQ_8ZYzg,45.41717884,-75.65888472,CA,Canada,North America,Ottawa
6NdAt8jUKb82E1DWPMBiew,-41.440951315853,147.13781045589,AU,Australia,Oceania,Launceston
OQ15fKsVFBDmvlB2c8sZig,-36.82536076,174.74900562,NZ,New Zealand,Oceania,North Shore
D94-nKEqaMSL-h2mYzcv2A,-33.8548137,151.1110883,AU,Australia,Oceania,Concord
IIDCkS9VHChgawRwrlDUOw,53.3441375,-6.2659696,IE,Ireland,Europe,Dublin
8Q45JQEMR9keK4H98zQT-A,-27.452812,152.980323,AU,Australia,Oceania,Milton
Zga1j2Cc7ED8TuPEdQTV4Q,36.179124,140.082231,JP,Japan,Asia,Tsukuba
gRfA3KdndROt7NgR8uSAEg,51.330713888889,12.392552777778,DE,Germany,Europe,Leipzig
UCn_lXN0gr24UcMLuxINHw,-33.42391,-70.620228055556,CL,Chile,South America,Santiago
-WdLeAd4l_47WqMkfTX7bg,50.84651621,4.36949388,BE,Belgium,Europe,Brussels
r48A5R7_igQFjugaWei2ig,22.280313333333,114.16464333333,HK,Hong Kong,Asia,Central
wg54fHOSZ4W8jT67DYdN8g,25.1933023,55.2345258,AE,United Arab Emirates,Asia,Dubai
nzzW8kIPD1LV3q3e4zCSwQ,37.444068,140.525676,JP,Japan,Asia,Miharu
_OZz29KFum6xzC_RJ9roZw,60.1632764,24.9469906,FI,Finland,Europe,Helsinki
dPZ-JJlgCZyV9UPHDQnWbg,34.752069,137.960219,JP,Japan,Asia,Fukuroi
XxrC55-8jtzT-XYp1tw8LA,-35.3041761,174.1016566,NZ,New Zealand,Oceania,Paihia
buMJ4HkF_UL0svJPyKqMbA,50.0474218,14.4096123,CZ,Czechia,Europe,Branik
1Ev_2zy8Xq9XpINS8fWcbA,41.377121,2.094129,ES,Spain,Europe,Esplugues de Llobregat
ULFqocH8ONlE7kV4DqeFcg,12.990551944444,77.661819444444,IN,India,Asia,Bangalore
pD_xjMTTH-g3vR1a-M_NJg,41.3146624,2.0081572,ES,Spain,Europe,Viladecans
dHW9ir2T738G9F_lH117Fg,35.613385,139.590393,JP,Japan,Asia,Chofugaoka
4PpjCXHfoZdPfbvVs-LRGA,37.517202,139.948825,JP,Japan,Asia,Kitakata
a80-TbgnAw4glN3QV5XViw,47.978599,-122.190199,US,United States,North America,Everett
3RmIGRw0ClOYNaBo6dqGsw,42.343282,-71.101863,US,United States,North America,Brookline
2lwuVfLZV3VuPEGfs1ic9w,59.92064735,10.67557771,NO,Norway,Europe,Sjolyststranda
buYRO3L8K_ib_dWe5wkjLg,-23.33543142,-51.17726571,BR,Brazil,South America,Londrina
OdrwpO4YWMA2B8swUbXRYg,51.496634404581,-0.081689357757568,GB,United Kingdom,Europe,City of London
9P7AwWWi9OswAJTS_08gbw,50.101055,14.41967,CZ,Czechia,Europe,Prague
BvXFUU4FmBoI8gKGlissjA,43.805426,-79.3861333,CA,Canada,North America,Willowdale
hziQxbDWMfH9dTxLH0BThQ,59.917688,10.762445,NO,Norway,Europe,Oslo
3yHi_BV3Dn3TLxkPQnHyiA,-33.922988888889,151.20723055556,AU,Australia,Oceania,Alexandria
3mWs5lgojkrUkbq5qUfJyg,-41.2891045,174.7761882,NZ,New Zealand,Oceania,Wellington
Tji-mT9uSpJBrkpgiOYh0w,42.364848,-71.104312,US,United States,North America,Cambridge
0wnu4N1HEvr5YqNPyVppvA,47.605203867443,-122.33676778597,US,United States,North America,Seattle
48sZ5gvwA19QW_rwwPJLmw,45.52753995,-73.58037337,CA,Canada,North America,Montreal
NVM6Ab8mS7_26eQZAyR7Hw,42.376343482183,-71.119121282849,US,United States,North America,Cambridge
Gn6x2kSGu0eyoeC69VQT6A,36.007328,140.373228,JP,Japan,Asia,Inashiki
rBmE76U0rApM_wKJpAsilg,10.39755833,-66.89234575,VE,"Venezuela, Bolivarian Republic of",South America,Baruta
ag4e1d86T1ibvwhOgKMj_A,30.398504,-97.745605,US,United States,North America,Jollyville
HqFEsp45W7w_L4mPKgCkJQ,36.963071,139.84416,JP,Japan,Asia,Yaita
VDpHp3EnBEqMQfDbh0ncAQ,34.731607587542,138.07222526624,JP,Japan,Asia,Kakegawa
FlnZVUZLOb-rlw-QUzJ7lA,22.277066666667,114.16919666667,HK,Hong Kong,Asia,Wan Chai
EfPbpllAWJDpxNyE3eDKzw,36.417788,140.425877,JP,Japan,Asia,Mito-shi
vO9ndMQ-LuRa3vEsyH7p5g,40.731107,-73.99057,US,United States,North America,New York City
JYjGlo7Z_9bFv03lZMJX-g,48.210096470004,16.372811340015,AT,Austria,Europe,Vienna
FiYLLGBDDDRfdDnPtLWT0Q,46.947409560724,7.4497126436782,CH,Switzerland,Europe,Bern
sDEZB26f1R4_kKKNEQS16A,33.892097,-117.917212,US,United States,North America,Fullerton
soimOwA7vWWoTwE8jCOr5w,48.264106388889,16.393993055556,AT,Austria,Europe,Langenzersdorf
LK5D2QOplPLAmkn2GghgOw,-33.86414892,151.20527942,AU,Australia,Oceania,Sydney
YxuvdhG264nJgydfu88iaw,55.60716373,13.02690166,SE,Sweden,Europe,Malmoe
X1udCksav5QWx7EtSm5GLg,-23.563994,-46.665687,BR,Brazil,South America,Sao Paulo
IzrMqtdL5C-SoaqQ-FkdQw,-33.436075872628,-70.595384538174,CL,Chile,South America,"Villa Presidente Frei, Nunoa, Santiago, Chile"
dXl0jw1GUb_or5EqPaFprw,42.374991,-71.060187,US,United States,North America,Boston
Z-1axTT5SCZLE3oMZx1q9w,12.929536253056,100.89987290083,TH,Thailand,Asia,Phatthaya
D7GnKzDgKIRydMidHYX-Ew,35.67432,139.768148,JP,Japan,Asia,Tokyo
rgaUarx1B5HnNcLC94fGeQ,52.61963085,-1.20593651,GB,United Kingdom,Europe,Kirby Muxloe
Q5w76txEX1S3r4r6IdR3cQ,59.31540778,18.09569737,SE,Sweden,Europe,OEstermalm
FQFvVttE5P5ypLm5iGDgUQ,40.72164624,-73.99339779,US,United States,North America,New York City
xSps_j2NifG__SogTyHgoQ,42.356185,-71.05086,US,United States,North America,Boston
TmaOvvmfNoZv5bg5Ylg12w,43.055344,141.478742,JP,Japan,Asia,Ebetsu
JDXIig2wviOQc2W02NUSSA,41.9024039,12.5048372,IT,Italy,Europe,Rome
EdXF_SI6QuD2FhydMGL3wg,52.15774,5.404826,NL,Netherlands,Europe,Randenbroek
tgFSYfd3iPzKTU4sBgAkkA,-37.79857159,145.14398312,AU,Australia,Oceania,Doncaster East
rVKNN3h23kje6d0tXIOnSg,51.5221416,-0.1323482,GB,United Kingdom,Europe,London
PYnyjpHkAzpMY4kjJGXwRQ,50.94685811,3.1224947,BE,Belgium,Europe,Roeselare
rO487pQJdnwYki8_5aNePw,-33.796351666667,151.18576,AU,Australia,Oceania,Chatswood
KfnRTbHJOYCF9vMxrTW7gA,63.430111111111,10.392183333333,NO,Norway,Europe,Trondheim
hB0I7d3ykMFnB8v0WyF-jA,51.517924,-0.113619,GB,United Kingdom,Europe,Clerkenwell
ifKRwqutBd7RO2QQGaKMVw,56.646405,23.713546,LV,Latvia,Europe,Jelgava
-BYnT4s40fJHAlOumPYbyQ,-6.8438944444444,39.202252777778,TZ,"Tanzania, United Republic of",Africa,Magomeni
hiA4ZkG6xOkMl4HmHO2lOw,37.792834090946,-122.40264342029,US,United States,North America,San Francisco
bO5hCtfIywXxVrHdKUkntg,40.745989903898,-111.86531245708,US,United States,North America,Salt Lake City
Le45t7egYxUjdSmCidSVsg,47.41393101,8.5447266799999,CH,Switzerland,Europe,Zuerich (Kreis 11) / Oerlikon
dVB6Jde8T3LHCqsaGJak_w,42.352107,-71.070725,US,United States,North America,Boston
XJEjxRztO8JLGVopbF6rfw,52.360606,4.905117,NL,Netherlands,Europe,Amsterdam
X94TMe5slPvuBxyvqZEyHA,39.306917,-76.638809,US,United States,North America,Baltimore
Kxhg3_Swa-fCuZvKbwbP_Q,-23.718668,-46.705725,BR,Brazil,South America,Diadema
4RxcR1rIegsNNFP5_f_WZQ,35.648178,139.679981,JP,Japan,Asia,Tokyo
t0UwZSfC5VGORNyYEBVdNg,-13.00647134,-38.48852492,BR,Brazil,South America,Salvador
BjMI2XSzVoYm0mSzw54mDw,33.97505295,-84.54818354,US,United States,North America,Marietta
N2K7Exe-rNVYCTLtjheKKw,18.746053333333,98.980968333333,TH,Thailand,Asia,Chiang Mai
RVKjYc2IJ80Vb-VFbwVXGQ,35.1193657225,138.60804676222,JP,Japan,Asia,Fuji
8IEAHFrRoM32wmrwmsUMTA,45.41050063,-75.68398702,CA,Canada,North America,Ottawa
TzfgDJlfLw7oJg7RXlD5ng,43.661336111111,-79.425452777778,CA,Canada,North America,Toronto
ZEtvKxhKE7Nncr3HMZRQfQ,29.757972,-95.374699,US,United States,North America,Houston
XJoB47YpABYYvyWReSlHrw,35.810161111111,-83.948905555556,US,United States,North America,Eagleton Village
E75j99jp781hUyXVckEK3g,39.157918,-77.192476,US,United States,North America,Gaithersburg
cS54LzZxSB6F9yUGBJrt4Q,47.492442140356,19.042651439086,HU,Hungary,Europe,Budapest I. keruelet
QjZ7zBBf2ATdWT8qFPdYrw,52.206486,4.62038,NL,Netherlands,Europe,Oude Wetering
4eEw9WL5LoqCxfOFhWaSUQ,63.417400903159,10.392864902265,NO,Norway,Europe,Trondheim
8iAzGMr6gwd5VR_qMeKzVQ,41.38768703,2.12483153,ES,Spain,Europe,les Corts
3CkIEgqnCS0PbXmx85KmRA,35.086881,136.933127,JP,Japan,Asia,Obu
Bxg53QH2xDk_29bUfA0cJw,33.96107624,-84.53952284,US,United States,North America,Marietta
1X803WHlIxk5Hu5pHM_XIQ,46.976144,7.437236,CH,Switzerland,Europe,Bern
G-WWXg6ySviW9XlPIjZXZg,42.384934,-71.07372,US,United States,North America,Somerville
pGch4a8uRdRauNm2DP2XBw,-1.2808847,36.81644788,KE,Kenya,Africa,Nairobi
2pu8ow8i1b4EctWDleEp6A,47.62376377,-122.35539127,US,United States,North America,Seattle
rPBid2CNLf799zAVXY83jQ,35.364252,139.256932,JP,Japan,Asia,Hadano
QfLSo-jla7nCkZ86d-Rv9A,35.169918,138.91897,JP,Japan,Asia,Mishima
vrz2rbn3QZVqWvNBJBf2hw,35.269939,138.32633,JP,Japan,Asia,Fujinomiya
wzb2CHNd-XACzozh3eyK3Q,-43.534206141084,172.63372621986,NZ,New Zealand,Oceania,Christchurch
oRcypxdUDA_Ycv_7tXFTjw,47.46171293,18.96490134,HU,Hungary,Europe,Budaors
IXvm71QtcuD8BvqecENeFg,30.517434,-87.1792476,US,United States,North America,Ferry Pass
SIWjcooTdWe0HLdl4Eia_Q,64.10913564,-21.92337864,IS,Iceland,Europe,Kopavogur
BnfDpnbvZnk7grRcpa-KSQ,56.497336111111,-2.7205194444444,GB,United Kingdom,Europe,Carnoustie
i80Ocyv1fWtUnRrKhMNMxQ,30.3981539,-97.7452705,US,United States,North America,Jollyville
KM9IsPtdLZfpWbY7PPQI5A,53.3580801,-6.2844929,IE,Ireland,Europe,Cabra
Fd8vyJJLGDpWdQcpZx98_g,37.325908055556,-121.91596805556,US,United States,North America,Buena Vista
bq6UzH5OrBKIfpZdj5OYAA,-25.4441037,-49.2228699,BR,Brazil,South America,Pinhais
iu1kqi3IUsrk-PYw9mKO4g,41.901425,-87.620697,US,United States,North America,Chicago
MZsOp4Ivip8mfOuzboNxPw,-29.31294585,27.48154984,LS,Lesotho,Africa,Maseru
7Ha0ZrdqrnHpSZCeBiPswQ,35.000822222222,-88.462302777778,US,United States,North America,Farmington
__KhdlKlVCeDQzVU2iyqYA,52.31787931,5.09440742,NL,Netherlands,Europe,Weesp
RhqUjarQnsWWfcGraSLQmA,-33.90869264,151.19693606,AU,Australia,Oceania,Alexandria
DvXVREXCs3kdmniS_MicRg,39.846733678056,-75.388398170278,US,United States,North America,Upland
nTq_avx_ZPcsOgnX9boy6w,-23.6249663,-46.6387534,BR,Brazil,South America,Diadema
_64FLb1x0_SKkWCe_CTqFA,35.68839796,139.51269314,JP,Japan,Asia,Kokubunji
-b6cxvVDgKKduy1ohAOLiw,50.043636630278,14.430471586044,CZ,Czechia,Europe,Branik
bBwH-DJ-BGK3guedvDNXrw,25.0582896,55.1829697,AE,United Arab Emirates,Asia,Dubai
sRZdmuSk17JlKUXqVs2z-Q,29.76934174,-95.34491399,US,United States,North America,Houston
EiZYyzwpw9w_fhPwueMM3A,-37.816755555556,145.00750555556,AU,Australia,Oceania,Richmond
jgGTvYSsQf9M5qiP-x7NXg,49.023448,2.0588789999999,FR,France,Europe,Neuville-sur-Oise
prT-0HulMO4x3kRcjAR-kg,53.489805590361,-2.2415814176202,GB,United Kingdom,Europe,Cheetham Hill
p7RMkogqXxrastcS0wi8vg,-34.90427012,138.56364313,AU,Australia,Oceania,Allenby Gardens
8yISIcw2YW8puudzI2Me_w,-37.808965332763,144.96904265631,AU,Australia,Oceania,Melbourne
Dn135Nk63xupEt0kzgnyZQ,35.7039292,139.97220719,JP,Japan,Asia,Funabashi
pUXCSbq7nUO1Cx4y4YZl_Q,37.756963888889,-122.40179166667,US,United States,North America,San Francisco
sbFyn85SMOT3G1X1abkyZg,48.188461,16.384947,AT,Austria,Europe,Vienna
otuv9tFYl3sqN0Bo16Xjsg,25.0416777,55.1585708,AE,United Arab Emirates,Asia,Dubai
wXTWX0jh0rTNGu3B8CkUDw,35.681687,139.764539,JP,Japan,Asia,Tokyo
Ts_HsDg7zv3wx5ZAzUzcyw,51.06947,4.308533,BE,Belgium,Europe,Puurs
3PmXMeQHfvU8wWfw7U7ZeQ,37.697476388889,-122.45949805556,US,United States,North America,Daly City
GmS_quFXmJhShIaiS8VShA,50.102704937604,14.511889169703,CZ,Czechia,Europe,Vysocany
265ny7421s0Fy2omlykpjQ,19.399688241456,-99.18961583022,MX,Mexico,North America,Polanco
S9upgVWqAX_9_BMcxXE67A,33.81891644,-84.46234173,US,United States,North America,Vinings
MJAg-O3tAGElgN_DKJAHFQ,-15.804235,-47.879079,BR,Brazil,South America,Brasilia
R2RV-hBURXK01Q1KrGwMqw,32.70944,-117.156971,US,United States,North America,San Diego
ItnLD-lx76tudKRBdr3iTA,47.487897472456,19.07207778655,HU,Hungary,Europe,Budapest VIII. keruelet
iRsCTe_s7ncW7-kzn_Kvkw,48.82525223,2.21560932,FR,France,Europe,Sevres
8wq81mKD44qMmKwPZy0uTQ,47.603849,-122.184861,US,United States,North America,Bellevue
jEUk_wzXO_ft8gCIPp9ddA,-43.534906837736,172.63363703253,NZ,New Zealand,Oceania,Christchurch
h878n2_DM0HHfXDvJL_r5A,-13.0067775,-38.52068067,BR,Brazil,South America,Salvador
5Wnh21pNvbBlUxJuCZIhTQ,35.68219595,139.48930408,JP,Japan,Asia,Kokubunji
N0JRO4xnhFkTgJNo16BpOg,47.650053,-122.322688,US,United States,North America,Seattle
q3tWMCTq-6y_YXcS831qWw,8.9634942,-79.5576199,PA,Panama,North America,Ancon
-ZNpBKL3Ny-v7qwQwjfS3g,40.4431271,-79.9449071,US,United States,North America,Bloomfield
1bMLbauZRH1U2aKGiO3Cjw,41.0303369,-73.767198,US,United States,North America,White Plains
2zFjWpLOyZlWl2tFkwZa-w,40.744013888889,-73.927436111111,US,United States,North America,Long Island City
uxa-eEQQEQNt17CddVTSUg,33.987646,-118.465858,US,United States,North America,Marina del Rey
EtwjF3nWZHee5gY0gK3gfQ,24.804109,120.925463,TW,"Taiwan, Province of China",Asia,Hsinchu
rHgUXhp_o4i_YtoES9kB3w,60.154238888889,24.942055555555,FI,Finland,Europe,Helsinki
uja6agjLRE8idxFg8cKGuQ,37.911984,140.092952,JP,Japan,Asia,Yonezawa
x6f8A_aOpQfgulNMWryTGg,50.446830555556,30.513591666667,UA,Ukraine,Europe,Kiev
Yfs4zz-itfibzlo8_AhCMA,33.6257765,-112.0133192,US,United States,North America,Paradise Valley
kGFysoYJy0r2-R138XN3AQ,51.4427394,7.0616164,DE,Germany,Europe,Essen
l4cQoffLfmw_ghggYSCD4w,51.49266316,-0.22930985,GB,United Kingdom,Europe,Hammersmith
ZCGwunYed11a6OYQPUkGTQ,50.861358145525,4.65662797923,BE,Belgium,Europe,Oud-Heverlee
LJq1A3wvSloyKG3bxV0fMA,29.7783841,-95.37896625,US,United States,North America,Houston
PFOVRqos9Sw-ZtY4cwrzpA,40.054512,-75.049045,US,United States,North America,Rockledge
rcJ4tzTO--g100aX_aiSnw,-34.9259263,138.59738133,AU,Australia,Oceania,Adelaide
-LtOhSguWQXyerbzUN6HpA,45.027544444444,-93.260383333333,US,United States,North America,Columbia Heights
5IqAUirN1ZqVTTtPDrjy9w,42.364095,-71.063268,US,United States,North America,Boston
wQCQJJ7i7W2g-qq533h8kA,52.212276912361,21.045725336641,PL,Poland,Europe,Mokotow
ANWMI0iscxD3m8tlKFyQ6g,40.6463262,-74.0897984,US,United States,North America,Bayonne
iv3adFFyF4HWoZWZi-ZbTg,36.6150574,139.8433778,JP,Japan,Asia,Utsunomiya-shi
w7G6X1dQJUs7tHt4nEcbsg,51.512697,-0.158149,GB,United Kingdom,Europe,Bayswater
gKxEZqFsoXk8798exUwQ_Q,40.749779,-111.890234,US,United States,North America,Salt Lake City
2ijWTy74tmlzHr1n8s4lIg,30.392315,-97.74445,US,United States,North America,Jollyville
y0oS7iyMvBS_yXF8J3fP5g,37.786969444444,-122.39234722222,US,United States,North America,San Francisco
PC3ohlzXEcVrDhMwpBMBfA,37.795868158109,-122.40830370304,US,United States,North America,San Francisco
jOX0Jd8y4KNjrWQbzK3qsg,34.971756,139.091767,JP,Japan,Asia,Ito
3A452NVpPcw-j4yxVkiSEA,48.874392,2.357699,FR,France,Europe,Paris
K1YXY0YEfYPeMfn_2PX18g,41.88598825,12.48365791,IT,Italy,Europe,Rome
yWcZAxq7qQua3fpU7bpieQ,64.11561565,-21.90452011,IS,Iceland,Europe,Kopavogur
Xq_rSKcFlTuMVmAxWYGShQ,46.236758333333,0.90217166666667,FR,France,Europe,Bussiere-Poitevine
e5ArUqVsnu2JgZSoxTGF1A,43.529105555556,-79.643072222222,CA,Canada,North America,Mississauga
vPS4yrmvsOXEssa_tLRKkw,40.736286666667,-73.979516666667,US,United States,North America,Long Island City
ch9v1uUKlgil2XKRPIWMIA,33.4513665,-112.0543959,US,United States,North America,Phoenix
m16zXJ-KP8UZfvTrEPeCIQ,42.356544,-71.06964,US,United States,North America,Boston
loO9c3JohZ-2RZDHe0lJ0Q,5.3551733333333,-4.040275,CI,Côte d'Ivoire,Africa,Abidjan
-F5vhdPopdHyJjiC2hI6xg,-43.533775,172.639157,NZ,New Zealand,Oceania,Christchurch
NFYtcfk-Ad-tkIEoq3_IWA,51.352223516442,12.383541259915,DE,Germany,Europe,Leipzig
AU5qMGF10mo2Sz8mHXPALw,36.037257,140.159747,JP,Japan,Asia,Naka
Kv-nBiAYJ9NCpwIITCV39A,52.376768,4.890151,NL,Netherlands,Europe,Amsterdam
pL7gVEm1E2FLArFH1oHHDQ,47.589324849427,-122.33410541533,US,United States,North America,Seattle
2h7BIWwhpve1F_-R9JF08Q,55.75660477,37.64066422,RU,Russian Federation,Europe,Zamoskvorech'ye
lGO0o4LxTgUwwYLzwaH5Cw,42.374348,-71.11882,US,United States,North America,Cambridge
hJEnGsSLGI2NKvcfxDOWPA,-27.443137,152.943642,AU,Australia,Oceania,Ferny Hills
2DPJuTp0mSTXXGEsWRL25g,35.666994,139.78248,JP,Japan,Asia,Tokyo
M0RgIsnTTtNTrcqxTGoXKw,41.874584,-87.634966,US,United States,North America,Chicago
7jaBRR7fjBS2VuO-y-YnGg,33.63503101,-112.00411786,US,United States,North America,Paradise Valley
7jsufwhCbGXTh_Yejm7YcA,43.64182114,-79.38508967,CA,Canada,North America,Toronto
GwI11yC21KhByc7zepkODg,48.84544448,2.27708551,FR,France,Europe,Issy-les-Moulineaux
_6lYRZS5jTuojhqapjEL1Q,12.15280044846,-86.250373013426,NI,Nicaragua,North America,Managua
Hx2d4XOYNx0rfVoXBViJYA,48.211066317003,16.339836328677,AT,Austria,Europe,Vienna
2Vg1fqmkM3eYsX-nMYn0FQ,36.030165,140.281308,JP,Japan,Asia,Ami
FaIdFMEtd9vjqZYgUZqM-w,39.75907057,116.50557254,CN,China,Asia,Jiugong
Xqg05GkypVEVxxRYS1qyUg,35.287946,136.780713,JP,Japan,Asia,Ichinomiya
lgbFfCDlWP0WCtPaFY8CLw,-17.8097889,-63.1591157,BO,"Bolivia, Plurinational State of",South America,Santa Cruz de la Sierra
ZU0XRtoL3GT5er1ajci9GA,36.153784,137.2444333,JP,Japan,Asia,Takayama
Z_Y4sgb0rVq0h9SQ429b2w,48.8676998,2.3551792,FR,France,Europe,Paris
4bBGvwRJetAFzYjxKIx8OA,-15.804589,-47.883893,BR,Brazil,South America,Brasilia
f_HADsiyoNLOL3e1_rX3Fg,-34.91444042,138.64052194,AU,Australia,Oceania,Trinity Gardens
nY0rAwak313FsYrW8oT77g,-43.52054994,172.53468297,NZ,New Zealand,Oceania,Prebbleton
-bV8SIiLGuc7kFjKNUbJzA,52.0034,4.351733,NL,Netherlands,Europe,Delft
kzyJFkgKNTBr1vDROEIT3g,50.848014,4.362235,BE,Belgium,Europe,Brussels
C83GhoOF9JwuMEVE_R4PAQ,40.746081,-73.971641,US,United States,North America,Long Island City
Dlxvfkz6Cs2Fn3WMqD3n5A,47.815549,-122.235837,US,United States,North America,Martha Lake
3WJ_2Jvf3ymIiJJNNIjqYA,43.654529,-79.370823,CA,Canada,North America,Toronto
5_l7uQJMW3B7Bry3PUnNyg,38.860182,-76.958822,US,United States,North America,Silver Hill
EPGfAM_OMiNo6m4lBmQTnQ,40.442822,-3.739027,ES,Spain,Europe,Moncloa-Aravaca
xlAUc1D0KVd5GJ304qVIsQ,55.84523092,37.50427652,RU,Russian Federation,Europe,Golovinskiy
UP1OFRxydq1jMl_AF098pQ,-12.98292119,-38.52016571,BR,Brazil,South America,Salvador
PIDQy3hKHRGjymi1zIxurQ,2.985473,101.572402,MY,Malaysia,Asia,Subang Jaya
iPVoppxtAvf5bdJk978I8g,34.032286291292,-118.26192375289,US,United States,North America,Los Angeles
_ZcSOnAap1WzIWp10XndHQ,45.42945996,-75.70245073,CA,Canada,North America,Ottawa
36iNN_5lKC_CrOiFjmcF9w,43.667161111111,-79.602605555556,CA,Canada,North America,Etobicoke
4SOUJlWq6zwQtmRm2EYCAg,29.77408275,-95.25493334,US,United States,North America,Jacinto City
tRo6oM__Y2VbeZTVC-n0ww,-36.88957316,174.79826761,NZ,New Zealand,Oceania,Auckland
la54kj2Z5zljkQ7Jblkx_w,47.503896262497,19.066659137607,HU,Hungary,Europe,Budapest VI. keruelet
h-KwfPaA_3JLK9bd7p0w1g,37.791749,-122.403876,US,United States,North America,San Francisco
vh1-4oYoGD31s8uLIXNzag,43.08833801,-89.50219345,US,United States,North America,Middleton
unmzumJ7mATq1nnFL9Bk0w,18.795531680473,98.979041308706,TH,Thailand,Asia,Chiang Mai
dNk-m-N_mK-gaAsfNZEOww,37.579691388889,-122.33897,US,United States,North America,San Mateo
YodVKDzwNwaYKFEx4UOftA,49.91750196,-119.38802208,CA,Canada,North America,Kelowna
rq7bPHfGLMFIjGcgebs5Cg,40.8211176,-73.0488022,US,United States,North America,Holtsville
LTyHt3UqgEo_esJkK2h1nA,-6.7761583333333,39.245183333333,TZ,"Tanzania, United Republic of",Africa,Magomeni
NqhJI0cpIYaQqb_1QVhQlg,51.488538888889,-0.12902222222222,GB,United Kingdom,Europe,City of Westminster
6RyBQgl2JLmdTmBvOZLo9g,39.289413,-76.618498,US,United States,North America,Baltimore
v1r_bZMkqHeAQ66KWCckMA,34.802967,138.072207,JP,Japan,Asia,Kanaya
E-tg7-hTlKlSqbo_18y4Vg,41.152647,-8.621041,PT,Portugal,Europe,Porto
fA-jNnuEpwijZOBC_pRF2w,46.949523,7.436596,CH,Switzerland,Europe,Bern
APP2rrmItPQDAZflEDt3aQ,42.351384462789,-71.075572974991,US,United States,North America,Boston
83WwiLeABst_vyWcd13tRA,33.833238,-117.919311,US,United States,North America,Anaheim
IiZsotOuU5r1Q1vopoz9Kw,36.175794,139.959774,JP,Japan,Asia,Ishige
PutdoBULCDt21y42_2IaPw,23.137423915194,-82.360295151179,CU,Cuba,North America,Centro Habana
wJwaUrFJ3aacXCCTzLWDfg,46.95289174,7.44023417,CH,Switzerland,Europe,Bern
_mbbZwa1o49OlYhrnSQxfg,-36.857966,174.761323,NZ,New Zealand,Oceania,Auckland
hh2_eG4MCqnkzp6nIcOUrw,40.58539,-73.939275,US,United States,North America,Coney Island
PW37z64zkOiioslOkwLu9Q,-27.457242,153.020193,AU,Australia,Oceania,Spring Hill
e4ipxxtXpQA7IpuLbXBywA,47.39118,8.545255,CH,Switzerland,Europe,Zuerich (Kreis 6)
sCqDaZkh_ChfPBYGY-KIqw,-33.437791,-70.619433,CL,Chile,South America,Santiago
0eS0pdffaI0C3s4IvSbUYA,41.817376,-87.92105285,US,United States,North America,Oak Brook
fheHIJjlkkez9yy7-QTusg,50.032505915452,14.423650426945,CZ,Czechia,Europe,Hodkovicky
h1qGuKxycylQbMPEKi7Dfw,40.46928867,-3.71387711,ES,Spain,Europe,Tetuan de las Victorias
_Oi56resJBtSpHDsMOKuWw,43.665100829997,-79.383953889997,CA,Canada,North America,Toronto
ZHGpmnF6w3tbElsenZ2_kA,47.21148,39.623153,RU,Russian Federation,Europe,Rostov-na-Donu
ACZMpSYuGzQqr7duclB5sg,38.911104499782,-77.04805323645,US,United States,North America,"Washington, D.C."
QCQxQJTIPMTDSkIcT_neKg,36.010476,139.905123,JP,Japan,Asia,Iwai
IUleauFm8LTFTVK50q-VAw,32.237753055556,-111.05179305556,US,United States,North America,Tucson Estates
DyDAkZyC53YK6BrBvqaPsA,52.328069,4.792418,NL,Netherlands,Europe,Aalsmeer
We82GWKwbKqE5pSBct3_rA,34.777772562344,138.01952370455,JP,Japan,Asia,Kakegawa
fcZGiswCJa_cQEDcFwCfJw,-6.8121861111111,39.290980555556,TZ,"Tanzania, United Republic of",Africa,Dar es Salaam
VHaaWRkqhPjNU5n8YaNi3A,34.979745,138.943983,JP,Japan,Asia,Mishima
6Vu5aTpbqxmlavqISyVETA,-36.873039,174.705188,NZ,New Zealand,Oceania,Rosebank
1wEUR7gwJtgtiJtw1YnnSQ,42.037997,-88.109424,US,United States,North America,Schaumburg
F9oISlokYIcsADOYZZS0kg,37.911579,140.045207,JP,Japan,Asia,Yonezawa
yeMrH_vVD72OEjS6-qC3TA,38.89632546,-77.03933722,US,United States,North America,"Washington, D.C."
LV4aE15aiYwkjDIpR3nhFw,-27.417965,152.947853,AU,Australia,Oceania,Ferny Hills
jEQj550dhJWkc0qF9LBzeg,37.183421,140.817936,JP,Japan,Asia,Iwaki
8zXaIqxRad-KjvBrfXh9hA,23.345245,120.473948,TW,"Taiwan, Province of China",Asia,Jiayi Shi
lMoBQ2TwNavfi1cIRkvp7A,35.252457,136.907738,JP,Japan,Asia,Komaki
MPjusjcInMMxa1TMcD__6g,30.5384016,-87.7084135,US,United States,North America,Robertsdale
_N2LIhrYo5xB9grbtV5Ciw,50.453794444444,30.521486111111,UA,Ukraine,Europe,Kiev
yyxdgcPvb-RL11S6mMCmJw,-33.887431570329,151.12839714624,AU,Australia,Oceania,Ashfield
40t6Um7akgt4ChtMSNBp8g,43.64432441,-79.39395467,CA,Canada,North America,Toronto
2Kq1vbKQmTiLAdYKXTjkdQ,52.00585869,4.36130789,NL,Netherlands,Europe,Delft
5yGxY73Dnrio1sRtQCQ9OA,-22.5579692,-44.8228846,BR,Brazil,South America,Cruzeiro
xTMjsD7m-51jzN8Vd6G0hQ,52.2526,5.2633910000782,NL,Netherlands,Europe,Blaricum
fHcPXx19pmGEbqTM1nJdyA,36.096748,-115.172786,US,United States,North America,Paradise
5zVvcOJf80a7oYVy-Y4Bog,50.860398287067,4.3408258754848,BE,Belgium,Europe,Brussels
1a7bEftKKcDagyPMjs1M2w,48.867759,2.362746,FR,France,Europe,Paris
P4EiM76FN9SQR2JV-z1IeA,-33.436158689923,-70.625709593296,CL,Chile,South America,Santiago
QKgfRuLX90vBUve0tjIkfg,51.58941665,-0.1078906,GB,United Kingdom,Europe,Harringay
iEWQ4e09DKoSiu7duJzMgA,29.6872029,-98.443218,US,United States,North America,Timberwood Park
xix8cHec5apNbKTzMZXp7Q,-41.29898882,174.77823085,NZ,New Zealand,Oceania,Wellington
jIxy_GII4SNdUWuUsEOP8Q,-34.90944418,138.59221769,AU,Australia,Oceania,North Adelaide
YZnoLV6QB3r2AeURdjslnQ,40.8378739,-73.8733529,US,United States,North America,The Bronx
-sAgfjKL_ny5jdmyxP1p8g,-41.434504878042,147.13407431714,AU,Australia,Oceania,Launceston
jx8-nvhk5grbBHz6GzxHwQ,34.003374,-6.842844,MA,Morocco,Africa,Rabat
ncfjzhKKO-5ksH-bpdk5kA,35.002369,138.445362,JP,Japan,Asia,Shizuoka-shi
JSIjRda2vj5XYXAY94Pf7A,35.978361111111,-83.932325,US,United States,North America,Knoxville
1tXBxkzrWqK0qkmEKqh1Qg,48.871395,2.360395,FR,France,Europe,Paris
fHpQdBRBOgmCAo_kottCQQ,40.484155,-3.689993,ES,Spain,Europe,Pinar de Chamartin
pNrryWKw4_UdVtmdTG5GfA,-27.448049,152.973859,AU,Australia,Oceania,Milton
eGFGPtawjobDVgzIgNdXVQ,52.16638,5.239536,NL,Netherlands,Europe,Soest
lBfx1skVKjcNVMRMj7-GMQ,51.336208333333,12.311061111111,DE,Germany,Europe,Leipzig
7dxMzhwdxwGfhLeaszNUug,36.153985,140.221643,JP,Japan,Asia,Ishioka
FizpP_PXlF3sIO-ntAW82A,46.94804447,7.42817441,CH,Switzerland,Europe,Bern
bEKd7F23yVBJvfzjtRBFAg,56.263475,-3.2085527777778,GB,United Kingdom,Europe,Falkland
tOSlUpOgnXpcoE4UfOgTnA,-36.861269,174.769985,NZ,New Zealand,Oceania,Auckland
E2X0KKi9ZQQ18tNwuwrCWQ,-34.587752027222,-58.389095384444,AR,Argentina,South America,Retiro
HkygmP6JKtYU6_0fAIPCCA,39.262297,-76.61423,US,United States,North America,Baltimore
kIWlsfzHxjmy1DC2LSJ3TQ,34.991810722222,138.29498477861,JP,Japan,Asia,Shizuoka-shi
pLbZZjC_zPCjo1qq_bJr4Q,-34.590739,-58.399441,AR,Argentina,South America,Retiro
_6dHIgtXPhk09Je5657IEw,47.100684,-114.043182,US,United States,North America,Frenchtown
d92vfVMBszm48oCGbhmOvA,49.26641733,-123.23748602,CA,Canada,North America,West End
BunD1DyGUlWYyIcHOMukbQ,53.473213,-2.239868,GB,United Kingdom,Europe,Manchester
WHFXQERZXJRHu6b26gcRqw,-34.8998246,138.5633863,AU,Australia,Oceania,Allenby Gardens
r1ifZwibZZ-VV_iDgDViSQ,48.18833375,16.38086659,AT,Austria,Europe,Vienna
sZFF94hpnNVmmvIWJjGsaQ,60.165908333333,24.931186111111,FI,Finland,Europe,Helsinki
5LvOQZ-KYU_4ORJrPWQFwA,49.871264926853,8.6494751516736,DE,Germany,Europe,Darmstadt
RAmLJFScIdHnDOVy4YFMWA,35.160187,138.944302,JP,Japan,Asia,Mishima
Pt_sQV_LRRYCPY2pRTXvDA,50.0754235,14.407922,CZ,Czechia,Europe,Mala Strana
20BsB-D5zARt1GyskDL9Tw,-22.219376388889,-49.943636388889,BR,Brazil,South America,Marilia
q5FiexOkhwWXYPWehZAlrg,24.70163844,120.92059846,TW,"Taiwan, Province of China",Asia,Hsinchu
UFfvlm9xDOWYTqcZqxtolg,52.365918,4.878175,NL,Netherlands,Europe,Amsterdam
N1334pS6tPFWAKSIgJTHkw,39.77673263289,-86.159506682306,US,United States,North America,Indianapolis
vInh1o7yurmoHctuF7y11g,40.6771662,-4.0112687,ES,Spain,Europe,Collado Mediano
FEKI524qRVTmyUl3PxkygQ,47.594866,-122.320929,US,United States,North America,Seattle
On3SkvmdDaT-onswp1xuOQ,-27.44801,152.97372,AU,Australia,Oceania,Milton
DVkpesNIH0cv-rcoIdS4Ng,37.209034,140.582263,JP,Japan,Asia,Ishikawa
ReZ2bdCFS938fHJOosV5yQ,-22.9102383,-43.1835742,BR,Brazil,South America,Rio de Janeiro
cAXgbXqeqHJ9MPzOYZu0yg,48.2661161,16.3973959,AT,Austria,Europe,Langenzersdorf
FYPWIxMTCk4f1YmwDvlRAg,43.431267,6.749276,FR,France,Europe,Frejus
ol65FBYVbw0PdqH_dXDBpw,60.1658625,24.9093841,FI,Finland,Europe,Helsinki
_H_QjNN0ZbfcaA-KzYCQUg,39.3099,-76.613648,US,United States,North America,Baltimore
RDClvieQTUVfSvdrteZmPA,35.567297,139.405151,JP,Japan,Asia,Machida
_syBJNNWLzAH9oLA44Rpeg,40.725686,-111.876866,US,United States,North America,South Salt Lake
rpL4s-SEyaaNWO0mBKWATw,46.97881,7.464706,CH,Switzerland,Europe,Zollikofen
tlYpQ2AgHul23K9L-X0-XQ,48.202968120019,16.375814249992,AT,Austria,Europe,Vienna
K83k6gaDxtRvmvdIkBHSlw,19.461118,-99.160903,MX,Mexico,North America,Cuauhtemoc
-Ws5_rCy-VI_NsLgFIMBbQ,43.429967,6.749267,FR,France,Europe,Frejus
8M0TGDM6qMVRbU3yRsUTvg,50.082076338801,14.434097373325,CZ,Czechia,Europe,Prague
AgjhY487Ec6J9o5wTBRAlA,-15.744604,-47.895984,BR,Brazil,South America,Brasilia
wVxLxAffcd6ZbBu0P9ZytQ,38.023731,140.782188,JP,Japan,Asia,Kakuda
eCk8zvhCqW_D_mps-Dc1tw,51.507036111111,-0.10393888888889,GB,United Kingdom,Europe,Lambeth
J-zWK6YXpMpoSc8Erc__aw,50.81303349,4.4270716,BE,Belgium,Europe,Hoeilaart
fKWBkjyIM0IyOw9dwvnsag,-38.74305,-72.587507,CL,Chile,South America,Temuco
MtYM2UhKV7lgvDjODfRsrw,35.170919,138.919959,JP,Japan,Asia,Mishima
nDCQXQZmxe8S4eXeDT-G4A,47.383488731483,8.5366700954257,CH,Switzerland,Europe,Zuerich (Kreis 5) / Gewerbeschule
lzDcNSA3oO9syo8DW2SL_A,47.60479606771,-122.33641242817,US,United States,North America,Seattle
N1EvtAYWyQlQba0GB5IAIw,50.086513,14.437817,CZ,Czechia,Europe,Karlin
JvdfBE2oTOgy-E3B3NwTsw,1.281666,103.838031,SG,Singapore,Asia,Singapore
hUCyxe6WrSS3vPZejN4h0Q,52.363691668751,4.9063188833582,NL,Netherlands,Europe,Amsterdam
p_abpafjpgfUaYs4kCSF7w,-6.8053138888889,39.252166666667,TZ,"Tanzania, United Republic of",Africa,Magomeni
qqX5fMfzTTxCJ7aEpdw82A,52.372854,4.907901,NL,Netherlands,Europe,Amsterdam
sMfMO3nJXMr0oPMeK6oBsw,32.717813,-117.155005,US,United States,North America,San Diego
sBnoU20iXP_Y7HFlAYXdAw,48.858970086019,2.293184410611,FR,France,Europe,Neuilly-sur-Seine
iF4IdG2pGVT9waIKFkFXIg,55.95017930751,-3.1873277990541,GB,United Kingdom,Europe,Edinburgh
eqBRayZgU2P4QW20wxRjXg,43.37238275,-8.42543533,ES,Spain,Europe,A Coruna
9PkAHPGjMOPpncZWWwiK3w,35.659539,139.777365,JP,Japan,Asia,Tokyo
7INmSzwOj5Mgj1n3VhQohA,-37.821588888889,145.00604166667,AU,Australia,Oceania,Richmond
IB1BJ0IMsUngE8yKVKY3JQ,51.095904,1.130187,GB,United Kingdom,Europe,Hawkinge
r65ORIHsDFChMmrgwpB5TQ,51.459251,7.047167,DE,Germany,Europe,Essen
a32yL3ZhyREB0gnk19oTQw,33.84431812,-84.50135321,US,United States,North America,Smyrna
KxU8kEy-dlgiBVL5Ah2oeQ,43.733816666667,-79.820586111111,CA,Canada,North America,Brampton
h3PiE9O7FBjyORaffLaK5A,9.89884538,-84.05413155,CR,Costa Rica,North America,Curridabat
RCwP3LrV5MxlYBPiW7n7GA,52.376734,4.890073,NL,Netherlands,Europe,Amsterdam
Lu44gD5tWb9UCqoDTxnoEw,33.993465,-6.837783,MA,Morocco,Africa,Rabat
9xrS7d0EerODpD9k0n6Nxg,44.882936111111,-93.416616666667,US,United States,North America,Eden Prairie
uZOU-7WdNvT0yZqZBWsA8Q,50.882234561198,4.132747395482,BE,Belgium,Europe,Ternat
EMFVnI762MCyMgdX0OGDdg,39.304545,-76.594776,US,United States,North America,Baltimore
7Jjf6wYb4z--B_v_id62Vg,-41.271532,174.777789,NZ,New Zealand,Oceania,Wellington
lxJJfIY8pjzFHzNGCTJQuA,-33.43629,-70.636878055556,CL,Chile,South America,Santiago
aDd3IjbkRrMksDMxjGYuuw,-27.467418,153.016357,AU,Australia,Oceania,Spring Hill
42bwZjC-9IMQZavHSthXSA,2.985349,101.745225,MY,Malaysia,Asia,Kampong Baharu Balakong
RP2NkSxAr89Ds8z5YuAnPA,-36.863449,174.755401,NZ,New Zealand,Oceania,Auckland
HXuOY1wL4Hbps12E-V8z9g,33.4293664,-111.8575932,US,United States,North America,Mesa
ipklT_Os3j_VIyiQSR0fng,43.05741,141.26989,JP,Japan,Asia,Sapporo
1zr5U5fq9TwwFATItp_1Qw,23.002108,120.160393,TW,"Taiwan, Province of China",Asia,Tainan
0ZjIZyAs4I1HBgQOssdXcw,52.435319444444,13.263752777778,DE,Germany,Europe,Zehlendorf Bezirk
FmOe0ovzTRKwR20RYq6-Og,42.351209,-71.073221,US,United States,North America,Boston
E9uYi1nv2lgAItWz1W2R0w,9.9901279782877,-84.11134800321,CR,Costa Rica,North America,Heredia
1sNWfX5AHVco9oou9Legfg,25.77212592,-80.19575739,US,United States,North America,Miami
c2jxkOKNj6qmo5zoJwtXvw,1.310502,103.848142,SG,Singapore,Asia,Singapore
FEFMSpLpiqxEDbOgk834og,55.75794655,37.63757078,RU,Russian Federation,Europe,Moscow
9oEJxEbIAmAuIrY6GvI1Bw,45.4270427,-75.72448274,CA,Canada,North America,Ottawa
Nv4qtcQz8wY0sHEvKQ_fwg,37.588846,139.879756,JP,Japan,Asia,Kitakata
TBTezTrcJpigmgKhkAN4vQ,24.95127358,121.26238333,TW,"Taiwan, Province of China",Asia,Taoyuan City
3V2N0T5AATp_X3RU-A8G8Q,44.933988888889,-93.310216666667,US,United States,North America,Saint Louis Park
FL7bQzuphiyTJyQeFuEXNw,50.89507076,4.48489461,BE,Belgium,Europe,Zaventem
FElhBbNQ7Uq2mORDWFdgaA,52.09507,5.123576,NL,Netherlands,Europe,Utrecht
upfnhbyKBAv9sQeY83_27A,-34.84342196,138.50792689,AU,Australia,Oceania,Birkenhead
e6TFJjYcTgLYhNUo3yDQkQ,48.18549138,16.41246923,AT,Austria,Europe,Vienna
gKlxdxWwx4STCupNlLjBOg,40.7563723,-73.7461386,US,United States,North America,University Gardens
0Bt3m_mPk8_jhCdeWzEGLw,49.41468519,8.69133808,DE,Germany,Europe,Heidelberg
VFOeGpxF54R_ol_m0KgdbQ,47.578401615544,-122.33415556448,US,United States,North America,Seattle
r6NwuE-8SRgsLuvoVIJVlQ,37.705191388889,-122.45237972222,US,United States,North America,Daly City
RrFmp3F7PehUiutYzMpoMg,51.6148142,-0.1272972,GB,United Kingdom,Europe,Wood Green
zLX7bZAFM6csxZIk0TVo9A,19.413331,-99.131049,MX,Mexico,North America,Mexico City
3GRfiCoy9vDUs2hDJMp7iQ,34.9423414,135.7041212,JP,Japan,Asia,Muko
UZkkHS6JNEui-0fFB6d5DQ,51.335966666667,12.305016666667,DE,Germany,Europe,Leipzig
sVCWZJSg9k67cYRuRAE7Lg,37.769676388889,-122.42549138889,US,United States,North America,San Francisco
KQP6b_BZIDoC15br62BZoA,52.25105,5.266547,NL,Netherlands,Europe,Blaricum
fDJC2AJR6cjXG2oadXaxAg,47.506751666667,19.104301666667,HU,Hungary,Europe,Budapest XIV. keruelet
ngCjoHQ-ZCSnDzZHp8TOLw,-33.794616666667,151.18975,AU,Australia,Oceania,Chatswood
q6T7ZxQ4_FvnYxQS9n2OcA,35.652795,-97.479903,US,United States,North America,Edmond
1cQ6akmkx8ISdLUfrUGzkQ,50.852173,4.35103,BE,Belgium,Europe,Brussels
mgnH36676D50_A1iJZEYiQ,47.6641695,-122.3499878,US,United States,North America,Seattle
4g3whX-DAUfrhExudoym1A,51.46418,-0.16529000000003,GB,United Kingdom,Europe,Battersea
kULzhAg2TCqgxWTtlwBPSQ,-23.573664722222,-46.642796388889,BR,Brazil,South America,Sao Paulo
Lv9Qc7TNV7KOZ_gVMKZ9FA,51.513998061419,-0.076028304174542,GB,United Kingdom,Europe,City of London
Yy-WO8hSjqnDdpLsv5YwBQ,35.101053,138.864053,JP,Japan,Asia,Numazu
FzxQ9U2pwMSk4HCOJgtxgA,36.217634,-115.126578,US,United States,North America,North Las Vegas
cLzG8NZ9oXRGnue2bZJjjw,47.87803979,-122.20708971,US,United States,North America,Mill Creek
ASbiu8iObBT2iXL1LPzjkQ,35.224973055556,139.71329805556,JP,Japan,Asia,Yokosuka
gKH9t9vjOEapFu9J2hA2cw,32.71412,-117.147198,US,United States,North America,San Diego
t_d2_HG-PJ-CLHoEmK-F4A,33.5559629,-112.0381843,US,United States,North America,Paradise Valley
cc5w4SgvgosB6zFMhekaPA,-41.442267683234,147.13305153639,AU,Australia,Oceania,Launceston
VEqdSbCnuWAMywzC-3unlQ,34.012348,-6.839286,MA,Morocco,Africa,Rabat
PeFGnKwBCQlcqrkubVz7Tg,35.036360789167,138.29844815667,JP,Japan,Asia,Shizuoka-shi
VL0OvJPuJm_YAcXrsTsB9g,37.777036388889,-122.46184972222,US,United States,North America,San Francisco
1JRryoqqxd_SdyekGSt7vw,29.42544853,-98.49743696,US,United States,North America,San Antonio
Nn5o5ZGJ9kZhEDr8mIT1kg,50.442478055556,30.504012777778,UA,Ukraine,Europe,Kiev
KlZ3XODVQ4MFjMRyjWLgCw,35.0836246,138.8572358,JP,Japan,Asia,Numazu
x9HCl2UogyX5lpoz5dA3kg,50.845235,4.343364,BE,Belgium,Europe,Brussels
W4wF5oKNXFDdQbilB2vwSg,31.429080962999,-4.236747264999,MA,Morocco,Africa,Jorf
pPtiu8k45qGu5iAxDdUkYw,42.373443,-83.216784,US,United States,North America,Dearborn
0daE8mWxlKFT8kLBE5f12w,40.411944,-3.717838,ES,Spain,Europe,Madrid
-E8T1gplOQJq-E_B5V6lfQ,35.294373055556,139.63167805556,JP,Japan,Asia,Yokosuka
E5mQRWmxVNFIN1Eb4EV7lQ,6.2598089,-75.6002918,CO,Colombia,South America,Medellin
JCjl12Bl4C9HxU2B53su-Q,45.41799602,9.25790119,IT,Italy,Europe,San Donato Milanese
qcJh72tzZlKrcHy17-KjZQ,52.33735333,4.77896477,NL,Netherlands,Europe,Aalsmeer
HfaX_PMe8Nan83bj7L3e8g,35.939975,137.252073,JP,Japan,Asia,Takayama
NYH0Xvyys7_z78cMspDTHw,39.26695,-76.604604,US,United States,North America,Baltimore
gTUhY0WmgRvHfomTqBpYzw,33.93350986,-84.48098422,US,United States,North America,Smyrna
AcetDFpWlr-q6EQ8dMiXdQ,42.350407,-71.079484,US,United States,North America,Boston
X78Ng1hDVAlBcncxa15taw,60.562452,17.126305,SE,Sweden,Europe,Gavle
mQn07uolllQDWqfBxs1cKg,57.69335,11.997706,SE,Sweden,Europe,Goeteborg
cPPYM-UZsRtBUQYP2E1gGw,34.698408147701,138.04523049581,JP,Japan,Asia,Kakegawa
vkurqsHa0xZORB0BWnx_pg,36.175362,-115.144506,US,United States,North America,Las Vegas
cJlxDHVjKMeZ-TsWefFQuA,36.012895,139.905548,JP,Japan,Asia,Iwai
EfNkxlj-XjXAnNNJZqbz5Q,33.9440429,-84.3406417,US,United States,North America,Dunwoody
matYZ3L4KPZozVdpQskH7w,48.18700004,16.34231725,AT,Austria,Europe,Vienna
T76vMVuYnl0gZWIPQ6GSJw,36.036219444444,-83.887563888889,US,United States,North America,Knoxville
XthjfojJOhXEXJI2l9nbvg,27.9454054,-82.3041892,US,United States,North America,Brandon
xZ03YMge29iBBjdE9u7L7A,37.7935611,-122.3926816,US,United States,North America,San Francisco
d8gIWS5-TwNuSdCefkgEyg,8.95667386,-79.53659141,PA,Panama,North America,Ancon
pVMnqaS-eymgNLtjRqoecQ,50.4491016,30.5124419,UA,Ukraine,Europe,Kiev
qS8XbHB-hcDUwFZwVrwNDw,10.34522666,-66.87463177,VE,"Venezuela, Bolivarian Republic of",South America,Caucaguita
Sw5ndqRPnHpPh5AnpPMwxQ,34.02689,-84.4684247,US,United States,North America,Woodstock
qT2Isr-2KOO1O1zMz3ocVw,-33.422364920855,-70.582973492804,CL,Chile,South America,"Villa Presidente Frei, Nunoa, Santiago, Chile"
XNKjB24vPVbY_LoWieJzdQ,60.1590034,24.9330224,FI,Finland,Europe,Helsinki
faC6SxBytoDV4UnPbtbGfw,50.0522842,14.5299509,CZ,Czechia,Europe,Hostavice
USB_JXBw9NPGGSf9qLjM0A,17.630066666667,100.104965,TH,Thailand,Asia,Uttaradit
qvR_ByyEghlqlo-msLiaFQ,-37.745350833,145.003650167,AU,Australia,Oceania,Thornbury
mKQURsWgjqTn1zps1j0c-Q,48.852157,2.369067,FR,France,Europe,Paris
HjCBitG-KD1n5q93IvmLiw,8.97552099,-79.52594097,PA,Panama,North America,Panama
g0Vdga0vJenU3t2swg5Xvg,35.237754,138.99596,JP,Japan,Asia,Hakone
A9xKI2sKmedtI_dUa-2PvQ,50.04858477,14.54690884,CZ,Czechia,Europe,Hostavice
rJ0SNDqRMYcsf7VjLXVBKA,35.982244444444,-83.920691666667,US,United States,North America,Knoxville
nAXgcQxX2o8NN4VkNeS7-w,-41.279343,174.768648,NZ,New Zealand,Oceania,Kelburn
vPA6Umr3-u5OuDYKZnzO5w,47.7913429,-122.1975101,US,United States,North America,Bothell
Akns91f-PPxvqXYitVXIlQ,48.213879,16.362894,AT,Austria,Europe,Vienna
zGQt3X5EbOKQPo9pBUKhkw,30.3717726,-97.7577932,US,United States,North America,Jollyville
B8pFvAY88k8OGyZ9B7csEA,43.6520484,-79.3774446,CA,Canada,North America,Toronto
O930gUmIgfoFK5hNqdSHUw,34.782265,138.000506,JP,Japan,Asia,Kakegawa
psvPf6xjUr0TI7OHVPNm9Q,10.4844636,-66.83457629,VE,"Venezuela, Bolivarian Republic of",South America,Los Dos Caminos
uSCmlaSwtPt-8pf4kd3xbg,-37.828397222222,145.02165,AU,Australia,Oceania,Toorak
1i9NP5fSHTHKwsb5z7CbdQ,29.701057,-95.294227,US,United States,North America,South Houston
xaZdu0XzUeJyzdCYLV2l9A,1.298574,103.844209,SG,Singapore,Asia,Singapore
w5DJGyMLYpQvQ_i3M4SmOA,47.4813713,19.0740178,HU,Hungary,Europe,Budapest IX. keruelet
D98WlxcB2X4FXBBtwQeR_w,50.065903664781,14.398899410046,CZ,Czechia,Europe,Vysehrad
JrzL0cNg0O_iMCGx2C3VWw,-27.460317872824,153.04451010961,AU,Australia,Oceania,Fortitude Valley
oAlbqrogsMMcdkzli_Jkaw,35.051817,136.799461,JP,Japan,Asia,Kanie
hz5PpkW0i6WVW37xvkMdZw,35.2911481,139.2023916,JP,Japan,Asia,Ninomiya
_qzVTYePYiw3W5CsQInXag,-27.48539046,153.02937239,AU,Australia,Oceania,Woolloongabba
zOSNLZoBYha_mS43FBg2Rg,25.76232017,-80.18976665,US,United States,North America,Miami
AqsmhHY812cAI9C3CbZM6Q,52.428369444444,13.347169444444,DE,Germany,Europe,Lankwitz
PL_a4Xd1P-hSXd0_NYICeQ,38.13070558,13.3453049,IT,Italy,Europe,Palermo
Upc9FOCVVQjDIdm6ntVvmw,-33.895631,151.151868,AU,Australia,Oceania,Lewisham
BUYK9_QOXBmWwn8UbSt0XQ,50.86073747,4.34007261,BE,Belgium,Europe,Brussels
aQO9K3GrRGfsPZ9pGK1E2Q,-33.431390970978,-70.580688714981,CL,Chile,South America,"Villa Presidente Frei, Nunoa, Santiago, Chile"
bPJbdKOyO5E7mkItC2RMvQ,-15.68828,-70.61297,PE,Peru,South America,Santa Lucia
Iznifr48bfgoZ_WYB81q_A,-34.90624277,-56.19691473,UY,Uruguay,South America,Montevideo
NEvB7k2GbKR8h3tj5_kmHA,48.540966343135,-122.87252512761,US,United States,North America,Friday Harbor
QuOUNoZp2RvSDbfDMrhPGA,43.04686,141.475523,JP,Japan,Asia,Ebetsu
FhxhXi_1iy6R5vYi3l2dyQ,35.678892,139.782969,JP,Japan,Asia,Tokyo
ItfkG1xvVgjlLqSgSDZZhg,34.831359,138.127852,JP,Japan,Asia,Kanaya
xVHkbAq0UXg-PWtNpwgRWQ,52.21692975,21.00436606,PL,Poland,Europe,Warsaw
nLigSWHZqKvIERtwq2JBsQ,-37.70295103,175.2013192,NZ,New Zealand,Oceania,Ngaruawahia
NDUIj-4uATOc-oGpk3va1A,22.274985435641,114.15548890829,HK,Hong Kong,Asia,Central
KhrUqKhZqICW6ssfff73zA,39.294064,-76.590533,US,United States,North America,Baltimore
aWxWwELmVyVhJpPO4yxZdQ,45.41790275305,-75.700636515683,CA,Canada,North America,Ottawa
H0pj5YGAz--K9V0qbrlt9g,55.865,-4.266277,GB,United Kingdom,Europe,Glasgow
mtVij_fWL-rTlIkjE0mWTQ,50.077674073243,14.420078729837,CZ,Czechia,Europe,Stare Mesto
tlxGlVwxyGUdUBfkjy1UOQ,36.348302,140.444863,JP,Japan,Asia,Mito-shi
vwFQtD2MhdemtmpQXgCnYQ,-23.6815698,-46.6940669,BR,Brazil,South America,Diadema
MnmMU1ewhZCB7lgcx71Pcw,45.47152017,12.25742051,IT,Italy,Europe,Mestre
6DvaUiyC1DbAnxIhY_MQyQ,47.493730983697,19.026771169156,HU,Hungary,Europe,Budapest XII. keruelet
gDR3j-ISy4EcRKDLPTLLHA,37.503921388889,127.04475833333,KR,"Korea, Republic of",Asia,Seoul
Hm-FTFqeVDQgAGlkRSR2fA,35.5814759,137.1882045,JP,Japan,Asia,Mitake
4_80TxY6yf1Go1QeY6QDHQ,35.303799,136.61563,JP,Japan,Asia,Ogaki
Du-SLxfzMiEl1u4rWEdYDw,22.330369,114.179068,HK,Hong Kong,Asia,Kowloon
zm8UrwzNVbwbZfUTpLIwEg,35.014597680556,138.48590164583,JP,Japan,Asia,Shizuoka-shi
IYezsYrDvltI6_dFfYcdUw,35.885038,139.963622,JP,Japan,Asia,Kashiwa
7gqJRt_d0kZBSTpB_Nq9kw,59.334653204949,18.028264045715,SE,Sweden,Europe,Stockholm
bN6t5pkw8ytfFPluJrZaSQ,35.453799,139.673535,JP,Japan,Asia,Yokohama
BO7Z25fdt2wWAvPzljBe9w,57.307686,16.982269,SE,Sweden,Europe,Oskarshamn
JLMSlUPrLt2ugQxMwIABBQ,46.956589,7.4243289999999,CH,Switzerland,Europe,Bern
UcB4DdXzeWdHR_Utmw19sg,26.07798917,-80.23892878,US,United States,North America,Davie
YnRehAQXiEfX2VgaFLGwBg,13.745530703889,100.58484569167,TH,Thailand,Asia,Watthana
iEVYZttTX-Ptt372wku9Ig,37.54509782,139.9444876,JP,Japan,Asia,Kitakata
Ie_7joIqGLY7TUhEhzLiBw,41.412057,2.200915,ES,Spain,Europe,Sant Marti
TPdQvO1LiIlS0QJfCkSuLw,34.0494499449,-118.25630703952,US,United States,North America,Los Angeles
nfR2dzt2Uccdf9U_ZJ2EPw,27.93592976,-82.2934945,US,United States,North America,Brandon
dis3C1khRYLkv14XOFFfXA,34.471907,-118.645791,US,United States,North America,Castaic
EqpT4rUYa6IlUUxIgOIDKA,55.68864459,37.56969041,RU,Russian Federation,Europe,Leninskiye Gory
qJEBAslAVQmy42k5u0uEmA,-36.849038,174.744039,NZ,New Zealand,Oceania,Auckland
ibNpocn0FPUR6gQJ1yYE2w,-18.975524666289,-49.466704375804,BR,Brazil,South America,Ituiutaba
QQEjOUAVmmo32aN-jCsLjg,18.38199057,-65.9558711,PR,Puerto Rico,North America,Carolina
hW1Hbo7qHQ1Ba3qMZIHP2g,47.39633894,8.52785763,CH,Switzerland,Europe,Zuerich (Kreis 10) / Wipkingen
NOvl-ZwPsi9CYl6bZaptjw,47.66438135,15.93155055,AT,Austria,Europe,Gloggnitz
c7QYRh31xRljW_HcM7LRgg,39.79328689,116.52257365,CN,China,Asia,Jiugong
Tud4Vm6y8TGKuegd9bMY8w,50.1069781,14.55105388,CZ,Czechia,Europe,Hostavice
WmxU04rSR_IEiEjtuWvKdw,51.4504819,7.015972,DE,Germany,Europe,Essen
auR1pqGkfgS8G2uUhROLEA,35.661894,139.72937,JP,Japan,Asia,Tokyo
Hv7J2R5qMKT2YV34pnyeqw,50.0328917,14.5256152,CZ,Czechia,Europe,Pruhonice
EyvCGSN0gdu8n1EcugRv6A,-23.577185,-46.640873055556,BR,Brazil,South America,Sao Paulo
tf6eqyhftF6NYtw_nfWxug,51.500913888889,-0.12368888888889,GB,United Kingdom,Europe,City of Westminster
9y4NdKX15Dj_EtsylkarKw,50.88114655,4.71438571,BE,Belgium,Europe,Leuven
ryuujnCXWTUAiUnYxD2IJA,34.091219,-118.11993,US,United States,North America,Alhambra
KT6_IsqNOq-xFF6jKvTyaw,51.6169382,-0.0878468,GB,United Kingdom,Europe,Wood Green
OS9H3xmZR09W3Acvmeun4g,48.187791,16.403775,AT,Austria,Europe,Vienna
8W52Z_rLevt1bYgpFl6LZQ,42.361231,-71.069588,US,United States,North America,Boston
c3c_QRX0IGdmSZYajGFiOw,37.769381388889,-122.50818472222,US,United States,North America,Daly City
47Qa0EA7zb7SQu5IbDOdLQ,38.12459114,13.35018463,IT,Italy,Europe,Palermo
SviQmYKvwqZidr7LbvBLFQ,37.931339,140.732797,JP,Japan,Asia,Marumori
Tzm5TancJ7baQTxqQmZ3mw,42.362795,-71.054313,US,United States,North America,Boston
f3Xrw5NhLLeUwmD4g3SOzg,-7.1248766666666,-34.873056666667,BR,Brazil,South America,Joao Pessoa
mWvr5kVW1t0zpsvM-fQERA,52.5167519,13.40928011,DE,Germany,Europe,Mitte
XoQ7F8kSCgsT5Gy6ZPINYg,48.20203092,16.37509272,AT,Austria,Europe,Vienna
8fS8wXQ0FVl9Uiwylq1L-Q,45.42152757,-75.68455754,CA,Canada,North America,Ottawa
O8Hb1CFvMXzRRaBwKqX0JA,42.3714,-71.061716,US,United States,North America,Boston
1W0FV37WGMkpOEppnL97pA,37.788707,-122.422113,US,United States,North America,San Francisco
qbTCVfH1A0klZdv4_eHh4g,40.723142492183,-111.86539883063,US,United States,North America,South Salt Lake
kj-Je9hVtOeMoaUrjoDxFw,43.659315,7.166822,FR,France,Europe,Cagnes-sur-Mer
T4vkU_oXYf_c6QZX3kZWkg,33.5206479,-112.0474422,US,United States,North America,Phoenix
oXQWhd5WVoouqdU0Y5wvjA,35.257868055556,139.70800305556,JP,Japan,Asia,Yokosuka
Wo9xYYsbZyZ7SFtZQGdzBA,-22.9306392,-43.1745348,BR,Brazil,South America,Rio de Janeiro
uKaO8MnX2LflUAnGwqELnA,10.42313644,-66.9170522,VE,"Venezuela, Bolivarian Republic of",South America,Baruta
679ap0rHH5Yf7VIDtz2UuA,36.085916,137.250257,JP,Japan,Asia,Takayama
wsfki0vFV-7mddg2kJRcIA,49.21109444,-123.09052524,CA,Canada,North America,Vancouver
rZslpAGwac-hVDKzC8EP6A,45.47038428,12.26113236,IT,Italy,Europe,Mestre
1cP-224KLxNMUsAQG4usHw,43.729798,7.3603,FR,France,Europe,Eze
_XDJWwELFxajWguJphftmQ,40.718831633398,-74.011641406454,US,United States,North America,New York City
M0eXeUDvF4Mf1ybcCjpPwQ,38.928256041891,-77.036021392698,US,United States,North America,"Washington, D.C."
BEZXuH9vP90021LRTdVb6g,34.997664,138.428624,JP,Japan,Asia,Shizuoka-shi
NHi7SltINcE3C0DlgG7xZA,37.32668,-121.899965,US,United States,North America,San Jose
T1m3bBBobQ-NRr1-w-D5cA,34.757616491944,137.99968214722,JP,Japan,Asia,Kakegawa
RfY03oO3YW_Of5-whOv0qQ,55.950013,-3.187573,GB,United Kingdom,Europe,Edinburgh
FaANE0y2QxdJxHJBSWLNHg,35.0224435,138.9461526,JP,Japan,Asia,Mishima
AbuC5O9jo--YhrnPM7srMg,39.80423825,116.52181392,CN,China,Asia,Jiugong
h0P6qR9PI_7wnpDoRYB1Ew,51.325220147974,12.376920327843,DE,Germany,Europe,Leipzig
noR1cOZqfcQrfvB_OG8SRA,35.66138965,139.69818011,JP,Japan,Asia,Tokyo
2CSsnU7bZBgpwfvVc0xpNg,29.752958,-95.397944,US,United States,North America,Houston
akl9UAP1LAwx7mJTGY94qw,37.787248055556,-122.45528638889,US,United States,North America,San Francisco
61Ptilwk11hi8E8MIdahWg,32.73141923,-117.15662606,US,United States,North America,San Diego
gFBx9iyuI5QnalgFOZiZNA,-33.704625,150.931517,AU,Australia,Oceania,Beaumont Hills
59gA66zWDVgSaX4wgWVXug,-25.43712046,-49.26981278,BR,Brazil,South America,Curitiba
DcVToSwaVrzl8kww5Lt6FA,36.307684,140.340335,JP,Japan,Asia,Tomobe
icUQ0DRsu0eqFuyP8tXHGw,1.436615,103.768395,MY,Malaysia,Asia,Johor Bahru
t4dhouPEf83AcgH_-BWKQg,47.4637755,19.0187505,HU,Hungary,Europe,Budapest XI. keruelet
0OePwTpa8F5sqQLfKcEV5A,50.8332777,4.3561316,BE,Belgium,Europe,Brussels
0ex5sxSYJs9ymscQOa0QNA,13.755013291197,100.54555313537,TH,Thailand,Asia,Ratchathewi
-9KGl9SjjCNY1k7e7kZAQw,45.66912295,12.22403987,IT,Italy,Europe,Treviso
NeBnKzdRfk4qFwQqgFAk-A,35.106017,138.858372,JP,Japan,Asia,Numazu
7nUYQWL1VcraNRvBOpfaOg,-46.3756,168.347754,NZ,New Zealand,Oceania,Invercargill
7Ka8N_9cpYWVCPetl4e-FA,-33.781236,151.10038,AU,Australia,Oceania,Marsfield
CfusRlzq5ypiKtGyu4CctQ,35.373285,137.679036,JP,Japan,Asia,Iida
j5L5GM7iP4pZCaMut9tcqg,40.730255,-74.041898055556,US,United States,North America,Hoboken
cN08epNzO7nGK7ywviGeuA,52.326442,4.788785,NL,Netherlands,Europe,Aalsmeer
Vx3hyw9sUzthsOHipZ92Xw,52.25309,5.262095,NL,Netherlands,Europe,Blaricum
DrmBGHbfQwjtC6-ABCPI5g,52.375365,4.864318,NL,Netherlands,Europe,Amsterdam
-5_vD3uQLbZa9We0ZRe64g,44.898436111111,-93.422338888889,US,United States,North America,Minnetonka Mills
m5FJuPnQuG3YSnA2l1zQ5g,35.977291,139.458366,JP,Japan,Asia,Sakado
dJ7ekpoqtHAGxgYtkRPdDw,3.029973,101.572906,MY,Malaysia,Asia,Subang Jaya
6uN1KpRBO_-JKWUqovKBAg,-12.072193333333,-77.041258333333,PE,Peru,South America,Lima
c07Jx7x26yNgau8uqhIS3g,47.26182021,-1.59229511,FR,France,Europe,Orvault
Rkw6U1OhxhvyHk-hdYfGpg,35.638503,-97.50135,US,United States,North America,Edmond
xXszQbQ_Erx2AVS1o3u3PA,-43.51744018897,172.59058095919,NZ,New Zealand,Oceania,Christchurch
mWdzxrgaxdJXUkJveyh9ow,40.41531979,-79.92465867,US,United States,North America,Homestead
Fcc6MB6wIw2lAHzx5iFCmA,45.48426037,15.43606999,HR,Croatia,Europe,Karlovac
946z1GCuSZjUn1x2_taDaA,42.911875,143.06341,JP,Japan,Asia,Obihiro
r774N3AzO7o45fcpe4MMSA,64.10782249,-21.92400049,IS,Iceland,Europe,Kopavogur
Jzoa_Rfsq0vswELBKgjFTA,35.15467,138.621694,JP,Japan,Asia,Fujinomiya
vACc9TCvJg0njBI8g2O16A,47.7582419,-122.2555348,US,United States,North America,Kenmore
_SaYzlQ4UkTgXY0jCAnzGw,45.42268056,-75.68676035,CA,Canada,North America,Ottawa
nJJIGmekWCxQheohtUC-pQ,46.40295308,0.72412905,FR,France,Europe,Lussac-les-Chateaux
7k1EvXn7ogmsHnZpmsv-gw,43.606822222222,-79.580541666667,CA,Canada,North America,Etobicoke
eHG0Hm3A5mFpLx7RiJiCwQ,35.628146,139.619653,JP,Japan,Asia,Chofugaoka
5Bajm6UD1iCaOYdm93r37Q,38.98587384,-77.03316724,US,United States,North America,Silver Spring
fm5tZZd-Kfhx16KtUy_QVg,52.45509865,13.38403974,DE,Germany,Europe,Mariendorf
lh-yeiRGegCyFq9RJvT53w,14.662566268205,-17.43435250577,SN,Senegal,Africa,Dakar
6SdtUh7zE5LVvhs0FhXk9Q,33.53152,130.48563,JP,Japan,Asia,Onojo
Hxco3McOtDRhCH19HZm1zA,-33.786235,150.965118,AU,Australia,Oceania,Constitution Hill
ylzeRyzCX0UADh78bZveAw,55.68761417,37.57289776,RU,Russian Federation,Europe,Leninskiye Gory
WlIW8fWSf5XjNHDXVZP0Jg,22.318677,114.179046,HK,Hong Kong,Asia,Kowloon
lKbf3ZUrNlZtTHkPaVs5kQ,-27.438262,152.984571,AU,Australia,Oceania,Everton Park
7ni0vy6c0mLWVKevcVp6FA,-37.813747823238,144.96295658872,AU,Australia,Oceania,Melbourne
-yOAsORJIE_d9DGKngxnGw,12.99598397,77.66470004,IN,India,Asia,Bangalore
Wo_dV2mQ_HlMmcC8j-zchQ,-12.073371,-77.035565,PE,Peru,South America,Lima
D9WImECpoIYFIOqyUh59UA,40.545322,-74.1607831,US,United States,North America,Staten Island
Ama8nYkJMopYyjgb-CUSYg,-23.299171,-51.162401,BR,Brazil,South America,Londrina
axW9SD2Vn7vcmOzkJ6KREA,41.81978,-88.231851,US,United States,North America,Warrenville
3-8HEj9uvQGnq8c_yCd0EQ,54.7342138,-1.7477038,GB,United Kingdom,Europe,Crook
XeUYBlbKI3Pq_YF7zOZ08A,29.51030135,-98.579893,US,United States,North America,Balcones Heights
PHYZB1P8WHOqWK3pW4pBkQ,36.7387314,138.0856302,JP,Japan,Asia,Nagano-shi
Umox1yhjkvCU1mh4QT_lsw,35.73798946,139.89602407,JP,Japan,Asia,Matsudo
bEqeT4wzzrSSGx5_Mh1hNg,45.127134,-93.0481613,US,United States,North America,Centerville
xGmfYBEFVcaF5lgtHMaznQ,35.266303055556,139.63097138889,JP,Japan,Asia,Yokosuka
DV7J_LVzwtNuZ_l2_ODRXw,55.92525067,-3.0606397,GB,United Kingdom,Europe,Musselburgh
L4DTuIqgbjd8ciLUrFx7sg,34.838156388889,135.85819638889,JP,Japan,Asia,Uji
7oyQWIbkhBj7Y27B5RDN9Q,46.943309320836,7.4080578968924,CH,Switzerland,Europe,Koniz
1tJJPRerMR2FHX1tlBRp_g,37.908251,140.107712,JP,Japan,Asia,Yonezawa
hlDQgR2ZTqXIHrrC7BPYhw,1.302522,103.841742,SG,Singapore,Asia,Singapore
F1d2q65r7BPf1Mjy5yoLMQ,25.0771013,55.2113026,AE,United Arab Emirates,Asia,Dubai
dHsB_hLevLNwLqiHo1r5uQ,35.3118256,139.252403,JP,Japan,Asia,Ninomiya
HAuRqtQDQA14ypVQNCMLlA,38.92311939,-77.03932584,US,United States,North America,"Washington, D.C."
M7GSnwD9A0PHrB92LamRNQ,45.5085747,-73.5610086,CA,Canada,North America,Montreal
a9qArCUisTbHQoxJYK3u_Q,36.02426,140.306383,JP,Japan,Asia,Inashiki
gvzMHjbdGcGkTE4tsxU2lg,41.911096,-87.633518,US,United States,North America,Chicago
Sj-VAnIYiyH_hrplNYwKjA,13.748955633333,100.58611714278,TH,Thailand,Asia,Watthana
l_wdCKSmij19HTsdoixBbw,35.0137931,135.5872101,JP,Japan,Asia,Kameoka
FQu8HnIzucqNGnNnv6r-6A,47.397808,8.533681,CH,Switzerland,Europe,Zuerich (Kreis 6) / Unterstrass
5NMY6TDxEkx8CMo_dm0P7g,46.94673,7.429116,CH,Switzerland,Europe,Bern
QhuUzKSUlRKbBQ2w7fAFnA,50.8573083,4.3232271,BE,Belgium,Europe,Brussels
1X56RIJI8NLVtXJlRRbbgQ,35.0162567,139.0306864,JP,Japan,Asia,Ito
JDZx8z7LXgaWcAwGPRnusA,35.511539,139.486951,JP,Japan,Asia,Machida
TBL5FU9wmY6pwUdmzjhYvg,27.93867832,-82.26489243,US,United States,North America,Brandon
WHGjHrSpb5dZ5Y2PVh4Y5g,55.947336,-3.190445,GB,United Kingdom,Europe,Edinburgh
W-lTBzLUy3JaKbAADDpgXQ,36.151972,140.218603,JP,Japan,Asia,Ishioka
2dNZiSKr5SImVwNDq7-ZcA,33.89497636,-84.56441549,US,United States,North America,Fair Oaks
Mn_n7DKPq4EDcETCSxgnxg,47.3779973,8.5458754,CH,Switzerland,Europe,Zuerich (Kreis 1) / Rathaus
GYsQ-94_jD9fgSCvkPaeOg,-20.8400363,-49.3946781,BR,Brazil,South America,Sao Jose do Rio Preto
4ZbKRtCx6_FF7mW3sJn5hw,59.93069583,10.69330812,NO,Norway,Europe,Sjolyststranda
_AIgyglPDrdRRmG40w-eOw,23.142571533056,-82.358217453333,CU,Cuba,North America,Centro Habana
lLAC8U6t1Z7Nlil-EQ2bDA,52.37222,4.846173,NL,Netherlands,Europe,Amsterdam
J24lOkSYo8YgIV94ZqY8NA,36.699859619141,139.89674377449,JP,Japan,Asia,Ujiie
pPq4mWpQWyaPBu5V5Bz-6g,47.69037912,-122.35525662,US,United States,North America,Shoreline
zsNRI7KHo0zlEK6eYBXzIw,51.339263888889,12.341658333333,DE,Germany,Europe,Leipzig
6pdjvVg41IkkOUiLBw5P8Q,51.509608333333,-0.076513888888889,GB,United Kingdom,Europe,City of London
Je-JcgvsQ1VXcf95iWhdLg,42.367166,-71.077006,US,United States,North America,Boston
YcJNX_7x8gsyc54Ax_ljWw,43.419227,6.771635,FR,France,Europe,Saint-Raphael
HUVknDMtQSJ7WNp2JKIoiQ,36.03188,140.236507,JP,Japan,Asia,Ami
yv35p5AQiOU8eKC-nFeAZA,45.49868412,-73.57671332,CA,Canada,North America,Montreal
VeMq1bmHEmFgrD2Yz1-gHA,47.22379092,39.72136388,RU,Russian Federation,Europe,Rostov-na-Donu
7vYHUFvU1lth4TJIFS3LVA,51.09620361,4.36686263,BE,Belgium,Europe,Boom
-0Q9X3KqBrhdlGzap-YToQ,51.502872222222,-0.11590277777778,GB,United Kingdom,Europe,City of Westminster
berhvwFaA32FFLAL4o9kCw,47.62273026921,-122.35544339738,US,United States,North America,Seattle
3ns3940Fk94nOLyhwEyivw,35.375656,136.657601,JP,Japan,Asia,Ogaki
ZIAC3Lqz5XaC3o4NPYjY3Q,63.430769635824,10.388718545437,NO,Norway,Europe,Trondheim
QR2C0o5SmGr5QW94ROt6PA,50.107416627712,14.490325007909,CZ,Czechia,Europe,Liben
S4skjC9JB0zS9mQtDyB6SA,43.42451,6.763134,FR,France,Europe,Saint-Raphael
J-zyUlQVYCPBvvU3121MSg,45.5608797,11.5662595,IT,Italy,Europe,Vicenza
0kWxfJ2UIjeeVoJP66tMzA,-15.8306714,-48.0913387,BR,Brazil,South America,Brasilia
FClk8ypaKQbRyKttMWflyQ,63.430997577029,10.390415042639,NO,Norway,Europe,Trondheim
a34rzOl2DrHWxFQArWV4Sg,33.945558,-118.351405,US,United States,North America,Lennox
MSPhazh5LzNOvyVueVTUOw,41.3924306,2.14489284,ES,Spain,Europe,Sarria-Sant Gervasi
LYGs9ImGQWYRTFkFOlNkFw,39.785738888889,-86.156127777778,US,United States,North America,Indianapolis
9om5QNVb5xmHqPkMvh5b2g,37.355101388889,-121.97673,US,United States,North America,Santa Clara
PPBOuAQBNrx1FZKfAySZng,-41.29416719,174.78360728,NZ,New Zealand,Oceania,Wellington
3fKxUjVHruZchmRASd80ZQ,29.89755477,-95.5947733,US,United States,North America,Jersey Village
cMr87HgraqmJzEKQMQjmkg,1.319351,103.837222,SG,Singapore,Asia,Singapore
Qb-raNVWeLmeILsiTRSJ3g,60.67205,17.095783333333,SE,Sweden,Europe,Gavle
HmYLchzhYIBW2rBM3axKmw,-25.4523236,-49.2231483,BR,Brazil,South America,Pinhais
iN1xSwJnPBrBmZ3xLpxATA,29.743295,-95.391237,US,United States,North America,Houston
RrZowftxRitGdkgxLGh35A,37.536011388889,-122.28879138889,US,United States,North America,Belmont
YFTA0baFK6Ciz8C-1-FodA,56.98721435,24.19066444,LV,Latvia,Europe,Jaunciems
lW0SmdbOd2Jhcdrm2jeN8g,-6.367846,107.143218,ID,Indonesia,Asia,Cikarang
vAwRRrtYmhzbW2dWDdbYMA,35.6535,139.797792,JP,Japan,Asia,Urayasu
MYH1_zsibT-lU1dad9OSuw,35.011683,137.227404,JP,Japan,Asia,Okazaki
RjLWh81llDrRJNDK1oTmmg,35.123296,138.617829,JP,Japan,Asia,Fuji
7uZjkhhIOrm3w_Bpy2p0DQ,48.8451624,2.2761042,FR,France,Europe,Issy-les-Moulineaux
kohFOjTGdlxHWS-775GlKw,32.73141475,-117.15892686,US,United States,North America,San Diego
0By96OZxMDE8YIkC_bRzmw,33.89516468,-84.46362774,US,United States,North America,Vinings
bEwg9oii1ohkLt5xNRNuBg,10.46725825,-66.9780397,VE,"Venezuela, Bolivarian Republic of",South America,Caricuao
9zXbG7i8rVmIFVR4h3EOXQ,40.756246,-111.888386,US,United States,North America,Salt Lake City
YL413-KI2Mfvh-MYwXufNQ,48.262987,16.435658,AT,Austria,Europe,Gerasdorf bei Wien
wbUwNW-WS7CLgu3hPFDpXg,6.2531394,-75.588364,CO,Colombia,South America,Medellin
ocSA5gFMvm3S2HmIkgjGdA,36.17531,140.245987,JP,Japan,Asia,Ishioka
h6Ex1VuuTTDTDSOk1xqeXw,37.820951388889,-122.24936305556,US,United States,North America,Piedmont
XMMZ7z83tiO3XhI3NIeo_g,51.4640879,7.0672659,DE,Germany,Europe,Essen
tFyd_LX0lzZ0k87rYudICA,47.4650931,-122.2877384,US,United States,North America,SeaTac
3RLe6ePdw4OofgGLOfGYwQ,34.827719,138.120275,JP,Japan,Asia,Kanaya
t5OzrzvKJnfV-cg4S1YmRg,39.245085,-76.647983,US,United States,North America,Lansdowne
6GUAERFMBVRkZemflD24FQ,47.509007714689,19.075668007135,HU,Hungary,Europe,Budapest VII. keruelet
kVGwni_5M0varMH9aSVa-Q,51.514729,-0.060992,GB,United Kingdom,Europe,Bethnal Green
tqCf7fiB7pgbnLci04PhHg,33.531168055556,-111.93822305556,US,United States,North America,Paradise Valley
OUFppEXN1xmFwT8APIfUnQ,41.44146561,2.21837579,ES,Spain,Europe,Llefia
U4mBEuqtEQ1EKB5RHfWNhQ,27.92248464,-82.28566515,US,United States,North America,Brandon
Lh9Ggy7c6q6LzNBj2Z_SCg,43.767496,142.323451,JP,Japan,Asia,Asahikawa
Y6bThUPCRQmvKEm_BabgwQ,35.170997958889,138.36039118333,JP,Japan,Asia,Shizuoka-shi
rGgP2r-XX4UWPEdAs21hVg,52.01161405,4.37624117,NL,Netherlands,Europe,Delft
ZqSUb0d_U2Kvqyd0vPe3wA,35.657002777778,139.65560833333,JP,Japan,Asia,Tokyo
FOpTKxPRPvGLK236OdqQAg,-34.839894,138.52779022,AU,Australia,Oceania,Alberton
RoX-oTk-FMkL5dacG9JrPQ,45.47494232,12.25210007,IT,Italy,Europe,Mestre
iktd_VlvZplCpB4lrezx8Q,59.3362395,18.0547405,SE,Sweden,Europe,Stockholm
RSLwESA9djN4B5YFKCr8RQ,-41.28215665,174.76180629,NZ,New Zealand,Oceania,Kelburn
4eBz4z6YAV4rBMr1owju3A,36.979507,139.793532,JP,Japan,Asia,Yaita
e64vMGE_O5_Ai422gYso4Q,53.332971087657,-6.2434128765017,IE,Ireland,Europe,Dublin
VEViK1gbOCf71Kj2YvdF2w,41.917741,12.484238,VA,Holy See (Vatican City State),Europe,Vatican City
k8OpJzbKLMu_VpMO2piAow,50.448286111111,30.520222222222,UA,Ukraine,Europe,Kiev
K6x4FjWjvIXU7B_06KCAIQ,37.670816388889,-122.10842472222,US,United States,North America,Cherryland
oJBcJd7MFH1h23TUskrjIA,43.087898,141.326708,JP,Japan,Asia,Sapporo
nJTtr1mS71yqOydrI11hCA,-34.90755166,138.59532329,AU,Australia,Oceania,North Adelaide
6IUw7cY-YON4wRgSfjY77w,36.665194,139.832689,JP,Japan,Asia,Utsunomiya-shi
PbGHbyH3KRXysBc-iYjoyw,19.399106,-99.172969,MX,Mexico,North America,Benito Juarez
M7m5_2I-YJmx06ZWVV04XQ,55.74487267,37.62574881,RU,Russian Federation,Europe,Moscow
5U--XSSd0taAmhCpSYaMPg,-12.98886157,-38.50787397,BR,Brazil,South America,Salvador
UEsaGDkte5mrb47VRL02Hw,1.322938,103.872975,SG,Singapore,Asia,Singapore
GMQeqxVU5HeBcXaKYFGeJQ,52.09856609,5.12904531,NL,Netherlands,Europe,Utrecht
voSDaQo9olAWFgzzTtu6Pw,-34.85577879,138.56512122,AU,Australia,Oceania,Woodville North
4qt-NFSSchuE6tJw5juVSQ,48.205284,16.398293,AT,Austria,Europe,Vienna
fFQ713P_P091RkZEp10dHw,35.666598,139.770823,JP,Japan,Asia,Tokyo
3hepwiMnt7QQoLr-JfUn2A,-43.539494643134,172.63668172414,NZ,New Zealand,Oceania,Christchurch
JBYVeAnbeUxdyjHqcpkpdA,34.093781388889,130.89600472222,JP,Japan,Asia,Shimonoseki
sqnHdaq12v6uEq8-AnvFug,52.525334,13.419075,DE,Germany,Europe,Berlin
FwmC002BMdpihYxuu2dNWg,8.97577806,-79.52186643,PA,Panama,North America,Panama
3uY00spjCX2PmSeS3JK4Fg,-37.811888888889,144.9485,AU,Australia,Oceania,West Melbourne
7g1whuCLP5WBx2xJgUvQ0A,12.97630199,77.58674926,IN,India,Asia,Bangalore
5LRe9RUcFizhbTcuvAbQBg,-12.047517,-77.041085,PE,Peru,South America,Lima
TESkRQNP4PL2svpfXVrDbg,39.70731002,116.39796266,CN,China,Asia,Yinghai
aAOfXd3-9dNA3e0_Nqhvzg,24.784316,120.955755,TW,"Taiwan, Province of China",Asia,Hsinchu
ckUCDxTMn6tbvrGSqKkm4A,41.920639,-87.703608,US,United States,North America,Lincolnwood
4fZwhBNwAnbmVsmLi3d_2w,43.018386,141.34645,JP,Japan,Asia,Sapporo
3pyaa2SLKTC47lFIRGmPlg,27.161314,-80.283718,US,United States,North America,Palm City
jNBW0o4hRb9hwtvN8iHxcg,33.95156204,-84.52087796,US,United States,North America,Marietta
QhV2hbo-acaeQo1OcFdXKA,43.41695245,-79.73263118,CA,Canada,North America,Oakville
ZfEFc2_ua9wpYU2JkZqmAw,56.940962,24.137444,LV,Latvia,Europe,Riga
nn80sLDDCnI7lZeh6MemcQ,41.85285,-87.63876,US,United States,North America,Chicago
4hrNsihJVJlQ8EwvbWdjhw,50.09979161,14.42204578,CZ,Czechia,Europe,Prague
rxYQAdW2vN26RJUZmXxBfw,42.355026,-83.068763,US,United States,North America,Detroit
3FQqX7wPSghdZVX6KYZDOw,35.163256,138.929955,JP,Japan,Asia,Mishima
knS8I4MGxhn6Yf4aidd69g,34.049361,-118.249453,US,United States,North America,Los Angeles
1vsiFo2E6GVN7vQJl-kP-A,43.6466753,-79.4021178,CA,Canada,North America,Toronto
nujWejizsxt5YWl734mGlg,45.35593779,11.82232261,IT,Italy,Europe,Mandriola-Sant'Agostino
GJ8pCY3WUmUKhOqwcnbBMA,59.330182327037,18.062468916178,SE,Sweden,Europe,Stockholm
QyTsI_0svW8T_YaSz7psvA,10.39661526,-66.89076422,VE,"Venezuela, Bolivarian Republic of",South America,Baruta
vQ9pEKhSeBw6rpr8pARjRA,34.9627386,135.7266365,JP,Japan,Asia,Muko
VT8wfLRXqNITw7v6aBSQ6w,54.596729,-5.921386,GB,United Kingdom,Europe,Belfast
Hz6rAoDW16ALgpKD6DnxeA,53.46568514,-2.26700661,GB,United Kingdom,Europe,Hulme
ryI2EosK2q2fwEgAnT9Kyw,41.88782679,12.48091777,IT,Italy,Europe,Rome
lQxfeBw0HXTqTYEOIj4XFg,48.79523328,-122.48554088,US,United States,North America,Bellingham
gl7gRVNx4keQTrwTXtQNkA,48.836291111999,2.2379512172574,FR,France,Europe,Boulogne-Billancourt
-OW9ycbAVx3NHh1Emb8XxA,51.4416801,7.0011641,DE,Germany,Europe,Essen
2RaBQl9vrWPvZ67FPpwmpw,35.809099,137.24258,JP,Japan,Asia,Gujo
V-D3r4L8DJDsJ1p8jtmLnA,19.3944066,-99.1813183,MX,Mexico,North America,Colonia del Valle
fXuZkGMtqDUwfW5HcnqWgw,40.543012,-3.459176,ES,Spain,Europe,Daganzo de Arriba
xi_NSvV2LzvzddRBMVQnpg,-25.44148198,-49.27113706,BR,Brazil,South America,Curitiba
yFv_pigRbzCCqMh5KPLm5Q,41.395231476207,2.1751029587361,ES,Spain,Europe,Eixample
SJ1E2_S8XMOO7akbrV5Z7Q,27.92366951,-82.26100305,US,United States,North America,Valrico
z4uGHfnbUyerdrMQ33SXMw,41.40462311,2.12912178,ES,Spain,Europe,Sarria-Sant Gervasi
IjDd7A4B0q_FeqvA2BtMxw,35.589704,139.569199,JP,Japan,Asia,Chofugaoka
vYNh7h2LEyFmtQ8ViTeiDw,50.4489522,30.5137921,UA,Ukraine,Europe,Kiev
qKHcg5S1hiw-xdW5esEGGg,30.414855,-97.763314,US,United States,North America,Jollyville
2w53hOPKQQ21vHeKNsZBlw,35.023012,138.470797,JP,Japan,Asia,Shizuoka-shi
OUExzjpMgMxzMcaPFlrpig,46.956563,7.4242360000001,CH,Switzerland,Europe,Bern
5t6YFV2GNAWQwB6spcgWCg,30.41404333,-87.2185713,US,United States,North America,Pensacola
2zvLDLPqBLiVzc6sPnTbtg,38.902885252134,-77.038520405111,US,United States,North America,"Washington, D.C."
oshSK6ojCSMdbwzH4ewfvw,37.752146388889,-122.47527472222,US,United States,North America,Daly City
7T8oMowBrxtLZm9iYzFpJw,43.689533,7.241224,FR,France,Europe,Nice
J9c20lHPTrZrFy0UR2XVJw,52.25287,5.263362,NL,Netherlands,Europe,Blaricum
AZJHdAHIovz_dfI29cg-gA,38.92303462,-77.04143187,US,United States,North America,"Washington, D.C."
s1w-eeCTM_94a_sgioLKXg,35.54444616,139.63818422,JP,Japan,Asia,Kawasaki
s1IUz2zskvuT5SpkmZBf4Q,55.75711466,37.61437124,RU,Russian Federation,Europe,Moscow
VrwoiV6KfW9nQf3TLqWmjA,45.81553062,15.88708593,HR,Croatia,Europe,Stenjevec
z1a7EeqG8j6VlNd6dWH7IQ,-37.8255705,144.9311085,AU,Australia,Oceania,Port Melbourne
-BXtaV58FRkenRKZro21cQ,35.408514,139.299335,JP,Japan,Asia,Isehara
k0Ey_K2TwNo5cSOFY_aXrw,51.501871,-0.166487,GB,United Kingdom,Europe,Chelsea
xQwyTzWooezUqqSHnbVR1w,40.497895,-3.656835,ES,Spain,Europe,Las Tablas
BDImg9xidqHRJ4xqY9p8Kg,47.46781501919,19.017434231937,HU,Hungary,Europe,Budapest XI. keruelet
R0lOnK2-A1z_9pIM9tEamQ,47.11480331,-2.10276839,FR,France,Europe,Pornic
yLBf1L9E2QxQ-stON4qbtg,48.37119757,-122.21302483,US,United States,North America,Big Lake
XmIuaRW85XMhdqEKzSwSDQ,38.91405806,-77.04856932,US,United States,North America,"Washington, D.C."
dEWckCmbiob_yhboiKEcRg,11.93259115,-85.95481574,NI,Nicaragua,North America,Granada
mghFHlCSZ-tKnB441JoFQA,55.931424,12.498958,DK,Denmark,Europe,Niva
scfw61-J4Gio-ZLfAVKmZw,38.909005410833,-77.029809336944,US,United States,North America,"Washington, D.C."
CxCr8tD9HTqYdSdDpON53w,50.886023558187,4.463876905318,BE,Belgium,Europe,Zaventem
NzRhQHOaw8YUwErYDetdOA,33.8939709,-84.3284366,US,United States,North America,Chamblee
T-tA2437zLPv_W1XAMBvig,12.96308841,77.67127419,IN,India,Asia,Bangalore
EnaVzviU4vR_CIDqcaUafg,37.468733,140.962258,JP,Japan,Asia,Namie
x8OGcImP37yyNsrobrw3gw,51.49027,-0.132704,GB,United Kingdom,Europe,City of Westminster
Mn_JaXwHBmChZvAHpk3mZg,30.4605156,-87.3006691,US,United States,North America,Bellview
U7QcaW24et2PsEclfzlm-g,34.926713,137.514472,JP,Japan,Asia,Shinshiro
NaKt0g5D24MhPRYtMHJ75g,44.975536111111,-93.278516666667,US,United States,North America,Minneapolis
8CvaYyTKsEQ6lI8DysjvyQ,38.899668055556,-77.05124,US,United States,North America,"Washington, D.C."
Ciktw3i-ar5zee06SKJElQ,-33.865226,151.212599,AU,Australia,Oceania,Sydney
iq3vy0x8QvuMxqwk5zEEZw,22.273215,114.159693,HK,Hong Kong,Asia,Central
SRj5LBhhk63novZHUtz1ug,40.6191059,-74.0698357,US,United States,North America,Bayonne
t5ckMR7xRW1zb5QxZb5Zgw,-23.55781,-46.681933,BR,Brazil,South America,Sao Paulo
-v7b_dUz4S1Kjo85hUAdUw,34.735112,137.937996,JP,Japan,Asia,Fukuroi
qJJQOOwqsM1oY6j7c7X3Zw,18.745453333333,98.979615,TH,Thailand,Asia,Chiang Mai
1X4NOCy8KNSWlXPqQ1b08A,-12.047332,-77.041353,PE,Peru,South America,Lima
1dBzFU9v8VV-ZH3fjSZDEA,48.828034,2.246734,FR,France,Europe,Boulogne-Billancourt
nrgLEGsyaQ3uPw3FbLUYSQ,35.13781,138.66176,JP,Japan,Asia,Fuji
_cgDmqznSCPgwtJUQ6-byg,48.820605,2.237206,FR,France,Europe,Meudon
b0hrW0FmR-0D-kHHYrmT8g,56.659276,23.706768,LV,Latvia,Europe,Jelgava
KqOqSvcNapHkfVUU3sGLgQ,-43.53347577,172.59427698,NZ,New Zealand,Oceania,Christchurch
6lz9dGRNvEz8ih5A7qRUeQ,-33.855727777778,151.16145555556,AU,Australia,Oceania,Drummoyne
Isj14YH_i-78Ae5sMW4r6Q,46.947283,7.4218109999999,CH,Switzerland,Europe,Koniz
JiVWxmh7LcrwkkoYIPyYgw,35.657225,139.803386,JP,Japan,Asia,Urayasu
4La28UVXDubTzitzAOpXsA,43.6547379,-79.40093605,CA,Canada,North America,Toronto
eVbrQidtkeWugNivc2QEQA,47.6972178,-122.3712589,US,United States,North America,Shoreline
KfJR-fU5S9puDpxHGMUo1A,9.93286869,-84.06834706,CR,Costa Rica,North America,San Jose
UBMrIf7w5erQtiu4bcQ6eA,29.42300914,-98.48330867,US,United States,North America,San Antonio
5JfTD__NTBKkTWS6nHXYfg,43.64566086,-79.37188604,CA,Canada,North America,Toronto
6x2rKAIi42pIXowhKP20Xw,55.73935778,37.62435305,RU,Russian Federation,Europe,Zamoskvorech'ye
DULuJZq4i7MXIPfpw2xM3Q,29.610221,-98.468592,US,United States,North America,Hollywood Park
Z9elh39zYZ5y1g88MOTxmw,50.09748939,14.54854333,CZ,Czechia,Europe,Hostavice
4ChKY7fNv5ulu5BNoxQAdA,43.656127777778,-79.385161111111,CA,Canada,North America,Toronto
R7ASluMr-av2z3q6HFSUHw,8.99262923,-79.52037513,PA,Panama,North America,Panama
icp37veDLnSf9Rf-nUZ7xw,43.219322,140.947831,JP,Japan,Asia,Otaru
8mIgH5n0b3W_MjCluuoTfw,51.463628,7.063705,DE,Germany,Europe,Essen
HfTPafzX4appQqtacnH6RA,41.853695,-87.638447,US,United States,North America,Chicago
9koWowHG3VTWu5isKdFFCA,59.3621223,17.9988838,SE,Sweden,Europe,Solna
T_y-bQ4QlZdj-eb8X7MQBw,51.314783333333,12.388855555556,DE,Germany,Europe,Leipzig
zZMRu0NXEQudNpiV_O43vQ,53.3482913,-6.2747201,IE,Ireland,Europe,Rialto
Bs-WiVP4BUczMoTe8JI2Xw,39.319951,-76.601022,US,United States,North America,Baltimore
QK4rJs0-7HyBiaajOYSSZw,6.2443658,-75.5666924,CO,Colombia,South America,Medellin
j2jvTIJhp98QIi3hTa5fHg,47.9120453,-122.1005803,US,United States,North America,Snohomish
MHiiwv5Hkv7F5WZm3Emzbg,45.702964905649,11.484825471416,IT,Italy,Europe,Thiene
wFRDU5kgp0cwNGQAG2FljQ,-27.43294313,153.04306503,AU,Australia,Oceania,Wooloowin
2oUobrupvVMXmtrJEhIkrA,48.820499,2.237823,FR,France,Europe,Meudon
BtQ7gZ9hgwFtQ8B44nqDdQ,45.54709229,11.55383328,IT,Italy,Europe,Vicenza
BfaNUUxz3Ey8j5H3XoFwXA,-6.803382,39.2466284,TZ,"Tanzania, United Republic of",Africa,Magomeni
O9Sr-AQvlKgHnVqUivVwwg,59.79812029,10.23165155,NO,Norway,Europe,Lierbyen
8DOzUVzqycHQgRGk0c0tgw,43.979842,-103.295987,US,United States,North America,Colonial Pine Hills
qWgKDCGCBJioa3oAbH-Q2A,50.8754712,4.7306082,BE,Belgium,Europe,Leuven
gKURZEogcC_UTI--qK4vhA,35.083913,138.856778,JP,Japan,Asia,Numazu
cXvPqpeYp4FQsuE9vixGoA,32.7126558,-117.15319025,US,United States,North America,San Diego
suLpIUWxkOy3gPM6vPrx7w,42.078394,-88.077776,US,United States,North America,Hoffman Estates
OR4CbZ3RuHt-W275q2sJNA,45.79926692,15.91030966,HR,Croatia,Europe,Jankomir
4vWFrAMz2Qn3U_6OKB-CgA,36.190094,-115.134134,US,United States,North America,Las Vegas
cIqb6rXyRa9mIEW7D2Yy1w,40.852657,-111.910254,US,United States,North America,North Salt Lake
-rBa2Lx5doyvnFZgPvsLEg,48.183729,16.398333,AT,Austria,Europe,Vienna
vDHnVCGmF_jD7xgFH-905A,18.634396666667,99.051056666667,TH,Thailand,Asia,Ban Thi
UQz1kqmIt5AhOIFBRlMwag,13.625964783056,100.66846573722,TH,Thailand,Asia,Bang Na
qDe0Mss6r8_hNot-8tXPlg,35.137966,136.089387,JP,Japan,Asia,Omihachiman
SvGXw9uSmhU998aNsj43yw,37.708511,140.447352,JP,Japan,Asia,Fukushima-shi
LW2-tlNcZFzL45lGsYiIdw,39.944291,139.704735,JP,Japan,Asia,Tenno
4XNyiO49GE1W6chmXeP3ig,44.981291666667,-93.270575,US,United States,North America,Minneapolis
lE58HMhWRW7KD7JEKw0SFQ,47.488202863208,19.080494863472,HU,Hungary,Europe,Budapest VIII. keruelet
602D9N9DybpcxLtG9_m33g,41.968929,-87.671778,US,United States,North America,Lincolnwood
jJSW1v13_ewZiXZmy1jhpA,35.175172,138.924687,JP,Japan,Asia,Mishima
qfeQMSqObPQyHlgX2wBK6A,27.9349462,-82.2938467,US,United States,North America,Brandon
xXpwsbuYSmRwfdJ0rr1Liw,47.2276263,39.7196042,RU,Russian Federation,Europe,Rostov-na-Donu
1RQ_LAUW64X_iLHPBXOR2A,3.110185,101.652822,MY,Malaysia,Asia,Kuala Lumpur
CUjh2dzv60DsRWGVNGbPhQ,-37.811394362803,144.96141525369,AU,Australia,Oceania,Melbourne
AZIL6FY41M1BPSA_qBUzAg,50.0796108616,14.447640070113,CZ,Czechia,Europe,Karlin
obESbWGoN-UG_SiAB4BEaA,36.269313,140.303668,JP,Japan,Asia,Tomobe
3s28sAnr1WZdCOIYJszxag,56.056554866036,12.873488992,SE,Sweden,Europe,Morarp
NLyXTiBF4PtGSRJTYbwytw,34.742800622514,138.07611590497,JP,Japan,Asia,Kakegawa
zgCQBJRYNJAOh5rccLEJCw,39.32855,-76.609961,US,United States,North America,Baltimore
rAcLfdJQuWbndGaIt2P36w,37.533113055556,-122.24914638889,US,United States,North America,Redwood Shores
5xxMoLHbXm2s51bVVPuY3w,43.658732,7.163161,FR,France,Europe,Cagnes-sur-Mer
Zg-E_98qS7bqdsHqk9dcRA,4.309547,101.153609,MY,Malaysia,Asia,Kampar
GiwWuQKUYVpMSMg_-FN1jQ,37.787021,-122.421736,US,United States,North America,San Francisco
xyGoIZeSx4NWesLcEnFqTA,50.8101096,4.3892496,BE,Belgium,Europe,Brussels
Hb4MFCY0ub7hOrnnpzbIdw,-34.89412553,-56.16251513,UY,Uruguay,South America,Montevideo
aLLtCua8Ny5lKJlFMjiTrg,50.647103,-120.359793,CA,Canada,North America,Kamloops
20keVUrq7c8Lx0LiNpbPmg,-34.89934046,138.5516807,AU,Australia,Oceania,Allenby Gardens
6zn9F6TQy2c_kEuvTIzJjg,55.670801,12.59353,DK,Denmark,Europe,Christianshavn
PpEG5issQgfR_3fl-u3Bww,22.28921,114.140423,HK,Hong Kong,Asia,Hong Kong
2wDFHUSUHHGdCt7x6fOZVg,-34.87576258,138.55241213,AU,Australia,Oceania,Woodville
A9LUMqUG9ftDeM1AWDDt6w,37.36295841,-5.96131478,ES,Spain,Europe,Sevilla
ILDq33iDEMCcz6pmcdiilw,50.101197,14.428037,CZ,Czechia,Europe,Prague
9Z5SIbdxdcvIpeQ7L0P0BA,-15.7891787,-47.9107649,BR,Brazil,South America,Brasilia
EtobqglMr0IjgYL1zdS3oQ,29.609279,-98.468819,US,United States,North America,Hollywood Park
QRp_wP3porNWpRz2WseFBA,40.41900052,-79.92683789,US,United States,North America,Homestead
4OxhA2ih487NT38v5rtpPA,59.33582055,18.06670535,SE,Sweden,Europe,Stockholm
eEjbK6m2pQMzz6N58E-5NA,-27.495213,153.037491,AU,Australia,Oceania,Woolloongabba
IjWFvmtm-ChXRBwGykGKFA,33.9596137,-84.53690723,US,United States,North America,Marietta
g9WESsWLq6Mkq8Vnn4MUDA,52.25266,4.902922,NL,Netherlands,Europe,Ouderkerk aan de Amstel
lCt2-bwtJIUnJm0enrNUAw,-33.90760294,151.18682769,AU,Australia,Oceania,Newtown
4atLGsbJCV4uMq_otBbO3Q,43.63784832,-79.38335241,CA,Canada,North America,Toronto
vn3Imnnl2AwZgQqWOLXxLg,35.441773,139.658942,JP,Japan,Asia,Yokohama
Up-8wmTvTJrd0hg-IZ3tTw,33.6103768,-112.2199538,US,United States,North America,Peoria
RzX3NCZ4UZMGn2TLIGmN4A,52.5393372,13.3999019,DE,Germany,Europe,Gesundbrunnen
_0ZLZEpBrN8d2YGqPYQSlA,43.299313,5.371544,FR,France,Europe,Marseille 02
tius7tAUbW6iy5Oq1FlPSQ,47.615795,-122.328958,US,United States,North America,Seattle
99fO0i19JccmP5EYJzDcWA,48.868511,2.362928,FR,France,Europe,Paris
9qgveKckbJUguIAOwBOcLg,-23.569768,-46.6498,BR,Brazil,South America,Sao Paulo
YPp0XYBQvsDKKukpGZ7psA,50.894313012507,4.4425385251233,BE,Belgium,Europe,Diegem
NGF7eu-MgDRgqlK--K_pWw,35.870188,139.974882,JP,Japan,Asia,Kashiwa
rcwrGs3OTinqod7_n0CImw,33.90093187,-84.47771487,US,United States,North America,Vinings
hJVWze__3BXbiG-EMLwLGg,52.055236111111,1.1374555555556,GB,United Kingdom,Europe,Ipswich
x1QEX4fte3Q_Y5s7ny1eWw,46.40542319,0.71516545,FR,France,Europe,Lussac-les-Chateaux
3MdcI62dlBOGKcqoYbMMBA,43.562011111111,-79.605855555556,CA,Canada,North America,Mississauga
dUX1UW6yTeh2AWQMLDPs2g,52.35607,4.949939,NL,Netherlands,Europe,Diemen
a7pbHUIlVxpe7BhB1mqqHg,22.283207,114.182452,HK,Hong Kong,Asia,Wan Chai
hiNXRkBngiKgEL92_U3-8Q,50.09244834,14.38714332,CZ,Czechia,Europe,Mala Strana
EE9qEGmUqmKXznmVQGol5g,30.0855823,-82.6372393,US,United States,North America,Lake City
eMX_ad_CjcAp9wiTsbDOuQ,47.642354,-122.201596,US,United States,North America,Yarrow Point
suvT7F6-qTh88wPAU3eGBg,34.730786,135.734792,JP,Japan,Asia,Ikoma
o_vXqPmBz1QK4C9W6hGT0Q,52.180579849519,0.11650384403765,GB,United Kingdom,Europe,Cambridge
ebdMNncLCzGfXFNpOhrtfw,47.913223,1.909664,FR,France,Europe,Orleans
9NAVoDrHYBz_jnjgh9lgxw,-43.51228958789,172.62194981895,NZ,New Zealand,Oceania,Christchurch
pjBCApH9dBvZOIBAw5fEZw,-37.804391666667,144.99693055556,AU,Australia,Oceania,Abbotsford
tk5uvM9Q_eGSmApqfPcwlA,-12.073331,-77.035259,PE,Peru,South America,Lima
6iawu7zHqRzZYX05KCbwWw,36.904787,140.4604,JP,Japan,Asia,Daigo
qNpOJMYAvl9oozXX6ey2RA,51.334027777778,12.392630555556,DE,Germany,Europe,Leipzig
SM3bcirM1i0Pb6pjsa8_8w,42.379372,-71.069095,US,United States,North America,Boston
O8aHGBfuC-HPZ27F6BUE8w,-41.299014,174.779312,NZ,New Zealand,Oceania,Wellington
9kMVDIlK7R_nhO7gGLzCfQ,52.09317401,5.12283435,NL,Netherlands,Europe,Utrecht
aUs4p4bzgkFIt0G5Lijg9Q,51.96851127,4.45529919,NL,Netherlands,Europe,Berkel en Rodenrijs
HFby-czTjiQ1dIMYwRPRZA,30.398525,-97.73976,US,United States,North America,Jollyville
A8OHmheFqoS9zXpqWve0OQ,64.10105632,-21.87597246,IS,Iceland,Europe,Kopavogur
pj1GP4g9YmeuLufkKW1y4w,40.8594793,-73.8725848,US,United States,North America,The Bronx
EkgGJWComWScAEkRTqI-mg,-27.447108,152.984231,AU,Australia,Oceania,Milton
KxclLjoUFb0V3NnOL28lMw,29.635204,-98.457592,US,United States,North America,Hollywood Park
GwY67TuWo7YQ2F3op_6NIA,48.850806,2.367241,FR,France,Europe,Paris
KXNwsRbPXFxGmKkTLf6xEA,49.133633030602,-122.8451387678,CA,Canada,North America,Surrey
qcfMVSrhekHDykxG-nAijA,44.486297222222,-93.414480555556,US,United States,North America,Lonsdale
Kd2XgTRnaesGVgLt6y-jJA,32.71047,-117.160476,US,United States,North America,San Diego
vEiPvL-qBM30x7I1wjjAYw,33.610942,-112.1328179,US,United States,North America,Glendale
yXezEg1MGouB3argcXJe6Q,52.519689,13.398224,DE,Germany,Europe,Mitte
ayQhGoysVTG7X8OJZ4EzhA,-12.0735871,-77.0359761,PE,Peru,South America,Lima
VPR46x5dX9sUmUudzt0adA,41.889069,-87.649687,US,United States,North America,Chicago
hFbNDsDb2Fb0-oteUKbAuA,35.9412733,139.69180697,JP,Japan,Asia,Iwatsuki
C0Hpns4nnxcOwLPBZ0QFZA,44.427336,26.092954,RO,Romania,Europe,Bucuresti
eEx6QEGme5OkX82B0HupKg,19.425887,-99.19139,MX,Mexico,North America,Polanco
i18_s11ve5BH9PkGEDesyg,52.28664486,4.92927718,NL,Netherlands,Europe,Ouderkerk aan de Amstel
Aaw3h58QajIYPatuNDRHFw,52.391036111111,13.082725,DE,Germany,Europe,Potsdam
Gu_L-Ra_RTogeg1lr42ftA,47.504988173023,19.046774832532,HU,Hungary,Europe,Budapest
C1IWWNmolQLpgzXDkDl3yw,51.4493632,7.018054,DE,Germany,Europe,Essen
gWSHdULrDU5XGNu5rplZOA,47.67759348,-122.20301781,US,United States,North America,Kirkland
JSCTB43EcE3jcrH2kZk8eA,38.89498413,-77.07107176,US,United States,North America,"Washington, D.C."
qLTx8LtvgwWZp7vKQpHrDg,36.158342,140.227163,JP,Japan,Asia,Ishioka
5MPryyYx3zBgf1dCH-UQLg,60.2083947,24.9074518,FI,Finland,Europe,Helsinki
IY3sePb_OYw7DjyNF38-_Q,35.166239,138.591179,JP,Japan,Asia,Fujinomiya
omvtGHuMtYcashVhD_EoUw,35.10541,138.858359,JP,Japan,Asia,Numazu
CNe8aGc64gXQJSIXkHChgA,38.90271503,-77.0559346,US,United States,North America,"Washington, D.C."
aQr3-kuFHT-cSyyKAnUY8g,40.733948055556,-74.386946388889,US,United States,North America,Chatham
ye_b1BsPWMnmkA_yPJku0Q,41.86225367,12.48712307,IT,Italy,Europe,Rome
52Oz_LGAb1gZdTu1iqV4RA,45.40349157,-75.71131147,CA,Canada,North America,Ottawa
4agwnwdppqfZTQmreVz5pw,-33.883844656531,150.92373818744,AU,Australia,Oceania,Cabramatta West
nPGYAtsy7MQOgTFU2zJiVg,53.32951909,-6.24869703,IE,Ireland,Europe,Dublin
aP3_AkAfBl6rxh7GiAMylw,-33.893406,151.224995,AU,Australia,Oceania,Paddington
-r5axddH7Eh1QD4pu8J3fg,-38.538549640216,143.97531811148,AU,Australia,Oceania,Anglesea
AioRQJAs2G_C0W5FKoCE7A,50.88116961,4.69057518,BE,Belgium,Europe,Leuven
umnDk_VUjSMRbyPBk_Moig,40.48705639,-3.65478297,ES,Spain,Europe,Pinar de Chamartin
raWBDminnumemDeysZZdcA,34.989250235278,138.41591602583,JP,Japan,Asia,Shizuoka-shi
L9J2XWzq8igSP1yIcNr2ow,41.45002926,2.22959946,ES,Spain,Europe,Llefia
1j4Juh1YSOaMVHD_ddThFg,48.20309755,16.36185332,AT,Austria,Europe,Vienna
mb8EEI9-aQp-dL87Q34n1g,33.95335131,-84.52173453,US,United States,North America,Marietta
Y8-T7xJpeuziQb0sYGtAwA,37.658549722222,-122.41317138889,US,United States,North America,South San Francisco
DThbLpyvFb9M47kw0zBRPQ,-0.21319833333333,-78.441548333333,EC,Ecuador,South America,Quito
XFR7-5h4NjQXiAhB-LC8qQ,35.040152597541,138.48602873276,JP,Japan,Asia,Shizuoka-shi
MqdrFrJtWe4jyM8R7cO69w,48.833888,2.244244,FR,France,Europe,Boulogne-Billancourt
9THaZqeLduwjAVEdfosopw,40.691035,-74.401908055556,US,United States,North America,New Providence
vntdSvA8q3J8bB0Y63yofQ,36.02406,140.332603,JP,Japan,Asia,Inashiki
RKxao9aryeliuUQjQWPj5g,-43.56441,172.608924,NZ,New Zealand,Oceania,Christchurch
-koJxu16wZChFAi7BvOxQw,56.449219,9.3839015,DK,Denmark,Europe,Viborg
E76gv-a9WHHJbzHHGAY9hQ,-33.436683,-70.62552,CL,Chile,South America,Santiago
rbIOQ1Nyni72_ldiTLtVZw,45.648420353165,11.779684267199,IT,Italy,Europe,Cittadella
uMXjuczQq_3UZLAjuJIoaA,42.998054,141.347509,JP,Japan,Asia,Sapporo
UmR2kH02Mxnh5wpNNctV5Q,39.958625,-75.166747,US,United States,North America,Philadelphia
EjJ6_ER5s3WOak_vOiQBEw,59.941530555556,30.3356,RU,Russian Federation,Europe,Saint Petersburg
8J2xr9fQz0msWxBj7SCEIQ,1.306882,103.818508,SG,Singapore,Asia,Singapore
j5H_3UL63lwGBV9-9aAEzQ,36.41861,140.425957,JP,Japan,Asia,Mito-shi
5fjcULYwidsB0b4lm_zb6g,35.662672,139.762149,JP,Japan,Asia,Tokyo
lakUKlAyVrbwhCGCbaaepQ,23.125957,-82.333103,CU,Cuba,North America,Regla
wnVvvrMdgKGnR2wchbFeQw,40.381802609167,49.875770844167,AZ,Azerbaijan,Asia,Baku
OF2dkzPmrw46hclIx55Z9A,-27.453673894013,153.04159065013,AU,Australia,Oceania,Fortitude Valley
6Ef1tJEoB9cZdUEKrED9wA,43.653142,-79.363585,CA,Canada,North America,Toronto
E8ijcTzmfp06sBNehG1ZAw,50.8879131,4.707124,BE,Belgium,Europe,Leuven
ELb_HkzttrpBz5FKhptnhQ,34.912637,137.51123,JP,Japan,Asia,Shinshiro
wx2YKBbkDFOEzI4UE7erZQ,35.658438,139.708854,JP,Japan,Asia,Tokyo
ynJMzcsYB5vgBgL4bUAY0w,39.312063,-76.59038,US,United States,North America,Baltimore
kIx9jJyJkFB37sL4lkDowA,48.21716871,16.39328974,AT,Austria,Europe,Vienna
Vti6y41qkzdNjifwgWLiGw,45.009034,13.838267,HR,Croatia,Europe,Vodnjan
LqV8CCR37LFKY9dALUDm6Q,59.93061475,10.7556069,NO,Norway,Europe,Oslo
Lq62fAyZA1qrMmOXTyQPZA,46.98825,7.45577,CH,Switzerland,Europe,Zollikofen
LW0HoJe0cs9_F6SJ1umNjA,51.343322222222,12.383705555556,DE,Germany,Europe,Leipzig
IhlL6-KgRDi8TMsiTfvZKQ,38.901486,-77.050288,US,United States,North America,"Washington, D.C."
JSd4HS6BBI8eTccfFpGPHw,49.811379,23.990414,UA,Ukraine,Europe,L'viv
38jtMsr4GW3DCAhB55EUTg,45.425925738889,-75.687765721111,CA,Canada,North America,Ottawa
uToxgT7FNV6VlbEwtObQjg,-37.820563888889,144.9526,AU,Australia,Oceania,Docklands
jGvChZD-i2u1K2jWTj6whQ,47.507817,19.028235,HU,Hungary,Europe,Budapest II. keruelet
XJq3xx7oiSFmu5445wdVBw,51.352952777778,12.264036111111,DE,Germany,Europe,Schkeuditz
fsqdwqxNS2RSJV_eFDNK7g,56.457504,-2.992736,GB,United Kingdom,Europe,Dundee
PCqAz03pSAXV83ArSuW7OA,43.584077777778,-79.596541666667,CA,Canada,North America,Mississauga
l2a6Hj9yZNUOK7WhnYmy8w,42.355399,-71.072974,US,United States,North America,Boston
F9ZPy_2gJ-elCTUbYp-hTA,34.125717,-84.7401281,US,United States,North America,Emerson
tnEuCNUp9yXlUcjTq4Ok0w,19.423819492305,-99.17826351941,MX,Mexico,North America,Polanco
dle7znBkQpEGyes5XwzwkA,-37.52390981,177.18974573,NZ,New Zealand,Oceania,Whakatane
d4-Y71Eg8sLkSK_6R2MkQw,37.7962599,-122.4116587,US,United States,North America,San Francisco
9-jqPM82z7z9W0kvv0CwZg,42.340236,-83.017971,US,United States,North America,Detroit
JXBv6CxjVc4GW_lFj7Z09w,43.206997,140.881365,JP,Japan,Asia,Yoichi
8K2FOxwP6vQueL54kDC3rQ,55.66478,37.523478333333,RU,Russian Federation,Europe,Semenovskoye
dc--CEpsOnJHOobWX2zoYw,36.179883,139.968505,JP,Japan,Asia,Ishige
qlaXteDNKHIvgw9C6DZRDw,47.610652725915,-122.33555876671,US,United States,North America,Seattle
7cRXJ_9ndgHqDN72n1TmJw,43.553563888889,-79.58345,CA,Canada,North America,Mississauga
hKjWasA8TzkbGXbLMWg7UQ,43.707733,142.378863,JP,Japan,Asia,Asahikawa
vig8B75VCudw3LP_BXMHEw,38.92130147,-77.03524203,US,United States,North America,"Washington, D.C."
Qo_VmFKahYZyTsItbdCeLg,47.456065183505,18.978122854605,HU,Hungary,Europe,Budaors
pZhS_-9RNb9EWF3mLKRYkw,37.223945,-76.515416,US,United States,North America,Yorktown
xMcH-9Ikq4ueCs9_xqPqAw,43.657977777231,7.165419459343,FR,France,Europe,Cagnes-sur-Mer
vyuWkvHwWeofNGhE_zODgQ,51.338008333333,12.310116666667,DE,Germany,Europe,Leipzig
fgHQU9iN55POf3TfjnpuZA,36.172691,-115.145065,US,United States,North America,Las Vegas
C3fao_-9rHFlTCldCc_neQ,48.84847477,2.32817035,FR,France,Europe,Paris
f9kXPetNAUWVSFAskVwfFA,33.9226606,-84.4929756,US,United States,North America,Smyrna
cHyZoh-IT9xU4AwH_3_vqw,40.7244425,-73.9488679,US,United States,North America,Long Island City
xv_SXFendh2cyM9w3bI-Bw,52.37616,5.2273230000001,NL,Netherlands,Europe,Almere Stad
CM9eTtRONUbaNpa5kmjXRA,41.385777216241,2.1857173313436,ES,Spain,Europe,Ciutat Vella
d-FqW5duHx3yEGHQ9MEwIQ,59.32954008,18.07533918,SE,Sweden,Europe,Stockholm
dkdcp6rOL2omNU5n-K50rw,47.622669089192,-122.34243095495,US,United States,North America,Seattle
lFme9ADxSHDGGuLFtMeBBg,42.358945,-71.062844,US,United States,North America,Boston
Xi0I_yq0PhpegJN5rZAKJA,36.137418,140.08319,JP,Japan,Asia,Tsukuba
f8DWJYSoLRctqoy3AAOa8Q,37.787276,-122.425082,US,United States,North America,San Francisco
fp6MLwW4imgAmdMKeq_0jQ,19.4010385,-99.1704155,MX,Mexico,North America,Benito Juarez
y-q-dYaVgMeQPOj27E_OWQ,50.08996,14.446036,CZ,Czechia,Europe,Karlin
B3616W2KVYN-w2RaOOnSIQ,51.45811,7.048984,DE,Germany,Europe,Essen
CIjc-alYxj7o0GqJImq1cg,35.661585,139.728749,JP,Japan,Asia,Tokyo
Ta3wxwhy9jICNccA_cn0Bw,40.74165217,-111.88202217,US,United States,North America,Salt Lake City
ItYo4bawta4jvUBWmwquHQ,51.458864,7.05225,DE,Germany,Europe,Essen
g_u8TIniCKMe5MejxW3BcA,32.642092,-96.81423201,US,United States,North America,DeSoto
QZ6tPS0U2GJPdgvkoshKGQ,41.92991342,12.45899109,VA,Holy See (Vatican City State),Europe,Vatican City
XWizqIbB54aDFlmddwLC5Q,1.282918,103.836293,SG,Singapore,Asia,Singapore
fRBwWAuHumomy6Pr2uQsTw,-23.32842425,-51.17771298,BR,Brazil,South America,Londrina
966I2dC8ny2qjqYOQCHKjQ,51.446553,7.037603,DE,Germany,Europe,Essen
8EZk21J4AZ6Zgg04y_8kig,46.949977,7.437709,CH,Switzerland,Europe,Bern
Zj1xVdeXmLAbPSC4m9bvGQ,42.353662,-71.064155,US,United States,North America,Boston
rqM2iPjig9LFyhkErl3hiA,34.9647249,139.1011529,JP,Japan,Asia,Ito
HDsxMdE6RJj4BvPtKFzxNA,45.3337875,-75.81341677,CA,Canada,North America,Bells Corners
u12RAEIcSY-BiIG7LFlvrQ,39.141712,-77.217379,US,United States,North America,Gaithersburg
_WJr6HbBx2-CjlXR91mrMQ,34.069002,-118.30742,US,United States,North America,Hollywood
GM8rxR_ZSSb28aD8IkzEYA,39.81181937,116.33911172,CN,China,Asia,Xihongmen
cejc3UrWOXanzITiNt-cHQ,43.063135,141.373777,JP,Japan,Asia,Sapporo
CZwoyizOhr32_A240K5pWA,41.88681,12.504188,IT,Italy,Europe,Rome
b6AyYE6GfnJH9X_kBIEdXQ,52.20826,5.000957,NL,Netherlands,Europe,Breukelen
X_N2fm_AIukQAoT17h6S2w,37.5654232,126.9235202,KR,"Korea, Republic of",Asia,Seoul
nOuX7I-3svSMVzBtzokG9g,35.052079,138.891911,JP,Japan,Asia,Numazu
6iwfDd7B8FdxtSQnW0t7zQ,19.330653,-99.180757,MX,Mexico,North America,Coyoacan
Bv3GKAVajGgXYE9eHWyLmw,10.54782218,-67.00492705,VE,"Venezuela, Bolivarian Republic of",South America,Catia La Mar
dCglYVq91f92IedlNFW3FA,35.628752,139.648852,JP,Japan,Asia,Tokyo
pTVWlOlUns7nWjdtVO9HQg,34.983256,138.407325,JP,Japan,Asia,Shizuoka-shi
FHZVwBi81W-cEuFxDsn-ZQ,40.256893,-76.916173,US,United States,North America,Wormleysburg
VnBhqViEqy35bbXIoOp3cg,-12.085908,-77.025335,PE,Peru,South America,San Luis
sZSgxvQ2Z9xLig6NDm2MEw,36.330104827852,139.61470031746,JP,Japan,Asia,Sano
phsTuPXvXfjYG1DAGffOKg,33.8856052,-84.4768279,US,United States,North America,Vinings
QKYFhKwUh7rln0kc14lJNw,63.437507181286,10.407358666055,NO,Norway,Europe,Trondheim
g6-pY63gr4mtP1pCMab0Fw,37.783302,-122.410458,US,United States,North America,San Francisco
edq_RqUdLZ72eLzI3njFaw,40.695585,-111.961133,US,United States,North America,Taylorsville
lTSlZdoy59Iy7MQNJgz0iw,29.767817,-95.44565,US,United States,North America,Hunters Creek Village
5Uos-OqbBriIv-b6Orxs2A,51.4599601,7.0638917,DE,Germany,Europe,Essen
PyLZ7dBBLhlQGmVryk2E7A,28.30320603,-82.32471704,US,United States,North America,San Antonio
KZG1zuNyhI_i8hhgz4uI1g,-12.097058,-77.050379,PE,Peru,South America,San Isidro
-NYCQnAYXLuvk2bKlJWf4w,44.950891666667,-93.305188888889,US,United States,North America,Saint Louis Park
czEd4A5_h3Orte1qvfjFug,-20.839337445978,-40.727401050081,BR,Brazil,South America,Piuma
0gFsMvCekBJRwPYYl_k12Q,41.896398,12.486865,IT,Italy,Europe,Rome
YtlV_crLp6mAxi31jTyR8g,50.031324919947,14.430274601013,CZ,Czechia,Europe,Hodkovicky
GFGbLiaWRACNUNomWecf_w,-34.9231817,138.5935368,AU,Australia,Oceania,Adelaide
wjdfizJJG3xQrlVRpt4Ulw,35.999978,139.667189,JP,Japan,Asia,Shiraoka
CJI4mRl1qxky2nWsn7nNHQ,47.506879968569,19.08106058836,HU,Hungary,Europe,Budapest VII. keruelet
foMsnUE69H1rV54_CPXwug,34.780150274722,138.00739215694,JP,Japan,Asia,Kakegawa
k9UCSxm_NtkoQRVNp4Mn2A,51.507948,-0.131339,GB,United Kingdom,Europe,London
gN_HiO1AaPr32qnjlalTgA,41.146347,-8.617858,PT,Portugal,Europe,Porto
IQVf4kgewk--M1bmhW2GJQ,34.053182,-118.002168,US,United States,North America,Avocado Heights
Dpjrf0BGOUVQTH-GdsQpaw,-41.434551051706,147.13416827815,AU,Australia,Oceania,Launceston
LEKP-r4i-xB2xjBPLJ3dsg,-27.496871,152.982665,AU,Australia,Oceania,Taringa
RwSW5KioqLHF1ua6pr2pUw,60.169052,24.9256286,FI,Finland,Europe,Helsinki
XvVu1_swa0P1X4-h8swMOQ,29.82908672,-82.16756117,US,United States,North America,Waldo
Pe2a00nigxXclyOpyN0kZA,51.513786,-0.141397,GB,United Kingdom,Europe,London
b7ZspwtHG0SKWQ42dEO7QA,33.487535,-111.98331638889,US,United States,North America,Paradise Valley
hz0JJR_tSAB9st2n-uORXA,34.104123,-118.340759,US,United States,North America,Hollywood
uDQXxKT1cQDobOpP7g8JJQ,-43.520408879029,172.62775244407,NZ,New Zealand,Oceania,Christchurch
rgfq0PJbbWd3XoPI7f2iQg,-36.844103,174.768085,NZ,New Zealand,Oceania,Auckland
agL8zagEelVLS710Nuco-Q,41.852716,-87.631982,US,United States,North America,Chicago
pswexHL80YHDBdpseYZOGw,55.749127,37.704733,RU,Russian Federation,Europe,Lefortovo
RApTmW0D5R0s4tcifRC8LA,40.705830434416,-74.014731863862,US,United States,North America,New York City
6mwXF-pNNj5YJUJIkdHsQA,39.78075916,116.51695583,CN,China,Asia,Jiugong
vjUZ5X-nfyjLdTmOcaYqvg,38.91220681,-77.08139818,US,United States,North America,Arlington
nip3fAN5VB5XyE0JVWGU4Q,25.210826,55.2679075,AE,United Arab Emirates,Asia,Dubai
VEbFajqtao2aNt9k_LhlkQ,-33.816106,150.997211,AU,Australia,Oceania,City of Parramatta
5DAFdRQRR0OGIr-z0W1ZDw,-7.1214933,-34.858665,BR,Brazil,South America,Joao Pessoa
xZ5GK_O79BD2DwTo9ewd8Q,35.118863,138.911901,JP,Japan,Asia,Mishima
qHiet8YTr21kYhs7XTf6ng,59.30747444,18.01129291,SE,Sweden,Europe,Arsta
6dnLj3V9_CGV7QqiXB-7Aw,43.643308333333,-79.377936111111,CA,Canada,North America,Toronto
g63lLNwkmw818GKWmVPu9Q,53.357242983766,-6.2499742303044,IE,Ireland,Europe,Fairview
YfsvWTzIwHTeRuuQg0jeqw,35.666007,139.766827,JP,Japan,Asia,Tokyo
eH_VnLpzQMc4IP3x0Ro2nQ,60.17701008,24.92901241,FI,Finland,Europe,Helsinki
pWRhqKMGpD3Aku5eL0_EhA,22.245424,114.179002,HK,Hong Kong,Asia,Wan Chai
0TYlzT4htyTcqKVpKgYLFw,34.103923,-118.152327,US,United States,North America,South Pasadena
hO0p3Znb1vij-gVXde85GQ,36.101595,139.899018,JP,Japan,Asia,Iwai
wcDneLpd4Rk3hwQTVouvdw,52.357722,4.855325,NL,Netherlands,Europe,Amsterdam
vL2eDgEeA6cYNwft-Tv9tg,-34.89457592,-56.16368545,UY,Uruguay,South America,Montevideo
gCUFhDnUVIyn3lWZhXT_YQ,40.61107471,-74.11830809,US,United States,North America,Staten Island
4HjkJ973GRr9dw6cXJ0wWw,48.878427,2.37041,FR,France,Europe,Paris
jzW7IO0aja2Ww9aQtiag7Q,-27.8216654,-50.317768,BR,Brazil,South America,Lages
L6bRywOcKTTTsdigBAw-tw,35.67239,139.79839,JP,Japan,Asia,Urayasu
bN-3nHNZu0bGLJIwyECKmw,-27.48002448,153.01223299,AU,Australia,Oceania,South Brisbane
WLWEveQarHZbL7EoAmeY8A,-33.43340329369,-70.597373396158,CL,Chile,South America,"Villa Presidente Frei, Nunoa, Santiago, Chile"
-GDAvC1NBZQsl3wxTxOcIg,50.86349488,4.33044841,BE,Belgium,Europe,Brussels
oRv-9hiTKhqH6HIR3nJKhw,46.94751163,7.43197513,CH,Switzerland,Europe,Bern
evlabDesZGws4XfKLFGhLg,37.635579,140.480606,JP,Japan,Asia,Nihommatsu
s6NFh7jYCC-HOv7eNGn_kw,48.20386661,16.35988065,AT,Austria,Europe,Vienna
QiDJbULPP3svzlXbGOZnCg,56.651301,23.70219,LV,Latvia,Europe,Jelgava
8uGFVgeHEdgL_HgC9BAZvA,43.6260656,-79.6789975,CA,Canada,North America,Mississauga
rv8EVvuwifQOp_meP5X6OQ,-34.84191108,138.50743173,AU,Australia,Oceania,Birkenhead
CFA7U-UXPF322XeVJ4wDZg,49.010576157769,8.4113162755966,DE,Germany,Europe,Karlsruhe
ejvvpHQzMIGEScb9nn-UVQ,50.446383333333,30.513305555556,UA,Ukraine,Europe,Kiev
_iN9KqCNguVQqoSlHTSAbA,43.642611111111,-79.405005555556,CA,Canada,North America,Toronto
3teol3A9u3t21-Fhua2WHA,48.7996352,2.3318726,FR,France,Europe,Arcueil
rOAUJR9btGfpERDtdn1SsQ,38.90372667,-76.99358459,US,United States,North America,"Washington, D.C."
LM8V3IQN0wJD6pOqpho6cw,-33.433874722222,-70.624991388889,CL,Chile,South America,Santiago
QHR781Ti35e5iAyjDm82Sw,39.923973564437,116.39411308867,CN,China,Asia,Jingshan
2a3LGDvhLodT0rRRgG1qqQ,-33.420474594395,-70.588220357895,CL,Chile,South America,"Villa Presidente Frei, Nunoa, Santiago, Chile"
CAcuIDqwH7G9sFSUo-m4eA,43.657347222222,-79.370483333333,CA,Canada,North America,Toronto
3UTkl8opuwdk8UJdrRjryQ,50.081031596645,14.418817297417,CZ,Czechia,Europe,Stare Mesto
Ad71_PMmaLxXcjxBUwRCAA,51.527352777778,-0.080186111111111,GB,United Kingdom,Europe,Barbican
_KAsvqxI4PIhdTtuTcGssA,13.793305992079,100.70334247194,TH,Thailand,Asia,Saphan Sung
_MrGus3sVoy-WRuKFdASpg,21.033336,-104.352618,MX,Mexico,North America,Ixtlan del Rio
D7EUpydl_Z_7aU7D1x4SQg,48.84355938,2.32457328,FR,France,Europe,Paris
-QZycUbAPJ6CQfGZc1lWrg,39.83966002,-86.14078967,US,United States,North America,Broad Ripple
8IGb_PN1BXX26mBLSh1Cvw,43.654914,-79.358033,CA,Canada,North America,Toronto
2aiXYA9gfmB1oYeQ4QvElw,39.270534,-76.613759,US,United States,North America,Baltimore
ypAjJ1dGfWntuJvLjtQrpA,35.678263,139.779234,JP,Japan,Asia,Tokyo
9Ce-wch0_BdmrZt3mr4miA,50.10606865,14.48633648,CZ,Czechia,Europe,Liben
mAhiSV8rtHHoaOwcmiaKzg,-37.785236111111,145.00286666667,AU,Australia,Oceania,Clifton Hill
npwnUYwb5WHk2oOa6Evqhg,22.28164,114.16120666667,HK,Hong Kong,Asia,Central
TYJoHGt5vB1MTLfVVXFMag,53.387884,-6.2589449,IE,Ireland,Europe,Glasnevin
YJFDjF1HTkt0Vw8OxfRfog,46.957646,7.455592,CH,Switzerland,Europe,Bern
3jx_zT_SNnPdlMmeWc6Y0A,35.2976521,139.2574126,JP,Japan,Asia,Ninomiya
5OXJSK-J8MgoFgO7jLbpHg,43.665657779959,-79.381241109945,CA,Canada,North America,Toronto
HP7kTMUhm4wHTc8DtbsrXQ,51.511144444444,-0.10182222222222,GB,United Kingdom,Europe,City of London
uL3WS--bl7TKMWUtQkBK-A,-12.99986269,-38.50577199,BR,Brazil,South America,Salvador
Lg7j9nlR-_iYoYuqYK5e7g,63.429046821551,10.385294705629,NO,Norway,Europe,Trondheim
NuSRfvbu7dBKy03Oq9t8rQ,39.77036959,116.51018312,CN,China,Asia,Jiugong
aGWqpdOWr9Uq6pjoYi_wSg,43.037859,141.474832,JP,Japan,Asia,Ebetsu
ik5S8ktp3GLKMuEPpsP99Q,53.3978759,-6.3908583,IE,Ireland,Europe,Blanchardstown
ktse5Oe4st6jts0Fv1GZZg,52.31444405,20.96845503,PL,Poland,Europe,Bialoleka
HgP8Lfs99lbib0ORDjYOEw,35.151114,138.893786,JP,Japan,Asia,Mishima
ImjTj2z1WHq02-FL5Y8EQw,-33.399737777778,-70.588165,CL,Chile,South America,"Villa Presidente Frei, Nunoa, Santiago, Chile"
YtXv1buzoYn4tMNswDErbw,-34.92529585,138.60316667,AU,Australia,Oceania,Adelaide
ij-fqlDe8fNGlIxRJUbs7Q,41.40281656,2.1991158,ES,Spain,Europe,Sant Marti
JokkbRyUyuF5ZBHmzkgrdw,40.694716,-111.963124,US,United States,North America,Taylorsville
Phs94qVdpZHgSiCNmkOf0w,6.2427319,-75.5919376,CO,Colombia,South America,Medellin
PdgEbgGz4SVucP1nzwQKBg,42.352479,-71.067505,US,United States,North America,Boston
0ldrFKB0_PJef8eZkLehyA,42.355201,-71.072363,US,United States,North America,Boston
BAIyQnyLajvlhQC60P5EdA,29.482522,-98.470115,US,United States,North America,Alamo Heights
QlYFdDkCPtwzabDBFrFzSw,1.341243,103.736062,SG,Singapore,Asia,Singapore
C5bkZvsNPdodsY37D8wiUw,51.5019,-0.191323,GB,United Kingdom,Europe,Kensington
lqnAzs1uAEeexEFTOFg2TA,59.89833723,10.61806432,NO,Norway,Europe,Lysaker
jAcZzcaBuSQwDh5nNQ0eVA,35.3093161,139.2430359,JP,Japan,Asia,Ninomiya
QwLikZ1H_UBnomGf0_BZWw,-43.512490379381,172.62210522921,NZ,New Zealand,Oceania,Christchurch
YVCet_zYd7wTM2bxJxZf9Q,10.57747736,-67.00505363,VE,"Venezuela, Bolivarian Republic of",South America,Catia La Mar
HPVLeunnybTc4F88r9eomw,51.889863,0.904613,GB,United Kingdom,Europe,Colchester
9cyaDZCmOjItSExQJCsZqQ,36.172197,-115.143902,US,United States,North America,Las Vegas
iqzjLFnqZt_R1RRnWsXGLg,-41.29465352,174.77105064,NZ,New Zealand,Oceania,Wellington
yPqvg_u1-_fnBaNRHbGwnQ,35.3071958,139.23111,JP,Japan,Asia,Ninomiya
tk1PlyZ6gzaeKzZ5PqSYHA,51.502419,-0.187576,GB,United Kingdom,Europe,Kensington
WVkYn5vowEIB6Gj_2DEHCw,50.452082,30.518292,UA,Ukraine,Europe,Kiev
KqZ27Xh9Ztk86-pSmrd2KQ,43.303746,5.37823,FR,France,Europe,Marseille 03
UulKP9nRwQg40MEjdDoyNw,50.0437079,14.424622,CZ,Czechia,Europe,Branik
ILL-Z_Sl9Q8hzwTB7n8wUw,47.409541666667,8.5376555555556,CH,Switzerland,Europe,Zuerich (Kreis 11) / Oerlikon
Ho-Ey8BuGtFOfAlMKpiY9A,47.38517758,8.5425655,CH,Switzerland,Europe,Zuerich (Kreis 6)
j5JsTxgqYf6EbeRFZJgpnQ,-12.072275,-77.041296666667,PE,Peru,South America,Lima
3sQQEQLp5RZH1__X10Tk_A,2.941295,101.59431,MY,Malaysia,Asia,Putrajaya
3tDFQejz4vmd-iUCHg3eGw,19.426333,-99.134181,MX,Mexico,North America,Mexico City
7FeSEOlT65mVZnlJ07rJ4A,42.04393413,-87.8770428,US,United States,North America,Des Plaines
hdrYfXbr--085heTB0gFdg,-34.87424174,138.5504854,AU,Australia,Oceania,Woodville North
V9G_ypcvv6Yhsoxc6rt95A,35.630086,-97.48894,US,United States,North America,Edmond
umMyQVABlrsbSY5DipSOTw,55.857474,-4.242445,GB,United Kingdom,Europe,Glasgow
eno1yZZ3O9oa51bs3TaSIQ,34.0648898,-84.2134601,US,United States,North America,Johns Creek
r3NcrADNnJY64uDBQxt8wg,44.919358841144,15.952853439376,BA,Bosnia and Herzegovina,Europe,Ostrozac
S9sFvJx9zMKRRGTU_T5ZdQ,-33.869133333333,150.96427222222,AU,Australia,Oceania,Fairfield East
-jPx0CegYq2k204dQ-1JJA,-15.82797645,-47.92799282,BR,Brazil,South America,Brasilia
dBXI2O7ALokGXkbOZ9wJWw,22.299264,114.16752,HK,Hong Kong,Asia,Hong Kong
Uo21MGB_hwwTXI9z1Txu2A,27.1606576,-80.240938,US,United States,North America,Palm City
vN2KO7JGjSMvZHdXTAz94w,43.447947222222,-79.757491666667,CA,Canada,North America,Oakville
1YXYXrPqo1Enn9hiAMBoOg,-27.47459614,153.01725265,AU,Australia,Oceania,South Brisbane
025hM-2yEUkg_sNVNSCsQQ,43.52606413,142.60731141,JP,Japan,Asia,Shimo-furano
y1f4CEwU-F_cNin-GaooeQ,55.94167343,-3.2034681,GB,United Kingdom,Europe,Edinburgh
E7eQCi3lTrd23EUmrBQ2Jg,40.03655,-75.064426,US,United States,North America,Palmyra
c9QlH3XlwZlFpNoTRt7iFA,50.851602034073,4.2307612302784,BE,Belgium,Europe,Dilbeek
C6ATBovxNFLxge2-NWMBrQ,29.45161424,-98.4834619,US,United States,North America,Olmos Park
rxlRrVYeRhBnkyxlvrNfEw,60.1620454,24.9300909,FI,Finland,Europe,Helsinki
eWOchDL33vSBxtHy0bR4yg,-27.438725,152.987751,AU,Australia,Oceania,Everton Park
XobT3oP0XtoyPOc5-UWQjA,60.155316568698,24.95955507387,FI,Finland,Europe,Helsinki
9Hm2TqPwteBJL5wpba7yXw,-38.01188,-57.541354,AR,Argentina,South America,Mar del Plata
nQ9w6nBUawtKu01Sup2egw,12.15217815,-86.24369698,NI,Nicaragua,North America,Managua
e4frr3EaCVHLYEfHEODl7g,33.4790787,-112.0128363,US,United States,North America,Phoenix
LoC6XxyU1xUgaNe3a4lM8g,55.76529305,37.6039267,RU,Russian Federation,Europe,Moscow
0B5qssoIEl6LguVQjoRiDQ,52.1695,5.353189,NL,Netherlands,Europe,Hoogland
1vVNvmrqMc1Ns7aCCAcQGg,48.857838,2.391757,FR,France,Europe,Bagnolet
O9tNqlwdDGcErhd8c9zeDw,-33.415516,-70.6064132,CL,Chile,South America,"Villa Presidente Frei, Nunoa, Santiago, Chile"
xE3VHzCb4gXkbUxF0oYfLQ,47.27098878,-1.6192338,FR,France,Europe,Orvault
hYaHZi16laZGSt5MjKunJw,-27.449292,152.977297,AU,Australia,Oceania,Milton
oMNmFnvVasJREy9lN-GeUA,48.8420584629,2.2389801708176,FR,France,Europe,Boulogne-Billancourt
kzBM1PVprWwN7mruh7mTJw,50.859508,4.354351,BE,Belgium,Europe,Brussels
zYmZJ19t5Fwq2_RJuwmXdw,-41.447248316931,147.17734582407,AU,Australia,Oceania,Newstead
t1-u4JSyOEbqXtUDhRTafw,-43.520741783447,172.62701711982,NZ,New Zealand,Oceania,Christchurch
mbKU-IIC5ZwneMUTtzfzag,55.76530838,37.60564404,RU,Russian Federation,Europe,Moscow
2cZKRjxsiJRO8A4yY38-tw,48.821871,2.24998,FR,France,Europe,Boulogne-Billancourt
tindgw7sOcJqgA1uh7lvzQ,60.15995275,24.89379252,FI,Finland,Europe,Helsinki
1MgHEjKuKYF19tOaeiJ5Mg,54.89567,-1.5775583333333,GB,United Kingdom,Europe,Chester-le-Street
A12Zpx-Ae0QLksP5Wh2-lg,50.8954019,4.3518561,BE,Belgium,Europe,Bever
SPaUCZwFKRfic5sm1JI3oA,43.659285,7.164613,FR,France,Europe,Cagnes-sur-Mer
U97WpDtFCNLplHU3Ply5Pw,40.418248916667,-3.7122996333333,ES,Spain,Europe,City Center
0AiPqmOICywixqD4q7UEJA,40.455133,-3.690289,ES,Spain,Europe,Chamartin
6nM2h_LiRGGAB7Yb9ewo9w,51.4414563,6.9927695,DE,Germany,Europe,Essen
B-bnaBX0B0NjXFetccuGyQ,37.352449722222,-121.95819805556,US,United States,North America,Santa Clara
mKKEuF5-WBW9EtBKZa9_gg,55.942616666667,-3.1698805555556,GB,United Kingdom,Europe,Edinburgh
puOA5O69cHoi6y5IFpKX7w,42.354735,-82.989787,US,United States,North America,Grosse Pointe Park
jErjw8O3N8r_5A_faJed2g,19.45195188,-99.10666337,MX,Mexico,North America,Venustiano Carranza
Zp_gr-lYcZMKGrdz5LlbGA,41.88733,12.502873,IT,Italy,Europe,Rome
W61RTd4D2YTmkDZ3-v-ErA,51.537128333333,-0.10079500000006,GB,United Kingdom,Europe,Islington
HR8z1AGR974qE5XI_DQmPg,33.90501141,-84.43043229,US,United States,North America,Vinings
SOz4b8azhN-LdztaWUFZ8g,-33.393756388889,-70.601854722222,CL,Chile,South America,"Villa Presidente Frei, Nunoa, Santiago, Chile"
8Bt35G6BzpxA6VAVjD0xfw,22.344111,114.144986,HK,Hong Kong,Asia,Sham Shui Po
gMK83AxnnJrvgkkGBwXReg,36.74327534,138.08241169,JP,Japan,Asia,Nagano-shi
2wwbf7-WNT4KuRIIknzk1A,60.1617219,24.9335859,FI,Finland,Europe,Helsinki
yLgT7ODdY3-qFjhTwMct9A,40.827343055556,-73.949914722222,US,United States,North America,Edgewater
Fy5wdLpb9cci8PGMO74Ybg,-13.01048749,-38.50972613,BR,Brazil,South America,Salvador
69XrQgxtNCOl8h1Ya033EQ,55.944818,-3.206296,GB,United Kingdom,Europe,Edinburgh
6uslLqrOQlVF2Pki0a5pUw,47.9105751,-122.1006615,US,United States,North America,Snohomish
H9CTvUGZ3YKWlfArthUOsg,35.666394,139.770516,JP,Japan,Asia,Tokyo
Lk4SqMCLsBmpDbbtUoJV2g,-25.4048229,-49.2180884,BR,Brazil,South America,Pinhais
ZC2dDRrt0ypEHLP8yr1noQ,51.449291,6.973442,DE,Germany,Europe,Essen
1TM5lGehnc1mAOUn5IJBMg,43.293968,5.563732,FR,France,Europe,Aubagne
CJALXqcZrJo9zG_cHVg4JA,43.646016666667,-79.392880555556,CA,Canada,North America,Toronto
tu6uNgEtHM5PY5KfIjxbOw,48.852056,2.365219,FR,France,Europe,Paris
e5yvzXDniYNqcXZ1OFldPw,23.138670246096,-82.349106989173,CU,Cuba,North America,La Habana Vieja
FtWZLZlMTmVi79JHRIuBvQ,40.712291388889,-74.005233055556,US,United States,North America,New York City
XQcmda1EekR3rIC4ACNBcA,35.663209,139.786262,JP,Japan,Asia,Tokyo
wwLamQ0iPIUbxnNn1zrJ3g,42.026161,-88.109937,US,United States,North America,Schaumburg
yq6Nu37nTFSRCY4NfVxMEQ,18.94459971,-99.18902994,MX,Mexico,North America,Colonia los Cerritos
Ab8wVHpk__ojJQWlv4j_ow,35.145982,138.787247,JP,Japan,Asia,Numazu
n-MUIodK5GEaQOhhbRotOQ,-34.85585824,138.56512728,AU,Australia,Oceania,Woodville North
wWyHVksgfxzRyirpxipa5A,52.0884,5.129598,NL,Netherlands,Europe,Utrecht
X-JSeiIuutG9ZjKAimqK6w,48.198357570806,16.334184753493,AT,Austria,Europe,Vienna
-4oZ0SAVEd4ijmony0t1Zw,35.022212201667,138.44285164028,JP,Japan,Asia,Shizuoka-shi
g656BFylsK1Hmb2aj7dD2g,40.696137,-111.960226,US,United States,North America,Taylorsville
V6Sqvv9Xo-LamHkW49yxpw,36.927955,138.2135112,JP,Japan,Asia,Arai
kVsUaXUzUm3tqpN433LgkA,59.323141,18.06545,SE,Sweden,Europe,Stockholm
f19tTcFApFEnXoMIeLx_VA,-33.897388570077,151.03751876179,AU,Australia,Oceania,Bankstown
5a936dBa7Fm2x_CZY0UFSw,12.97612754,77.61997636,IN,India,Asia,Bangalore
3mU1_MNshrtk_q7bwqBm0w,43.64167175,-79.38757972,CA,Canada,North America,Toronto
OiwwydhT4eHKlqgNxsVXUw,59.951432,11.07502,NO,Norway,Europe,Lillestrom
N43VM3C7qZ-KbydVDlBiiQ,49.43886148,10.96420859,DE,Germany,Europe,Zirndorf
0ICmP3lYJ-VyHKdkGRV-DA,35.033893,138.895201,JP,Japan,Asia,Numazu
WheT44gLlLp7B7G4ow-lng,-6.8422888888889,39.209716666667,TZ,"Tanzania, United Republic of",Africa,Magomeni
1UMa4b12-L73JKJ7siJKLw,36.010478,140.336057,JP,Japan,Asia,Inashiki
2CO7OHUipHDzNKWBP-_wlw,40.48721904,-79.92043986,US,United States,North America,Sharpsburg
XyhJna4c_XKQbZtjLyzqGg,50.91165546852,4.4707700910594,BE,Belgium,Europe,Zaventem
o_pnzZyQAWxwLZqmVDZB_Q,-12.445423,130.83365,AU,Australia,Oceania,Larrakeyah
ARWKJxbz21o_IytBMZ_MBQ,12.95392919,77.59413404,IN,India,Asia,Bangalore
dSkwqaqyP2Se2IPG_ucV7g,29.42411608,-98.49500235,US,United States,North America,San Antonio
P8pHe5XLHdhHDoV3mPdulQ,-34.064593,18.4515304,ZA,South Africa,Africa,Bergvliet
h7hOkGw7o5Z1KpQlczN7eA,39.774223677814,-86.161087257788,US,United States,North America,Indianapolis
404uHxLZj_uJzdiJQWjpjw,36.6560972,138.1814123,JP,Japan,Asia,Nagano-shi
y04uBfA7RFOkT_Fv0lg4Pw,6.2450536,-75.5902163,CO,Colombia,South America,Medellin
lOyFCEHv4QJr5e_4iio4kQ,53.3436803,-6.2496528,IE,Ireland,Europe,Dublin
0Z1IdCkf1TP_7-E1OJSPyg,36.023515,140.244307,JP,Japan,Asia,Ami
synrpjaPY9-cGhVK6A9EJg,40.706308333333,-73.960783333333,US,United States,North America,Long Island City
matatT_eRHwLZcJhUdE7CQ,55.73898767,37.62815727,RU,Russian Federation,Europe,Zamoskvorech'ye
jJjrIJoGO0jm2YOVHZHypQ,52.181736666667,0.14093,GB,United Kingdom,Europe,Cambridge
DjJNPaY1IAybpJb_cVgUDw,34.936515,138.30561,JP,Japan,Asia,Yaizu
9OxVdNOAdPsjVaZrvUVmHw,43.599672222222,-79.645841666667,CA,Canada,North America,Mississauga
GAzVkWYSfEXW-YYP4EW6ow,37.540338,140.052809,JP,Japan,Asia,Inawashiro
z5U0IUs3VenH7bcu4IHmxw,57.068843,24.317918,LV,Latvia,Europe,Adazi
aRbkYmidp-bWhhvMszAHbQ,49.229143056944,-122.94716798694,CA,Canada,North America,Burnaby
xw-UmcrYYj73j6MPxZKM-g,-41.29307229,174.77362673,NZ,New Zealand,Oceania,Wellington
CzfuUg44LLlfKEAPSKD02Q,51.499032,-0.198941,GB,United Kingdom,Europe,Kensington
bUEyIUgqwmPq9G2_IDOYPg,42.393672,-83.089085,US,United States,North America,Highland Park
5YqLVBCtOtA8ieT2ncQPiw,43.444236111111,-79.697822222222,CA,Canada,North America,Oakville
_HV2Sg1SidNQTWlZp2qjRQ,36.335665,140.441077,JP,Japan,Asia,Mito-shi
IB7UyWbRf38lRyVE97cMkQ,27.9455844,-82.3621351,US,United States,North America,Palm River-Clair Mel
Nb4vOtzq9C34lQ5ArYVYbg,39.395852,-76.61308,US,United States,North America,Towson
izYg9oYbfzQo80PW5V5R-Q,50.85832137,4.34617112,BE,Belgium,Europe,Brussels
xUVT7NMe8Dsg7q6IW_aFBg,-43.567003,172.599106,NZ,New Zealand,Oceania,Christchurch
wTGIGdLEjME-sHKxLc6QlA,59.92345,10.76091,NO,Norway,Europe,Oslo
pS8Xes1WOsU3NCL51KZ2iQ,25.2089193,55.3122982,AE,United Arab Emirates,Asia,Sharjah
L7dIihPKZWPdxjXOEmeJ3g,40.696394,-111.973518,US,United States,North America,West Valley City
fZvV32Qp6t3mu4e4Em11hQ,55.684382,12.566178,DK,Denmark,Europe,Copenhagen
RBIHEW9UlSa5zImYe_7DbA,-41.29407728,174.77304401,NZ,New Zealand,Oceania,Wellington
WwKECkk4ur0TAGJalJyM2Q,35.171639,138.920353,JP,Japan,Asia,Mishima
IPwvy5f_c1D1P6Q1P1lAuA,53.3505555,-6.2783905,IE,Ireland,Europe,Cabra
0LG7PemI3-IkulU57vrWlQ,51.489344872534,-0.13193090446293,GB,United Kingdom,Europe,City of Westminster
_J6Ge9plcquFpJng9IXIAQ,53.3590387,-6.2698044,IE,Ireland,Europe,Drumcondra
sun7xKGvDTR_a9PS2FOSuA,-41.435872591204,147.13516075462,AU,Australia,Oceania,Launceston
2HoDIGydEeVC4d_8SOZw_Q,12.14180181,-86.29481892,NI,Nicaragua,North America,Managua
QWsMdZ_hGE_BFt_2YWTbHg,12.990824694444,77.659553527778,IN,India,Asia,Bangalore
x4lHj9fiHyHXb1VZ6-IkUg,51.498538888889,-0.10495277777778,GB,United Kingdom,Europe,Lambeth
kJptXaU3RZ1xK7j-J8DD_w,50.858953,4.349066,BE,Belgium,Europe,Brussels
LN3xsbxRVpFj-wGelJzFOw,37.502413055556,127.04002472222,KR,"Korea, Republic of",Asia,Seoul
4SUJ-7NBxri8N-9qmhL8aQ,50.859621,4.350099,BE,Belgium,Europe,Brussels
hYA3UEl9d3nNz13QrZjJsg,43.416809,6.77615,FR,France,Europe,Saint-Raphael
co0DZw6kSQuj0Ou7Mi-Y_A,-41.441154752205,147.14048345612,AU,Australia,Oceania,Launceston
Rj8ZKFmXvf7dz7ySpCpqoA,41.387211,2.165427,ES,Spain,Europe,Eixample
_vWdGhCXTLOzjIxaeL57ew,47.635529408804,-122.34342567842,US,United States,North America,Seattle
Qy1eA88ah9HdJEt_ifzOTA,-38.2716,-57.82927,AR,Argentina,South America,Miramar
eW6ZfZmhEsMCJJX5AeLjOA,50.052127597122,14.41159040672,CZ,Czechia,Europe,Vysehrad
ctzmasc-WHtMuIh9mjou3A,42.352452,-71.064507,US,United States,North America,Boston
KNFM7hLpvgY6ElF-X3Dfmg,-17.8077635,-63.1958807,BO,"Bolivia, Plurinational State of",South America,Santa Cruz de la Sierra
K5TYb59IeHqIp9bwtUICTw,52.346788,4.671691,NL,Netherlands,Europe,Hoofddorp
UZflsOOMayCFZtjqa7Vftg,63.433039429879,10.404208149982,NO,Norway,Europe,Trondheim
bo16R8uQseS_8BvA0tH-4w,35.811294444444,-83.949027777778,US,United States,North America,Eagleton Village
sOwDqgIy-pZfYaA2hygecQ,34.881063401732,138.02667480906,JP,Japan,Asia,Mori
hCM-g02SKRUBH5GSnVOULg,34.005016,-6.846772,MA,Morocco,Africa,Rabat
V-pPRM6VaJ99iCyd8ySeug,35.148439,138.876072,JP,Japan,Asia,Numazu
9xQjlayDVuJCQDvK1D7IHA,55.744063756429,37.702076481655,RU,Russian Federation,Europe,Lefortovo
j-2Va5JRoC6SePZ64CBL1w,33.496031388889,-112.02594138889,US,United States,North America,Phoenix
u-hkKVMWKOuZip5Yzk5b4A,-6.7773361111111,39.248411111111,TZ,"Tanzania, United Republic of",Africa,Magomeni
9x_H73oPdS9F_KsBRIC9cg,51.462374,7.0141013,DE,Germany,Europe,Essen
1skwvgCoCsPYI612YdXzHA,52.245374,4.665049,NL,Netherlands,Europe,Leimuiden
NjhF5vGLo9eTfjN5SUqv2A,45.464715,-73.4676579,CA,Canada,North America,Brossard
xUqpSZrY8KJTkY7T_m9zEQ,50.92662602,4.42563238,BE,Belgium,Europe,Vilvoorde
IjpQJwCzgoqTwoAQ-UTB4w,42.040596,-88.109417,US,United States,North America,Schaumburg
fZNXrhnzYxbd5r4JqlK5FQ,-37.751339,145.045951,AU,Australia,Oceania,Bellfield
cV4PWOTSd8yT8URjPA2fNQ,-23.551709,-46.67663,BR,Brazil,South America,Sao Paulo
ouAMS8zL9y6qhGZD4M4fQw,42.319766,-83.09543,US,United States,North America,Detroit
K-O9veXuui4Gx11mXfeaMw,34.9676734,135.7266332,JP,Japan,Asia,Muko
S6jrYFBuOtiwHbbIlfOZCw,52.2188007,21.0233579,PL,Poland,Europe,Srodmiescie
0hfmiSEJtXFYhxs4XxR7PA,42.352095,-71.073275,US,United States,North America,Boston
FbTyKN3B1eSwxmXmIrYX0Q,34.779514,138.004713,JP,Japan,Asia,Kakegawa
29dUxlLqBUPnAtH8fxvPGw,34.994228454167,138.30836238333,JP,Japan,Asia,Shizuoka-shi
7SYK4xyAE8Rdz4xeQj2E3Q,48.821851,2.249982,FR,France,Europe,Boulogne-Billancourt
3g5IuSVFdbqbKqlSsrpj9A,48.206339290003,16.370136029998,AT,Austria,Europe,Vienna
S9ooC0QPCzq5xkZcxLDEvg,36.206605,140.267595,JP,Japan,Asia,Ishioka
iLq6pOaqZBiB-7KTz1T6wg,43.666022,7.14848,FR,France,Europe,Cagnes-sur-Mer
4_VCIqmZEFd1VQk7MZWTXA,35.689822,139.788832,JP,Japan,Asia,Tokyo
FZnz10-wnqXqG8rITSmhMw,37.697273,140.470321,JP,Japan,Asia,Fukushima-shi
s1Okdgml1UQqdrH-d-Ephg,44.06845666,12.53729185,IT,Italy,Europe,Rimini
kdSRKa6DbSgwx5waoQgIiA,34.06245698,-84.406035,US,United States,North America,Roswell
bfgXfrJA8VNGIaPUg5x4SQ,35.659082,139.790549,JP,Japan,Asia,Urayasu
Gn_K49zeGoZiZukqqVSc3A,39.368397,-76.653844,US,United States,North America,Lutherville
UD7_Rv9JM89Qxpgr5HzpeQ,10.41519214,-66.91163165,VE,"Venezuela, Bolivarian Republic of",South America,Baruta
DVVFvcXExvvpSeal2hErPA,51.516043,-0.123716,GB,United Kingdom,Europe,London
4j8k_B-GOphNfsJzU2cywQ,52.516914865679,13.386243875426,DE,Germany,Europe,Mitte
yo4N3PB0AIlhaTZ9x1J-oQ,-12.071619,-76.956639,PE,Peru,South America,La Molina
l84jP0TWiwor1YSn8lxiuw,48.42334625,-123.40650554,CA,Canada,North America,Victoria
k0KFMLfRaDFrdwZznKJ_jA,37.913961,140.066002,JP,Japan,Asia,Yonezawa
7aAFB1DtWeD-GyAmvWytDg,43.649358333333,-79.393538888889,CA,Canada,North America,Toronto
uGX0Z2sN24fNXm3ERtFT8A,34.919994,138.858922,JP,Japan,Asia,Heda
_yx2gBwQvhBRDG_IL8pGoQ,35.159947,138.943563,JP,Japan,Asia,Mishima
rUt2CxprRMPQ-RzeVg5KmA,40.709926,-74.2626145,US,United States,North America,Union
hG6x51lEKW6D1RlX9ooQWQ,-15.8081734,-48.0159609,BR,Brazil,South America,Brasilia
dKM4xuG0sifb7_KyQ-WdBA,35.15523,138.896628,JP,Japan,Asia,Mishima
Tb54M0JHfRIqmIivD4KB2Q,47.6373977,-122.186438,US,United States,North America,Bellevue
wS8xNVGfLJ4AfEEkB5682w,-7.133014,109.225423,ID,Indonesia,Asia,Randudongkal
TD2mlQPAyOfqpRieqJXVOQ,35.128995473333,138.36121920944,JP,Japan,Asia,Shizuoka-shi
SAhuSlvg6wtSpZIcF_1L0g,48.190612271847,16.287095442764,AT,Austria,Europe,Perchtoldsdorf
FHz4otY4_OLu6ZC9FuTQEA,59.93364597,10.55936382,NO,Norway,Europe,Sandvika
XfwkGyuJE37mFSjwTm0dTQ,-34.9081462,-57.9451417,AR,Argentina,South America,La Plata
Er6jNrmINby7E7rFM48dKQ,1.305457,103.824805,SG,Singapore,Asia,Singapore
bvV2DwWiGEHOK9hHaiwzVg,47.6878165,-122.0802508,US,United States,North America,Redmond
AEaVLcuIAvLzYGyoPPdqeA,-34.613435,-58.386221,AR,Argentina,South America,Buenos Aires
4nKM8EWA3k4xSrEOJPvFBA,45.42732743,-75.66244984,CA,Canada,North America,Ottawa
SWUQUZdaRR3EPIwbpiocHQ,35.051851,136.801159,JP,Japan,Asia,Kanie
W-XwZvvBy1BRDiwJx9oRSg,-34.8724802,138.54820459,AU,Australia,Oceania,Woodville North
BLNX8Cc-Gpsrr6h5m-tZkg,59.302842898861,18.018629870803,SE,Sweden,Europe,Arsta
7mIfFYjWwU4nN1Pa6-8cqw,-33.39733769,-70.58839052,CL,Chile,South America,"Villa Presidente Frei, Nunoa, Santiago, Chile"
M-bbxc9C_1xug67YCkwjkA,44.959186111111,-93.273725,US,United States,North America,Minneapolis
C7dkaoE4Fs_xJc-82mt7Dg,41.93663277,12.46668633,VA,Holy See (Vatican City State),Europe,Vatican City
SX4oYvOUG-VmRU5mexhQUg,40.4383812,-79.9939983,US,United States,North America,Pittsburgh
c2sVp1M2MxGs8fKh1RZNJQ,41.89852,12.497467,IT,Italy,Europe,Rome
6sSAGuGHmAhrjPubRv8MXw,52.51705,13.388764,DE,Germany,Europe,Mitte
WDU1kC52zNtGP3fjE6A4bQ,-26.9663095,-49.3687251,BR,Brazil,South America,Gavea
K69ZmsadJGqf9B3GIlxIHQ,43.667495,7.195294,FR,France,Europe,Saint-Laurent-du-Var
4WS8awckumPbQ9TesutFZA,39.70560801,116.39767476,CN,China,Asia,Yinghai
EX3KM8Z-IZpo7TfRyEI3SQ,60.16749379,24.93263677,FI,Finland,Europe,Helsinki
6seYSUojTBUcvZJeHL2L2g,55.685316,12.538423,DK,Denmark,Europe,Frederiksberg
WjJC8_ilaOx4cdq5H-lm4A,51.499188,-0.116951,GB,United Kingdom,Europe,City of Westminster
0hMunfM7UARtb1ILfDbD-g,34.92627602,135.69302909,JP,Japan,Asia,Muko
BhzcE3q-_x14lqH1bdm4zg,55.75511172,37.63929195,RU,Russian Federation,Europe,Zamoskvorech'ye
Pqu5HYoAL8mYk4SSKKeqIw,47.833134,-122.262566,US,United States,North America,Alderwood Manor
5URIWoNohQVPfkvtWB6FEA,51.340594444444,12.366580555556,DE,Germany,Europe,Leipzig
tjIkthIOq9buVCcKNolnBA,39.77131129,116.51471237,CN,China,Asia,Jiugong
QK2or2gNPo0B1lG4o-iLfw,55.61611993,-3.06411313,GB,United Kingdom,Europe,Innerleithen
mbTH_dpEqGgMWsC0CBN--w,42.942298,142.950901,JP,Japan,Asia,Otofuke
LmIhs4vcIu2ufNa_OyNKiA,51.88682004,0.8959988,GB,United Kingdom,Europe,Colchester
VxQ63P0pJ3J6XkdmOBjvLg,40.744003,-74.006743,US,United States,North America,Hoboken
dFqsOzKBa7JvkhpQM8OI-Q,38.015171666667,23.735251666667,GR,Greece,Europe,Kipseli
oIEH2SzCw66csLuAxG0Vtw,34.00959,-6.851582,MA,Morocco,Africa,Rabat
Ubeyoib47dyl-RNjI0GXSw,37.372323055556,-121.89863805556,US,United States,North America,San Jose
btcHG-5iXB6iEC8iEfWXgw,-33.894189,151.15055,AU,Australia,Oceania,Lewisham
8zXSLTZpAWSJP_-6Gqi-DA,-27.47227633,153.01052018,AU,Australia,Oceania,Milton
IXl9JMU-US_E-lQWJ7i_Xg,55.739431,12.504861,DK,Denmark,Europe,Buddinge
aOtRlKEVHyyQTJ8Dn32mGw,51.513887,-0.154564,GB,United Kingdom,Europe,Camden Town
ehDjsybQqaVW8nciVwRLJA,52.540817,13.368888,DE,Germany,Europe,Wedding Bezirk
E5CEPEduI4IF1tnevyYVJg,51.201989421614,4.4193659741712,BE,Belgium,Europe,Antwerpen
fJzW4t0Tu-jxPpeEjIWR-Q,12.96296425,77.58957677,IN,India,Asia,Bangalore
Yy-xYjYF29VJgqcjT2uc5A,-33.447753,-70.622419,CL,Chile,South America,Santiago
LFy9OLgsnrTK5FXv_UtqOw,39.387356,-76.572581,US,United States,North America,Towson
D3RcSIcwzdumsrT4LpdO3g,-41.47173607197,147.14269231548,AU,Australia,Oceania,Summerhill
qoT7huQvKcYRGX7c0-5WYw,41.92292849,12.46158606,VA,Holy See (Vatican City State),Europe,Vatican City
7UMhfNug0SSVHRUs7Ihmig,45.46479,4.386828,FR,France,Europe,Saint-Priest-en-Jarez
IkfdOCj2fTyRRiXSP6XwhA,34.976464,138.357964,JP,Japan,Asia,Shizuoka-shi
gWjAJWETClDo4w_bOAz3Gw,-15.820686,-47.904619,BR,Brazil,South America,Brasilia
NVxZPct7bqCLTMfygEALVg,18.7916603,98.9877076,TH,Thailand,Asia,Chiang Mai
zANkhjktRptKuKrjryF0sg,29.96310134,-95.68850668,US,United States,North America,Cypress
oVt_Qpr17y8DwcWPGNyukw,42.074393,-87.709718,US,United States,North America,Wilmette
V_g2kQUwK6f6rLTnuXJmpQ,43.455675,-79.689680555556,CA,Canada,North America,Oakville
4ZLMmsChurvCyNRZ3U-Edw,47.6686234,-122.3935259,US,United States,North America,Seattle
Hk3XJm9XIMu-xhsKi4bsBw,-34.5957013,-58.38257507,AR,Argentina,South America,Retiro
NSYXA2gzndYv00IxWa3_Hg,47.508291271515,19.05975186266,HU,Hungary,Europe,Budapest VI. keruelet
GDzy2VBzE78EuTs-QWGBFA,50.859333333333,11.343172222222,DE,Germany,Europe,Blankenhain
06WOk7wNJk9Y-KoCPSsehA,-34.92422779,138.60209745,AU,Australia,Oceania,Adelaide
ARSizGCF2Q3E3AiQVOKofA,4.7105978147222,-74.074734588889,CO,Colombia,South America,Barrio San Luis
kC3q9TC7eNwDRtC8Z447Pg,35.018908,138.835453,JP,Japan,Asia,Heda
qN3Tvgl8--rQ2-WVq5xJ9A,43.72703,142.354535,JP,Japan,Asia,Asahikawa
-wWh2jjzLDvLAQck9PfKOQ,33.94971621,-84.52005179,US,United States,North America,Marietta
tFEW9Zbx7u6H8ZiMXn7U_w,52.179311111111,0.14858333333333,GB,United Kingdom,Europe,Cambridge
5H9HvQxKlLf7gVlA6mwifw,34.842861,137.744482,JP,Japan,Asia,Hamakita
givoRGjiBbn4rBVL6eyryg,35.191213,138.714026,JP,Japan,Asia,Fuji
tZS8pXLvweglbKodSkzKaw,30.23833,-97.762066,US,United States,North America,Austin
G3QdtFEnqPkEAo2z8IEp6A,51.31462135,12.36609358,DE,Germany,Europe,Leipzig
BYcrLy8Dd1YRaz7zA5IDoA,40.712023,-73.954685,US,United States,North America,Long Island City
b2a_txUbMjpq2so6-FU8sQ,51.438255,7.012819,DE,Germany,Europe,Essen
WuTZCA6NrEIWcz0BCCBvBQ,54.595266,-5.9345579,GB,United Kingdom,Europe,Belfast
oPxrzSEarfZ2HicE8CZOhg,47.216574,39.717197,RU,Russian Federation,Europe,Rostov-na-Donu
7gpMkgKIYmZ2xj_RIYPo1A,44.913572222222,-93.254202777778,US,United States,North America,Richfield
OSBxXeHnv_EOdq_MD4JkwA,38.90244908,-77.04871966,US,United States,North America,"Washington, D.C."
mIhkPggPzQHmewOIHbgmmg,-43.50659613,172.57116302,NZ,New Zealand,Oceania,Christchurch
LHBy8yFancrKKP5-VEjgIw,41.93913,-87.636833,US,United States,North America,Chicago
eJg6idPOZhsK7Z9css7geA,59.315381,18.093243,SE,Sweden,Europe,OEstermalm
-3Ce66lOpbY2j4Tgngr-dQ,51.333605555556,12.368116666667,DE,Germany,Europe,Leipzig
AGF-pCYFC20VtpYPSk4FZA,32.72093712,-117.16339585,US,United States,North America,San Diego
Z0ucFAvI5GgxaJPDs6W08w,47.495151171461,19.02428987436,HU,Hungary,Europe,Budapest XII. keruelet
gfdwevK9iFysPUM-FsI2QA,40.7426162,-73.9573513,US,United States,North America,Long Island City
0wCxQ_bV7onu-MtYzAaNwQ,-25.453767302742,-49.23308217948,BR,Brazil,South America,Pinhais
8qzGjKvOcD1lA9c019EGOw,52.360278,4.900316,NL,Netherlands,Europe,Amsterdam
a5rROnw1I6g4SbRrHdf4EQ,35.208609722222,139.68498638889,JP,Japan,Asia,Yokosuka
_7inIsibG1xkTtQCdsri5A,35.053487969444,138.88463596806,JP,Japan,Asia,Numazu
L2olNRKFzF8BY5X9KJQriA,40.735691388889,-73.975798055556,US,United States,North America,Long Island City
FZXciumKbnjPo-qG9vTXhw,37.1903688,138.3057983,JP,Japan,Asia,Joetsu
lc6HNHffrec2VYuVV303sg,35.0135514,136.6783735,JP,Japan,Asia,Yokkaichi
ZK1qK3voLZGPKKHKBAg6cw,-34.93687826,138.57075645,AU,Australia,Oceania,Forestville
4lmKD8XHZBfptBzkg5HdXA,47.393458333333,8.5254527777778,CH,Switzerland,Europe,Zuerich (Kreis 10) / Wipkingen
q3V8nvXQamaNgeqG2v--0w,35.227345,138.34533,JP,Japan,Asia,Shizuoka-shi
7JEZ6jmarIB41_FcRSwvCg,41.889259,12.493468,IT,Italy,Europe,Rome
lELHavpxSvzGtR_a1hF71Q,29.0719958,-82.1810762,US,United States,North America,Belleview
d_mBvf_WCdzRon2RzVpZcg,37.326718055556,-121.97577138889,US,United States,North America,Santa Clara
3MAH6b7SyqSstSNGekUATg,34.028288,-118.519423,US,United States,North America,Santa Monica
fES_Q-LpcKlmJmK9PxlUdA,39.292219,-76.576556,US,United States,North America,Baltimore
Ml0qRJdiHyVYnWWrmRrpQg,29.766441,-95.455459,US,United States,North America,Hunters Creek Village
Y65FpUTUXBMyf3zRFdSRvg,35.013492023611,138.31038706,JP,Japan,Asia,Shizuoka-shi
7IGYVwmxe4pnqvBj_tLThQ,-12.043852777778,-77.029905555556,PE,Peru,South America,Lima
PLVqtWwd5Hc7-_7VZKnLAw,40.02686129,-76.21845101,US,United States,North America,Lampeter
Vy6r5FKjKZ-e1uURZZqORQ,47.914373,1.868195,FR,France,Europe,Saint-Jean-de-la-Ruelle
uhT8gp_qfLXq-3yDw5upkg,52.513513888889,13.333308333333,DE,Germany,Europe,Hansaviertel
WYXPY3n9M9vyS_1G2cRZ2Q,40.726150443521,-74.002018397024,US,United States,North America,New York City
-C-w9t58ZO5RSefsi061Lw,42.961465,141.260666,JP,Japan,Asia,Sapporo
VDSeFwxtAIQq94qhAeUtqw,47.800274,-122.224302,US,United States,North America,Bothell
pT8Dkjl5Ic4hAjGzSyf1eA,30.389283,-97.745714,US,United States,North America,Jollyville
wkwkjB8Njc-LfBoHczNeFQ,35.810672222222,-83.948355555556,US,United States,North America,Eagleton Village
ux6XTKDGpadE1q50AyRaTg,36.643291,139.841235,JP,Japan,Asia,Utsunomiya-shi
8mSNpsnIXhqJjr6V9Gs9tw,52.376647,4.88968,NL,Netherlands,Europe,Amsterdam
v8kDchH1p0nMBRbd3FMBtQ,39.296726,-76.613995,US,United States,North America,Baltimore
_hEblyn68AdOapTDv7doCg,-6.8152917,39.275015,TZ,"Tanzania, United Republic of",Africa,Dar es Salaam
OxN8HtxJ3VUaEsGi9TUP1A,34.969454775556,138.406599965,JP,Japan,Asia,Shizuoka-shi
1Lqp82f5-oivkbB_boG8WQ,37.350528055556,-122.02940305556,US,United States,North America,Sunnyvale
p2UBpnphIDoETmDVDFVj1Q,37.446663,140.379206,JP,Japan,Asia,Koriyama
OiwyNSNcXGcd_xB9mPpJaw,60.15529857,24.94372345,FI,Finland,Europe,Helsinki
__M2DBwhxBjZgQXkk5kwjQ,39.328293,-76.600499,US,United States,North America,Baltimore
1pFw6qQwFQ__QdnYYB7YLA,39.40907,-77.426166,US,United States,North America,Frederick
iVYhuQhc4urp7Qq0KZq9Tw,40.4794,-3.617909,ES,Spain,Europe,Hortaleza
OxojCBDAexw6nEUcjbloNA,37.419848,140.03702,JP,Japan,Asia,Inawashiro
Qb6IUMZnGkLcqRbBcMhqAQ,-41.44836103356,147.1876770826,AU,Australia,Oceania,Newstead
ZtUoeRDxyvn4nsl-awVq3g,55.74803534,37.59948697,RU,Russian Federation,Europe,Moscow
WfdesAt-MLvc8biOZYP7mQ,49.192359,-123.179012,CA,Canada,North America,Richmond
zNomFlfiZSgGK7Gnzoy-pg,43.701763,7.292814,FR,France,Europe,Villefranche-sur-Mer
9sEiCXqrbHlz35g7nd9baw,37.732064722222,-122.41320472222,US,United States,North America,San Francisco
tCz3Aa20cyZ7S2kp5YCPyA,55.843921661377,12.077600479126,DK,Denmark,Europe,Frederikssund
9S1I-DsEgtvNlo7b9MNJ4Q,29.77365894,-95.2458684,US,United States,North America,Jacinto City
fo8qryuWusNc2HlXEGtP2g,-43.374423,172.646713,NZ,New Zealand,Oceania,Kaiapoi
otMaIK2QLX4CmYTARRR62Q,45.017072222222,-93.247411111111,US,United States,North America,Columbia Heights
59tZvw0v2QNG2Bc71R-SoQ,33.554022,-112.2028537,US,United States,North America,Glendale
2EG-9qqAB81t0bjWF0iS9Q,6.2103573,-75.5720589,CO,Colombia,South America,Itagui
0Lx8T3ZqRmuYJxokVCyuWA,52.369643,4.716646,NL,Netherlands,Europe,Hoofddorp
V3FKV9Zzpn7hGpROdYBjKQ,43.3023884,5.3834552,FR,France,Europe,Marseille 01
FZBQ7kbtOntw7q9lqYKOmg,23.130937150018,-82.313488551794,CU,Cuba,North America,Guanabacoa
7-gyzleF9pxmczlfRmjF3A,55.669460674609,37.507474422455,RU,Russian Federation,Europe,Troparevo
ufLgj-jO_JmGwcJYPBAZ5A,59.879074143246,17.646339861676,SE,Sweden,Europe,Uppsala
GKY_TCVIwBGBULNoaQPEWw,12.98124057,77.57014168,IN,India,Asia,Bangalore
cp2b41bAzpc3pz2hDU3_tA,41.442354,2.237676,ES,Spain,Europe,Badalona
mpP2PUoVhKlwqq-ctgQaLQ,5.3228621,-4.0164134,CI,Côte d'Ivoire,Africa,Abidjan
5lXYKjNP6LXn3haiQxaPPA,40.44104127,-79.99619804,US,United States,North America,Pittsburgh
TyNOkZgB-uvxZDJQJxRdyQ,35.05066633,138.42732651167,JP,Japan,Asia,Shizuoka-shi
yE30pSUa_NrBgPB4ILfJvA,51.357405555556,12.261533333333,DE,Germany,Europe,Schkeuditz
Ek7fyqmcKRDBamaUF3_sVg,48.220325639357,14.506245293309,AT,Austria,Europe,Ennsdorf
MqINcompeAbqFYUTA3yJyQ,25.2082059,55.3133682,AE,United Arab Emirates,Asia,Sharjah
bajmufhNXraol7OMQbVG0g,37.7821755,-122.4105716,US,United States,North America,San Francisco
RILX7lwkosl-O0ALoSVlrA,34.787279041389,137.995839715,JP,Japan,Asia,Kakegawa
eBuito59H3m8YJV_IgVxEw,52.52923332,13.30927006,DE,Germany,Europe,Charlottenburg-Nord
nla71uD13aoTMeJXoEAAgw,-33.433624892561,-70.597527623177,CL,Chile,South America,"Villa Presidente Frei, Nunoa, Santiago, Chile"
Ho21fpTCKrejNQVcB-epLw,52.25475,5.243141,NL,Netherlands,Europe,Laren
ZM7zOyKxCfDUozcWKJj1WA,50.044417014483,14.446424160242,CZ,Czechia,Europe,Hodkovicky
OD8-gu5cOKEU38c6jIuYcQ,-33.451231388889,-70.652314722222,CL,Chile,South America,Santiago
exzpRE6LTtw5WrxeZb4gBA,50.089418143512,14.468370080875,CZ,Czechia,Europe,Liben
MECh7_7amZ4JUs1jCxMptQ,30.3965667,-97.7337105,US,United States,North America,Jollyville
U1LlDX-U3DbmJufIl2XJ9A,-33.92693796,151.15782401,AU,Australia,Oceania,Arncliffe
FNuxTea5mnnLJfW8T7WDWw,43.745725,-79.568480555556,CA,Canada,North America,Etobicoke
oKC_laIU4bhsD-AUqjdGIQ,48.713088,2.264585,FR,France,Europe,Palaiseau
Se0hddnFKtUqBAMuK8uwjQ,1.313885,103.839805,SG,Singapore,Asia,Singapore
KV1jumba1SerRQGlhSSaRw,50.07048545,14.37708947,CZ,Czechia,Europe,Mala Strana
gj7oACc0j9PzeJG2TAmDVA,63.430613675008,10.389068573713,NO,Norway,Europe,Trondheim
_TNc-QSHx87OaKs_dPfCQA,48.876742,2.355663,FR,France,Europe,Paris
mqnmNXBqDQaDh5EZVX3PtQ,43.427233,6.749013,FR,France,Europe,Frejus
z55lWbmVmq2MlZzz1Rx52A,-34.908334820106,138.59198501773,AU,Australia,Oceania,North Adelaide
5pprS3KqzT2TuMiRm2UPZQ,48.211261780105,16.371949399979,AT,Austria,Europe,Vienna
LclDXoETvoWdIWKuBYAz4A,47.6549703,-2.083209,FR,France,Europe,Redon
8SbwGx-2V0cP97r9AAaxzw,52.4021821,13.0705647,DE,Germany,Europe,Potsdam
p8D-tDZeAPsNRFeL7v0nRw,51.57522482,-0.09846568,GB,United Kingdom,Europe,Harringay
N0qFisbD0ztQgiKkrB0s5g,33.95090243,-84.51954876,US,United States,North America,Marietta
PQlEAOODNRHEIxnePvfepQ,34.049817,-118.240141,US,United States,North America,Los Angeles
HAwWzuplmqomRQRNKreJzA,-41.435712742213,147.13851999573,AU,Australia,Oceania,Launceston
4qU10zqfCPayKi_0Ai_Vtg,41.401422148333,2.1966662538889,ES,Spain,Europe,Sant Marti
UYqzIz-iTV2zdTQbsuBKjg,47.720409,-121.132028,US,United States,North America,Leavenworth
aO747J1IyNYeB9Y1CrBa2Q,55.73917898,37.6111143,RU,Russian Federation,Europe,Moscow
BHrwBEaSlO4SjJZSAY0Q0Q,-22.896789908054,-43.201834001002,BR,Brazil,South America,Rio de Janeiro
_SUvXqe6726uGCJVajIZ1w,36.165394,-115.150427,US,United States,North America,Las Vegas
Pk6FPJZgPEdApUInWWGSDg,52.308021,4.750724,NL,Netherlands,Europe,Aalsmeer
PrAWh7FTJiW4e4YtTCoXMA,64.11471861,-21.89270622,IS,Iceland,Europe,Kopavogur
PHzptJeal8eLwpX08uw4aQ,38.89724,-77.041625,US,United States,North America,"Washington, D.C."
-9y4NjcjdoPFMs5wwC7otg,40.43730603,-79.99442763,US,United States,North America,Pittsburgh
I4679VsGUiM13J6mSMh-Ug,25.812862,-80.190931,US,United States,North America,Allapattah
-YPY81fouoG7rXRw8krsSA,37.562685,126.886702,KR,"Korea, Republic of",Asia,Kwangmyong
k_lrpgCsqhLGCKf3ixNIhw,33.96087533,-84.5399308,US,United States,North America,Marietta
DS7hApcI92552F4R-DMHLA,-16.46887223,-68.1220213,BO,"Bolivia, Plurinational State of",South America,La Paz
SA5YGYbcS_UszV-kaDiaYQ,51.452608,9.865126,DE,Germany,Europe,Rosdorf
ZzqOV7uuEhnmRBwg0JKfgw,37.727521,140.427153,JP,Japan,Asia,Fukushima-shi
MmFszwSTcCq-rdriNsD5vA,52.171691666667,0.10781111111111,GB,United Kingdom,Europe,Grantchester
P1rvYZj6MtJHa58XfSW47w,60.050004,11.13764,NO,Norway,Europe,Klofta
96hLgF_1TAAoRroFGVoHwQ,45.43989522,-75.72569385,CA,Canada,North America,Ottawa
-P1z3gM5DlaNUCdPEjgQ8w,40.648721388889,-74.523273055556,US,United States,North America,Warren Township
BvBK9GBmIIzTB3yA_1N2Lg,50.0642002,14.4245147,CZ,Czechia,Europe,Vysehrad
RnJbnQKJ_20nJwGKtQFqeg,40.8722974,-73.5290591,US,United States,North America,Oyster Bay
L5k0TmlZR1Eex4wv3-UHiw,47.499035,19.04024,HU,Hungary,Europe,Budapest
HwhQ5gzcJ1KaU7DJ1Tj04Q,42.363893,-71.055699,US,United States,North America,Boston
aMDNYUlf2P5EWU_aF86eDA,51.5017,-0.177112,GB,United Kingdom,Europe,Bayswater
-WGa5idP-_DtlLWE9HzLrA,35.683252,139.762471,JP,Japan,Asia,Tokyo
TjAVp3hnSQUKhcWji_bWTw,-23.6294571,-46.6461023,BR,Brazil,South America,Diadema
P2COoyHFwi_WiFhVn-QcJQ,60.15695274,24.92164151,FI,Finland,Europe,Helsinki
_1Gn_xkw7sa_i9GU4mkxxQ,37.52436797,126.99629439,KR,"Korea, Republic of",Asia,Seoul
76WAjBl8-xZRn04F-vcMyQ,50.81105024,4.3271333,BE,Belgium,Europe,Drogenbos
PyYPuEk2HMNbQ9xE6oHOrQ,34.090188,-118.39276,US,United States,North America,Beverly Hills
3P4LEb8iy0EF-QWD6DDtiQ,48.820223,2.243896,FR,France,Europe,Meudon
RRULcFd3qTetOom1ZtXwYw,53.3449569,-6.2649973,IE,Ireland,Europe,Dublin
r0cJl6lnl3RH_PCn-1aA5g,42.352441,-71.061585,US,United States,North America,Boston
lN4quv64dqa38srJlhj1WA,51.225989,2.926213,BE,Belgium,Europe,Ostend
QWRdCPTZSTRGAP87D0ckkA,-33.93394004,151.15874034,AU,Australia,Oceania,Arncliffe
F4LeV_Q--BLij-2WHLUeRA,38.89217422,-77.04959658,US,United States,North America,"Washington, D.C."
5jyCUnk3dcEMcKAZetHw1g,33.985072,-6.823334,MA,Morocco,Africa,Rabat
wwVdllTU1F8vfhM2WiAo2w,50.10485912,14.48343372,CZ,Czechia,Europe,Liben
IsHb1AK2mXmYciB-kwm6tw,52.5315,13.306138,DE,Germany,Europe,Charlottenburg-Nord
R3KQOB0dvxxNh0xc3YIkvg,41.9038553,12.5101285,IT,Italy,Europe,Rome
oZsNGC00CADbeWVhOB5b5A,59.301548081472,17.999750851315,SE,Sweden,Europe,Arsta
pTbVDf5aOHP4g6BoSQotqA,43.09662501,-89.49893175,US,United States,North America,Middleton
zoUMSZg6ygzt649q3GM_5Q,52.34772664,20.86065357,PL,Poland,Europe,Kielpin
rb5xnpDp56yboZn4resHrQ,51.514086111111,-0.092391666666667,GB,United Kingdom,Europe,City of London
l-MYcO47ZNKOCxH1DekG9A,41.88400274,-88.01844604,US,United States,North America,Lombard
ZfMwky1N5DpTaqr5Q_U_aA,35.441748,139.667455,JP,Japan,Asia,Yokohama
QuB4bgajSBtVhipJnlRuiw,37.325938055556,-121.91160472222,US,United States,North America,Buena Vista
Bk6-NvH_BEyNu2F9KPFTpQ,34.9526724,135.7002627,JP,Japan,Asia,Muko
aOpKZU-09nLNuNMMs-g5VA,35.578743,139.564606,JP,Japan,Asia,Chofugaoka
bp-7mg9UTFcEAdoNToJ-hw,56.866669,60.58276,RU,Russian Federation,Europe,Yekaterinburg
uGOlLduaBeNXUNkmfql6NQ,-34.899298860003,138.58822072826,AU,Australia,Oceania,North Adelaide
UjyMm6w_ojsPuszxP8oy4A,46.988081,7.455784,CH,Switzerland,Europe,Zollikofen
kuKoA5NhjKa4wu-lRGLCIQ,37.785236111111,-122.44676944444,US,United States,North America,San Francisco
yY3IY_QlQi8KghukjXwGOg,37.700105,-122.46167305556,US,United States,North America,Daly City
7wD8HgoYeJIOn9EizYGoOA,39.32923,-76.615846,US,United States,North America,Baltimore
bfWKdkVh4YTsGVVREh3E-g,37.654481388889,-122.39997972222,US,United States,North America,South San Francisco
GJshsxEqBEdgq-Qnl2TaTA,41.897162,12.484701,IT,Italy,Europe,Rome
XdD0zUACrfYNHGXiqJm4Ow,46.947209599836,7.4481857638889,CH,Switzerland,Europe,Bern
kq_sIsiqnqTV41RSd5dwSw,35.004771,138.385801,JP,Japan,Asia,Shizuoka-shi
i8GorzhMGUhupEoYInSEXA,51.3391442,12.37438501,DE,Germany,Europe,Leipzig
IqvPucNpHWnqhJ4wfWTA4Q,38.12738364,13.35310027,IT,Italy,Europe,Palermo
VkQUraZ9tOlDkeEM_Ua1CQ,-23.3075121,-51.16307851,BR,Brazil,South America,Londrina
rUhO-u8L5nfsvMd08yXsMg,34.93614766,135.67961569,JP,Japan,Asia,Muko
oQFxvGdcm3ddUB6WQaVyXg,50.912259212936,4.475057260309,BE,Belgium,Europe,Zaventem
EgfueSMjIUhxlPAItyTY8g,-15.77611477,-47.8744234,BR,Brazil,South America,Brasilia
wMNPWjTaqkrKlB_ipMJ4QQ,43.6213319,142.6642333,JP,Japan,Asia,Kamikawa
VR4NuSuQzlUJpEz_8UoNaw,44.218701,15.700878,HR,Croatia,Europe,Obrovac
iSoZOlsw7ic_dOHki7D19A,47.611804323042,-122.33504695091,US,United States,North America,Seattle
WN5cpr2Y23DW-uMRdzd5aA,47.613751228675,-122.34708539119,US,United States,North America,Seattle
Mnl0_rUFAV58V7FOcuwbQg,37.46527,139.837272,JP,Japan,Asia,Kitakata
Xcow76pQUAiYa7lIBecCtg,52.324118,4.773674,NL,Netherlands,Europe,Aalsmeer
yCim34brmFoXP-zmd9U-EA,35.658372,139.707039,JP,Japan,Asia,Tokyo
P0KB4AVbFmsriRByrVentA,-36.852424,174.752276,NZ,New Zealand,Oceania,Auckland
M0sRVYy5YqubuWplFhdrQA,27.9498871,-82.4829195,US,United States,North America,Tampa
lm-lmmXsyTFdlbS1aqmapw,43.000938,141.348655,JP,Japan,Asia,Sapporo
X_uRZB1SAqphlsn1NIlJ9A,47.479195212945,19.080448709428,HU,Hungary,Europe,Budapest VIII. keruelet
kLZi69SEq4eUnQqLUc7Zdw,60.1765617,24.9413427,FI,Finland,Europe,Helsinki
GdW7H6tdPVYESFZ5V_OLhQ,50.84012312,4.35617083,BE,Belgium,Europe,Brussels
9TsxljxQAOc2FLLvfU0U4g,41.402473,2.1951078,ES,Spain,Europe,Sant Marti
0Q9A9fYJmMRPoug5PgoEag,-43.535174989633,172.62581782521,NZ,New Zealand,Oceania,Christchurch
-IK_pKkzprAR5XnFgpQ-NQ,48.19487815,16.38518381,AT,Austria,Europe,Vienna
AUgtCBEPgFglN7gbGjm4OA,39.559172,-76.249106,US,United States,North America,Riverside
90996eGJWr2gSTUwCOGL1Q,50.027271831237,14.432084893193,CZ,Czechia,Europe,Hodkovicky
O5dqRibaFNvVWfRQijtfLQ,29.61129724,-98.60612706,US,United States,North America,Shavano Park
K8KhXOLo_mDm5QxwsOHLYg,48.47641242,-123.37378505,CA,Canada,North America,Victoria
kGQJRS3-O0hvAFBDEDn1tw,48.7161452,2.2661722,FR,France,Europe,Champlan
lLwaepjEV5AtWabOsljVJQ,52.339038,4.861765,NL,Netherlands,Europe,Amstelveen
wzuh3wRWPGchgrM8Dt-9QA,-12.073216666667,-77.048056666667,PE,Peru,South America,Lima
_QDf_pTzs-sEyBubXqmqxA,33.5753178,-112.0113487,US,United States,North America,Paradise Valley
JRXL_NXksQXinVCpckxVew,39.266876,-76.604859,US,United States,North America,Baltimore
xMuzgelAWKI-JjIubePqig,33.85459566,-84.48345944,US,United States,North America,Vinings
fV92O-7ZUXUxkVcKxMEp2g,35.0360655,138.8968242,JP,Japan,Asia,Numazu
R5fEksuOgLLZvaxSJGg1Tw,1.336553,103.81894,SG,Singapore,Asia,Singapore
XP7zw_22Ffm2_2FcR_BNWg,60.62338688,6.53117053,NO,Norway,Europe,Voss
WRtf4bo9CfO2bka5XeT92g,50.840319,4.356718,BE,Belgium,Europe,Brussels
GOEywu2_epf21HWind_o4Q,40.417682917227,-3.709446780062,ES,Spain,Europe,City Center
lOlURlZ2hkb6iRi3HRiojw,55.65739787,37.52285757,RU,Russian Federation,Europe,Semenovskoye
viqgAHRRZFzb5sMMtRfvlg,47.606883629479,-122.3382864496,US,United States,North America,Seattle
kqxMTbTPAG4kG1U1i1dPVw,33.98376854,-84.54194151,US,United States,North America,Marietta
KQGaQaJDIMIWz9JpI_57Ig,41.40690775,2.12581601,ES,Spain,Europe,Sarria-Sant Gervasi
cUUHJgqNPZ26S1zdSB-JYQ,3.440724,-76.518683,CO,Colombia,South America,Cali
rxfL9Z01nHHkvHx7pNZPKg,35.092938356111,138.51533557306,JP,Japan,Asia,Fujinomiya
0KI9U--eKDCBa6yGacK31A,43.65742,7.151806,FR,France,Europe,Cagnes-sur-Mer
xV9YizBDEkQXBt2_7QOrGQ,37.547333055556,-122.26590638889,US,United States,North America,Foster City
ibo1Ch9qM0X-9bFud7GQig,10.49748871,-66.92761635,VE,"Venezuela, Bolivarian Republic of",South America,Caracas
3SYDZNRQyfi_8GiDa-6mig,25.114177579444,55.201090812778,AE,United Arab Emirates,Asia,Dubai
9Ca92Eq5U7n1RkA3OWY2qQ,33.879717,-117.924412,US,United States,North America,Fullerton
IlQNjqQEuFxBOYt1K31QkQ,52.245508,21.033771,PL,Poland,Europe,Praga Polnoc
FyC2cimDdAGyRbfhFCr-7g,50.843875,4.383725,BE,Belgium,Europe,Brussels
xmzivWn9fbr3uxt5VqkI0A,37.806683,-122.405553,US,United States,North America,San Francisco
wr_GsW1Fv6DBIcXGO986wQ,55.59902089,13.0109113,SE,Sweden,Europe,Malmoe
K5la755JyNbj9j8skvW2mA,52.367861111111,4.9032444444444,NL,Netherlands,Europe,Amsterdam
OZQOUNcoZi4HmbMRHfFqKQ,50.7088478,4.4072976,BE,Belgium,Europe,Waterloo
uNX_f6Zg1XG7rCbyhpbtlw,43.039173,141.371845,JP,Japan,Asia,Sapporo
5VHr0vC5_HGuHaVILWA7fw,43.653772,-79.375035,CA,Canada,North America,Toronto
bgoiLRoObYIfAvplZL00FQ,47.980052,-122.187476,US,United States,North America,Everett
cgO9UhzSppkjOKtBihziuw,49.87031349929,8.6497992839124,DE,Germany,Europe,Darmstadt
gfrI0l9-FgVq47Wz1U2f_A,-16.521396,-68.115019,BO,"Bolivia, Plurinational State of",South America,La Paz
jrXktbfXkBl0QangXxQcmw,51.021743,4.473347,BE,Belgium,Europe,Mechelen
WTDiCKgC7jVg4ywbdLGWFw,42.377032,-71.056764,US,United States,North America,Boston
2UiUlk9K-ibfoMJ5EeSA1A,18.7002433,99.0482633,TH,Thailand,Asia,Saraphi
0AZiFqSRZ_2Xn1JfaZmcqw,40.732344,-73.99119,US,United States,North America,New York City
z-iuKcFcAFbLqU5F0C7J9A,39.319361,-76.625433,US,United States,North America,Baltimore
tDRdOeSDTZKNlO7Uk76FYw,22.275471,114.180177,HK,Hong Kong,Asia,Wan Chai
_AqYLgHr86zSfBZ7uDnQAg,35.9228,139.48267848,JP,Japan,Asia,Kawagoe
VJJ7_23anXWIcdt8OIohEQ,35.748276,139.722308,JP,Japan,Asia,Kawaguchi
kU6VgmKGMPlXdHDL3hsWFQ,39.86759536,116.42421091,CN,China,Asia,Longtan
FlQX43Xbk1Dqvo-gzF4ZiA,51.873227777778,0.77195277777778,GB,United Kingdom,Europe,Marks Tey
Gp0KqhB88_8Jbtarq0f1Dg,39.955171,-75.213723,US,United States,North America,Millbourne
EYR72WxtIknuqORNZS6UYA,34.9534975,135.7166531,JP,Japan,Asia,Muko
efwM294fu576YzMPMfbToA,39.256878,-76.664271,US,United States,North America,Lansdowne
ZQtvRGDhro5n78D5_wDizg,41.878154,-87.624041,US,United States,North America,Chicago
UMuZzlhDJg4MKGU9q1GwJQ,35.251564,139.022223,JP,Japan,Asia,Hakone
j1z-15itLqJ5jwr6xJp6Jw,48.215377615621,16.340688381278,AT,Austria,Europe,Vienna
_ofjP6PF8Z4MJXlo1Fo62g,33.78705932,-84.39148529,US,United States,North America,Atlanta
fos3-HXZWv7Q2ISkw1oOCQ,42.39901,-83.092664,US,United States,North America,Highland Park
Xio0MCbwdaZ6vs36VE7QCA,33.90587887,-84.46447395,US,United States,North America,Vinings
JYcWwc0EXi0T5tcwYJwWGg,51.32657272,12.39926958,DE,Germany,Europe,Leipzig
b9LHvrZ-xExLXbqR1vrnEg,36.071659,-115.172315,US,United States,North America,Paradise
zM3_5Do7DOHTg8E7znzzZA,41.91874248,12.47016006,VA,Holy See (Vatican City State),Europe,Vatican City
r2GySqKxKuE8Qbs7Son1hw,12.95588026,77.59221011,IN,India,Asia,Bangalore
CLygNVtHpXXGvoK8KJZyww,35.56564,139.403582,JP,Japan,Asia,Machida
E89NxhCUTe1gBQNkDgIKPA,41.89637,12.485967,IT,Italy,Europe,Rome
6ufGKCZbMhxrSa1ql5PXpQ,35.649026,139.803215,JP,Japan,Asia,Urayasu
Ngqr24mONuMC1dZnrQMywQ,51.484651,-0.093587999999954,GB,United Kingdom,Europe,Camberwell
BFVsryMA4we5gS0SOWTQzA,50.0466632,14.4149542,CZ,Czechia,Europe,Branik
_V4rTVlRzlU7AAnRxhFzzw,39.8017224,116.52431414,CN,China,Asia,Jiugong
hUuk_mi_1aIHf70AFh-Nyg,37.794826,-122.401857,US,United States,North America,San Francisco
gUhZjsyiDZrCpp_aoOBcjw,-33.8931937,151.20179426,AU,Australia,Oceania,Redfern
Je9dB8bhfu_vKsrcRvP2qQ,-43.568831227367,172.6227277119,NZ,New Zealand,Oceania,Christchurch
jmD7-QUCcFRALeab9y6U9g,46.434965,0.59949833333333,FR,France,Europe,Terce
4SOhLdRtZvd4yu0OW7eI2w,40.492339,-3.671326,ES,Spain,Europe,Pinar de Chamartin
ZtWCCvmvXZhE2oE1vPJvFg,43.687748,7.2384,FR,France,Europe,Nice
9uAi8m3kDB_ZC0As1rZYAA,52.2169429,21.0158516,PL,Poland,Europe,Srodmiescie
I_GWVhMWnL2mrFm8EzL3kw,37.362978055556,-122.06138972222,US,United States,North America,Sunnyvale
ADqk8LFyYysBlM2XmliKag,19.4872549,-99.1318329,MX,Mexico,North America,Colonia Lindavista
4F8NEi2w5s8V5T9bKweBmQ,47.393319553955,8.5284463814673,CH,Switzerland,Europe,Zuerich (Kreis 10) / Wipkingen
ogX3yoeQGYIYekuP1rScXQ,45.783958,-108.507162,US,United States,North America,Billings
kkZdf49kZfUFkUGbbY-yoA,34.106257,-117.855241,US,United States,North America,Charter Oak
3obBBYuP4fYqKOh_fnekgQ,50.899610618666,4.4404506118977,BE,Belgium,Europe,Diegem
zC0rO6zY2oLEF9hPVXZkPw,36.949741,140.908065,JP,Japan,Asia,Iwaki
qdEAsMc5h2QJHVjw6tiHTg,37.713158055556,-122.40036972222,US,United States,North America,Brisbane
8_0-AHBG2ZYlpTgmsryG1Q,35.110435338611,138.33333679472,JP,Japan,Asia,Shizuoka-shi
78l3szqOqKnPl-jLWKZTQw,36.6561815,138.1813984,JP,Japan,Asia,Nagano-shi
pFI8smjZzqP5ukGlLVm2Ig,40.704630555556,-73.958891666667,US,United States,North America,Long Island City
NRkd_N-2casyEA512Ryy_A,38.90140874,-77.04321697,US,United States,North America,"Washington, D.C."
Y-FD6h2DjjaUfoX3nnQMFw,59.34085,18.058442,SE,Sweden,Europe,Stockholm
G_LtSuWsUpLD1TC3Lifj3w,41.400257977778,2.19566408,ES,Spain,Europe,Sant Marti
-Xsl7QdtB5Pk4nekx2VqhA,48.84346834,2.32519813,FR,France,Europe,Paris
MNtfPRTt_ykdnKvnoib4SA,39.48217,-77.227274,US,United States,North America,Linganore
DTsmd1lno9qraSCqcRmgVA,50.039903022358,14.432462730056,CZ,Czechia,Europe,Hodkovicky
EDS5SbGx1msIiHYxxkfXug,34.976007481944,138.37150211472,JP,Japan,Asia,Shizuoka-shi
P52BtZrjSKUBKNMSEBo_nA,37.293974,140.757622,JP,Japan,Asia,Funehikimachi-funehiki
E00oWA0zsmrvpDmZGxNw_w,33.74821078,-84.39700116,US,United States,North America,Atlanta
CcQOORuW98iAqyAvV3eNCw,50.075408494531,14.294615654064,CZ,Czechia,Europe,Hostivice
OPnThJsJSVJdtT8hUW8jAA,47.48038221,19.0661848,HU,Hungary,Europe,Budapest IX. keruelet
2uHj4q4FDbiQjZWBwO2D0g,52.542208596133,13.413659976795,DE,Germany,Europe,Prenzlauer Berg Bezirk
oqB-KEfQjBq6wA9AxZPIng,33.79130636,-84.39444455,US,United States,North America,Atlanta
TrSsbDwMwI9sj4NMUoICDw,51.353502777778,12.314791666667,DE,Germany,Europe,Leipzig
FFSyN5Bl7LPQ_6GLXROphA,39.764450127259,-86.15646706894,US,United States,North America,Indianapolis
lamx_WhZiOo8et_JVMpu0g,32.709558,-117.156522,US,United States,North America,San Diego
2mK_8vt03xpGTiglsuZNbA,47.616818,-122.32086,US,United States,North America,Seattle
sBl7_8ESxSez-tm-KXgUpA,59.329892274245,18.028392791748,SE,Sweden,Europe,Stockholm
GVjXsyqetuQYHlC9mvlNvg,43.306402,5.365616,FR,France,Europe,Marseille 02
O-Ds-K0MYxHRVbnwtlg48A,35.135033,138.877595,JP,Japan,Asia,Numazu
kUlsHgvx7wYmzmYTOOsfaQ,52.36549,4.896155,NL,Netherlands,Europe,Amsterdam
ROXgSM0NhAnPy_tvOC21Gw,48.847187,2.34074,FR,France,Europe,Paris
UlMWhhlu7rIAhdS5_sRopg,47.003446718056,-1.3327985705555,FR,France,Europe,Saint-Hilaire-de-Loulay
R3k2uK8ClRctNsIsz8l4PQ,35.61774,139.676039,JP,Japan,Asia,Tokyo
osm-oJv_4ujFBsYBPhDzYA,35.699287,139.787548,JP,Japan,Asia,Tokyo
7durw09kiJWjImmmKf36ag,19.416075,-99.145119,MX,Mexico,North America,Mexico City
hMyj9gUEudMBJR6NrI1ugA,43.661682,7.193056,FR,France,Europe,Saint-Laurent-du-Var
aDN8PN30i2Gd0b-eM-n9Xw,48.18156765,16.37884602,AT,Austria,Europe,Vienna
HPF_5brwxVNwIfRUZSf1jQ,-43.530651653051,172.56784015667,NZ,New Zealand,Oceania,Christchurch
IDlqsoIgbL4kxh-XFtC0nA,44.960752777778,-93.288069444444,US,United States,North America,Minneapolis
ZRpu_qvLvf5IMANRw87BCQ,50.03433605,14.50802271,CZ,Czechia,Europe,Vestec
xLDxlyuxx8yExyGfqY7xgA,29.69224,-95.284161,US,United States,North America,South Houston
NV8tUoi_Q_DLqIfTBQnEFw,-15.78909192,-47.88465802,BR,Brazil,South America,Brasilia
EOFvKMB8ql58xBull-wU6Q,50.869478,4.308278,BE,Belgium,Europe,Wemmel
b160yNdFPs-pcsNfNH9fGw,43.644221,7.144688,FR,France,Europe,Cagnes-sur-Mer
FfV59vJ1rdC5sGtMcr372g,35.675935,139.762278,JP,Japan,Asia,Tokyo
5F6gNj45yJzJhClHjWUX6g,35.570105,139.759987,JP,Japan,Asia,Kawasaki
JYP-jBJxJsjjrddo_6LCrw,42.360850400188,-71.052622622811,US,United States,North America,Boston
nsEFmn-jGucQULF6FCHEsw,37.765145,-122.419548,US,United States,North America,San Francisco
4_m7ze1URMmMzKRtJCC6jQ,39.327065,-76.627928,US,United States,North America,Baltimore
Z8HD6Drv-f1ihS8RezXFyQ,22.34356526,114.12804005,HK,Hong Kong,Asia,Sham Shui Po
ShLpB6m_adm6XQjO_l9tbA,57.726713333333,11.945386666667,SE,Sweden,Europe,Goeteborg
_-l1jHXeWFa2Y48WsRMEdg,35.623077,137.460771,JP,Japan,Asia,Nakatsugawa
OiaPWl7XlvkJ-YjnS150LQ,47.6535788,-122.314885,US,United States,North America,Seattle
PXzb_puzjfiFk5HeEldFnw,43.704213,7.299354,FR,France,Europe,Villefranche-sur-Mer
5EO0WKraJItW3YTXsr8gQg,-43.553217,172.64987,NZ,New Zealand,Oceania,Christchurch
evSG0SN_cGwM9bo76dH4uQ,50.06122318,14.49507815,CZ,Czechia,Europe,Liben
27Merowr2-uCOafWvX_MLQ,48.823627,2.249158,FR,France,Europe,Boulogne-Billancourt
3gp7fQM95pCcMLisEUou-Q,-33.93286,151.179134,AU,Australia,Oceania,Mascot
X2OB5wMrU67k5SNx2XBUhQ,-43.53143667,172.59317388,NZ,New Zealand,Oceania,Christchurch
7gsWdahIWSYgrwe_ElqMHA,51.4417521,6.9958171,DE,Germany,Europe,Essen
Ah1NjAqbkAIsuBsNmkxEPg,43.643363888889,-79.405194444444,CA,Canada,North America,Toronto
zDkaq3kCP1oeMTlmfI0_ig,36.164225,140.234405,JP,Japan,Asia,Ishioka
psoV9oOSmSbaM-pwGPpI4w,-33.783317,150.893778,AU,Australia,Oceania,Blacktown
H04s0_KVM7clInB2JOKGRw,23.126802909153,-82.33964484577,CU,Cuba,North America,Regla
oyAEtpJUD5ncMTjh29wlTg,35.500488,137.071287,JP,Japan,Asia,Minokamo
JyhE653yFKvRus8RB6-ReQ,31.288204192999,-4.2564382549982,MA,Morocco,Africa,Jorf
R1bYEBWYbXbSb9QADta1rQ,50.98814,3.805619,BE,Belgium,Europe,Melle
teUMoHGn42s8BTg7xdFkWw,40.694429,-111.960606,US,United States,North America,Taylorsville
Wdi5J5VzRZDMrE7wPynSVQ,42.368138,-71.056783,US,United States,North America,Boston
vpLkkVrRmPFCBRoNRdhQDA,52.21683299,21.01571485,PL,Poland,Europe,Srodmiescie
Vh_uvNGHB4xCktMdQUU1Mg,40.710926388889,-74.168333055556,US,United States,North America,Newark
KVy02uTxDWvAyMXNvoRE6g,48.21643277,16.35837756,AT,Austria,Europe,Vienna
39FHkg5ZmNCokV4koVRi5w,40.4556353,-3.7068949,ES,Spain,Europe,Tetuan de las Victorias
nf9lKNcRA5wkgXqg0-AuQQ,50.0328089,14.50764648,CZ,Czechia,Europe,Vestec
wO1V3zKD9KtnDFQp-wmM9Q,53.3392542,-6.2736643,IE,Ireland,Europe,Rathmines
4XwNJtG8OyveUKn0kLz83g,36.058527,140.178468,JP,Japan,Asia,Naka
cXmIPIdGb-vB-hsbScHh1g,48.201495544934,16.337710238293,AT,Austria,Europe,Vienna
CuQWW7bfcJZXO_A4WD7vyw,48.836176,2.248987,FR,France,Europe,Boulogne-Billancourt
y47xvR32iWEjzZbzp0EZXw,59.940877777778,30.330130555556,RU,Russian Federation,Europe,Saint Petersburg
FUQuJs-52jhftJYZa0hI9g,4.86315,-74.037003,CO,Colombia,South America,Chia
o_7-kLuKqaDtJti3EIrYeg,34.978449789167,138.34736085611,JP,Japan,Asia,Shizuoka-shi
ir57aYIQSDMWclyX7mAXEQ,63.414086600051,10.419321849998,NO,Norway,Europe,Trondheim
3Ned3pRUlZ5NcT9qP5b_BA,37.7957025,-122.4092943,US,United States,North America,San Francisco
03T1YjbnUSumHU5n-iYEzA,49.20854204,-123.14170151,CA,Canada,North America,Richmond
OJEqM_OgK1C6_Uzy-V8akQ,54.6067175,-5.9102694,GB,United Kingdom,Europe,Belfast
mUCzlZTSCJr0fUZqCu3-rQ,1.4148160386978,103.84297906367,MY,Malaysia,Asia,Kampung Pasir Gudang Baru
9eXNmSQv7V4xyp2m_W64FQ,40.55277369,-105.11309845,US,United States,North America,Fort Collins
gfH0don1Ojvjn6OHjwK7vA,36.079916,140.202937,JP,Japan,Asia,Ami
-UE2rM7QKcGxp4x69A4RnQ,51.510461,-0.13427999999999,GB,United Kingdom,Europe,London
cfpz6KuADw6GI9nz-_elPA,35.349382,137.671911,JP,Japan,Asia,Nakatsugawa
ZWw3vPJ7vDeaLQcqOpTZXg,27.92603505,-82.26153466,US,United States,North America,Brandon
10LozR-r_PnVyUloTy7P_A,50.100187,14.486075,CZ,Czechia,Europe,Liben
9jdgIOf4OAu0utmoJTVu3w,51.495627777778,-0.10294166666667,GB,United Kingdom,Europe,Kennington
7gyVm28lLp18X7Sm-vMfzg,-27.459938,153.034128,AU,Australia,Oceania,Fortitude Valley
aWtNgIBMpLpIvfESgMu86A,35.024026,138.899249,JP,Japan,Asia,Numazu
X411sWYarL5ZPlCCVLybWQ,40.441707,-3.691973,ES,Spain,Europe,Chamberi
bKN2vqroGiPvIpDWzvEtLQ,63.430294289266,10.39938518461,NO,Norway,Europe,Trondheim
hFQajaS7VajKHlOPzUFpcg,52.043788,4.4035280000001,NL,Netherlands,Europe,Ypenburg
E2MU5se7Dkjz5jsgnH3ZNQ,30.5322054,-87.2213915,US,United States,North America,Ferry Pass
Ir3dFRxBCbYIsS65aSL_dQ,63.428540538207,10.40015794037,NO,Norway,Europe,Trondheim
XDZMTMbZ-eISki95x-b9Gw,59.988423613831,30.333443814889,RU,Russian Federation,Europe,Sampsonievskiy
eURikCcfk2-7Ztf6HxadvA,-36.840885,174.739639,NZ,New Zealand,Oceania,Auckland
xAwX0_R-4P8wKinZRHngoA,34.971644,138.386108,JP,Japan,Asia,Shizuoka-shi
27dlk4ebVrho0_FRFBD_jg,47.6898373,-122.3606159,US,United States,North America,Shoreline
LFkEFzCcoFaNjC5wSxH5iw,51.501113,-0.116183,GB,United Kingdom,Europe,City of Westminster
bT3l11uB5MJGv5ZTdzozLw,50.8820214,4.7000776,BE,Belgium,Europe,Leuven
RYoYmDu3Tv5Fv_NRCnAmJg,52.20737928,21.03367294,PL,Poland,Europe,Mokotow
BAibCZBvK_0srSiX8oEu0g,3.451836,-76.546503,CO,Colombia,South America,Cali
lKDWX0ge6giQ2PZvwX3lLw,51.597813,-0.673525,GB,United Kingdom,Europe,Beaconsfield
a4Z7to7I6h9zfrgiwFltDw,43.297833,5.381431,FR,France,Europe,Marseille
zWEeddP-SSKuIHGXIF5hTg,47.492597834207,19.041063822806,HU,Hungary,Europe,Budapest I. keruelet
z5S_FKLMxFCza1G5dl1NcQ,33.4622449,-112.045323,US,United States,North America,Phoenix
QJzMpT1Dlic2liN-hAjbDA,51.503411298618,-0.079173278063536,GB,United Kingdom,Europe,City of London
fa9zKiceAUomXlu19I-ilA,-41.295737,174.777122,NZ,New Zealand,Oceania,Wellington
ceYC8wIkU2hU_dsANEyrow,48.874767657682,2.3192551732063,FR,France,Europe,Clichy
p787S0QkmEFCq8RuFBpVJw,35.659394,139.736666,JP,Japan,Asia,Tokyo
01o_TmhYAKongD0M2R4zbQ,-27.457112,153.020816,AU,Australia,Oceania,Spring Hill
V-7pCDYMFIgk-w5Fwp5UDQ,45.001363888889,-93.205488888889,US,United States,North America,Lauderdale
6KP-F9snLfi2KtIuDbOYAg,35.16578,138.916078,JP,Japan,Asia,Mishima
iZCTrEXYXlVWDXxpWWh1vA,35.205358055556,139.68166638889,JP,Japan,Asia,Yokosuka
IxdOzTLmPvxTj4o-9zWfSw,52.372742,4.907604,NL,Netherlands,Europe,Amsterdam
X9XzlaN6LfTEvlN9Gl7EbA,34.9208712,135.67714476,JP,Japan,Asia,Muko
tSk43vgyWvgbfOfIZl0HtA,30.393486,-97.746302,US,United States,North America,Jollyville
Aj49-Vrk_h5_p74Fh4ZzPQ,35.4190198,139.3588627,JP,Japan,Asia,Atsugi
Q9VGQJ_OAKfMmVWZ0Ut4xw,41.893841,-87.641657,US,United States,North America,Chicago
qiZze6zXzOQj8VgHKXvzLA,6.2151743,-75.5614218,CO,Colombia,South America,Medellin
dmb6cMzTIDUUU3C8wsPo2g,40.716358,-73.959276,US,United States,North America,Long Island City
I3GZSwaXp-OGMKzjkkkENw,48.875894,2.356416,FR,France,Europe,Paris
MfAWvyhxKPJMrQ4z73K06g,-34.826838,138.5004531,AU,Australia,Oceania,Birkenhead
_7rvmK5eUgZ5mw7mGRGDyA,34.1251255,-84.0182285,US,United States,North America,Buford
4qEVXwyLUtbUcKHxUbAv8g,35.648969,139.758266,JP,Japan,Asia,Tokyo
uZimEZO2gxvFA8WqULZs_g,22.374857,114.118916,HK,Hong Kong,Asia,Tsuen Wan
-zUs4Y0w8pLVk3n5itWx8w,32.73020569,-117.17414038,US,United States,North America,San Diego
tMmCm8uJEeNZuM7l_SOiHA,-12.073694,-77.036181,PE,Peru,South America,Lima
BXOP_XnJ0SSadcQXPP3jPg,47.565877,38.866114,RU,Russian Federation,Europe,Matveyev Kurgan
-pShuVibCqrQgRKRhsJ6nA,39.83445235,-75.37809889,US,United States,North America,Upland
-jrOR8VoL7405tThwHSneQ,32.72343,-117.163897,US,United States,North America,San Diego
OYxNOKAO-oTPy5ZV__3rTw,46.066721333178,14.504624605179,SI,Slovenia,Europe,Ljubljana
l97PsD57WfI0RTl_NGEUag,48.201954,16.169197,AT,Austria,Europe,Purkersdorf
lnnunD8xLttwU36QC36yjA,32.709458,-117.156484,US,United States,North America,San Diego
tcwxU-o6rQ4sZqFNWKagqQ,41.889611,12.503318,IT,Italy,Europe,Rome
NGKGqyyAV1oUPNEPjoJmvw,39.78606049,116.52775808,CN,China,Asia,Jiugong
pMAub2ko38aPTt7Yg-kufQ,37.469926,139.838802,JP,Japan,Asia,Kitakata
qhp7oS0Ijrlmi3fUWTvzEA,51.5404625,-0.1403757,GB,United Kingdom,Europe,Camden Town
j4D_NCn-BpC59uoeEHdTtw,-35.297834980358,149.13551464149,AU,Australia,Oceania,Canberra
nJ07SmokAFtGwa9lA2YBZA,-22.9077852,-43.1840595,BR,Brazil,South America,Rio de Janeiro
TiKWQhvlIO2D3MP8fL8VEw,44.840921026925,20.414237479487,RS,Serbia,Europe,Zemun
_JsTuquQiFCbLIbd_YVYxQ,49.180443,-122.96651,CA,Canada,North America,New Westminster
cstlcBGnNtCILBh2ZNHU3A,52.2668392,20.97901074,PL,Poland,Europe,Zoliborz
DjvcvyNjLUbnbQ3IfenYUw,-23.6605262,-46.7040053,BR,Brazil,South America,Diadema
JN6jyKYHR2Hlx2jw6IMhKA,55.853847503662,11.966557502747,DK,Denmark,Europe,Jaegerspris
xlkTHz9b4XciH-wAmm8F3w,42.354969,-71.062949,US,United States,North America,Boston
eznhfOKyobEzwfWKhtYMJA,49.261845,-123.141915,CA,Canada,North America,West End
doO_iuyzS0GmUUmZtPZIxg,-34.99804368,-58.0512825,AR,Argentina,South America,La Plata
roGzwr_4dTQQyhvxkP0H2g,45.52406763,-73.62511054,CA,Canada,North America,Mont-Royal
hqd7rzXiPVGuXY9VUV2fbg,52.507313,13.347888,DE,Germany,Europe,Hansaviertel
x7a0pwUeOde8Hqj1bJEfpA,38.900903,-77.24238,US,United States,North America,Tysons Corner
6brVQmNm4efka9DGJ5u5VQ,45.43644764,-75.68017763,CA,Canada,North America,Ottawa
v2GiM4aN8nF3yVWIPn0TwA,50.086363,14.431921,CZ,Czechia,Europe,Prague
z1J4RpNrGAjUBvJq_s4B3w,33.4794983,-112.1001046,US,United States,North America,Phoenix
ki7gOJk6hymsXenMDy1oaQ,4.533974,-75.670899,CO,Colombia,South America,Armenia
0XMa8LJMOIF914PZXxEo9A,59.929747944698,30.323421740904,RU,Russian Federation,Europe,Saint Petersburg
GHAJejfKl4JEzUfWucy9fw,51.337880555556,12.385519444444,DE,Germany,Europe,Leipzig
opTbOkdtGaeuvGxH5mGWNw,43.657712,7.150814,FR,France,Europe,Cagnes-sur-Mer
yg3izdbi1PDiz9icB8iGzQ,-0.20696666666667,-78.43095,EC,Ecuador,South America,Quito
F41xt2q0tteuxwLG9WflbQ,43.301731,5.370482,FR,France,Europe,Marseille 02
a5_ZJ7T7CqRaGU2RfWSAqA,-41.28441616,174.77635395,NZ,New Zealand,Oceania,Wellington
Pr_OwI-cHspXzhV5dJq3VQ,47.590519,-122.180948,US,United States,North America,Newport
3GPnabgXOMpS77SSlbcVgw,48.14294085,11.42392221,DE,Germany,Europe,Grafelfing
Yezfkrf5eZ_pvKo2DfXRBg,42.35216192901,-71.070811171099,US,United States,North America,Boston
ha3GcgD9CXvIUI9Yl_GQFQ,-33.900266666667,150.70376666667,AU,Australia,Oceania,Luddenham
dOrVhGX7VYVCBZu8nGrUgA,-15.813872,-47.93784,BR,Brazil,South America,Brasilia
JBPTnhqJngTNfr3-muoBVA,50.81513094,4.30639108,BE,Belgium,Europe,Drogenbos
BY00PhUkg-kTluaHcYxR6w,50.4483143,30.5112399,UA,Ukraine,Europe,Kiev
PIKbm4wYtOx3UCDei2U4Kg,35.693862,139.7039,JP,Japan,Asia,Tokyo
BIa84VjwC-v--eolNz1S5Q,35.035143443333,138.42422663222,JP,Japan,Asia,Shizuoka-shi
c2JJAtUlms-EQ58n_0-aQw,-34.592405,-58.404121,AR,Argentina,South America,Retiro
6fZNJ87qJWKz7SdJYHytaA,43.6548939,-79.63707205,CA,Canada,North America,Etobicoke
3pcgY0nCOwr1tTrR5qhkhA,-37.7970285,144.9580531,AU,Australia,Oceania,Carlton
DPsoIcIwT8YDfHFMLQK0bg,35.622011,137.461628,JP,Japan,Asia,Nakatsugawa
HCbW6F3-rqsegUK80alJBA,55.67059314,37.52019643,RU,Russian Federation,Europe,Semenovskoye
vQeIXylLxmDHvLMs40ysCg,52.042564,4.364947,NL,Netherlands,Europe,Ypenburg
0nQvP02UmANiaFb9Vp9vVg,50.085363929197,14.441353840813,CZ,Czechia,Europe,Karlin
CH5zpqK6MjYsJ6QNIvD0Eg,51.013069802457,4.478389098231,BE,Belgium,Europe,Mechelen
nWOROI_tZzRb_hniJK6Y3Q,40.684555,-3.781946,ES,Spain,Europe,Colmenar Viejo
D7tXZSX8mXawsvWzpP0Hzg,41.8992428,12.4981119,IT,Italy,Europe,Rome
qRAcZnRF1WMyWoG5S0do4A,48.8158185,2.3517592,FR,France,Europe,Le Kremlin-Bicetre
RBUSaHENBsE6-fKXkxcwtA,35.159576,138.899583,JP,Japan,Asia,Mishima
fehrOlUwIB8Zmy8G93xPnQ,38.89950472,-77.02168347,US,United States,North America,"Washington, D.C."
Z-wnkzq1vwW78kqHqnQZ8w,18.76433,99.081586666667,TH,Thailand,Asia,San Kamphaeng
Rz2KIhG3gv2INlpfjs14Pw,37.482083,139.937243,JP,Japan,Asia,Kitakata
OIIT_NXcI0iwpzBK2HqqDQ,47.63776087,-122.24168169,US,United States,North America,Medina
7wWBjAwc-ZTyyXKusBjbWA,45.448537347778,-75.717924479167,CA,Canada,North America,Gatineau
Q9sGK65dcIah9njsQyM8Tg,24.9462842,121.3753506,TW,"Taiwan, Province of China",Asia,Taoyuan
zsh4lxqK5vWcIRSwox77pg,33.91851153,-84.54901011,US,United States,North America,Fair Oaks
YcrAUtkgqS5PjHT_Ta8eJg,23.135333927222,-82.356632854722,CU,Cuba,North America,La Habana Vieja
-n0xk449bCVYsk6K1KScKA,37.177923,140.723529,JP,Japan,Asia,Iwaki
FhdD7dGaOCGwNrEFr60K_A,37.5264696,127.029576,KR,"Korea, Republic of",Asia,Seoul
NcGtjkcnN3hD3dyv1f4lHg,40.413955,-3.724008,ES,Spain,Europe,Madrid
kZi6fEwgLJfwU8Xcr82K3w,51.452353,7.04046,DE,Germany,Europe,Essen
jX1WLzuo3wQFNUoCUGjxvg,-34.92554056,138.60815845,AU,Australia,Oceania,Adelaide
rlW_JqmW9uLcGDv9O_ROrw,36.6726816,138.1121151,JP,Japan,Asia,Nagano-shi
Of_hWfMIaU7qNYdbJl0K3g,33.84390504,-84.4284482,US,United States,North America,Vinings
Xx_54tvbJCi6NYWSOrJclQ,36.187397,140.005571,JP,Japan,Asia,Ishige
CsMq_pP-9tvMEHJdudDReQ,43.843675740539,13.015029448351,IT,Italy,Europe,Fano
NLC87j8cvLQdi9LugGwkDQ,38.86737388,-77.09622799,US,United States,North America,Arlington
YGc_6JFdcvPi0pPzWWTAPA,30.390292,-97.67393,US,United States,North America,Wells Branch
pmSssrHyc2zMr4nMdJ5sZg,-27.46028604,153.03727757,AU,Australia,Oceania,Fortitude Valley
vc2CXdEMxCAXELpkNoaxhw,29.757201,-95.398055,US,United States,North America,Houston
bIk4jNahL2wgcmwh20-0Ew,34.968282,138.382134,JP,Japan,Asia,Shizuoka-shi
vpN1HsOoRE3ClmgXya6AVg,47.7924421,-122.3370902,US,United States,North America,Esperance
UwnS8uOzFiKZNTWzrFNBYA,33.9694379,-84.5461001,US,United States,North America,Marietta
HUrET_t3ezSSJ-BZiMjLfw,34.078259,-118.129131,US,United States,North America,Monterey Park
HRgmfhUnqr1A0KA0iyUMLg,36.014486,140.156929,JP,Japan,Asia,Naka
HizfBbWLLKI1pJJ9mzZE4A,37.77275,-122.25535555556,US,United States,North America,Alameda
Q48m6hC3TQfeMS222laBbA,29.717425,-95.390046,US,United States,North America,West University Place
7RqY8SrGbZeuRqjPO7v7pg,39.922854,116.399941,CN,China,Asia,Jingshan
TERqyaWeMPjbCW3go4smtA,47.617823182018,-122.35407844485,US,United States,North America,Seattle
kxte0f4aG5uktE1aVWoHaA,39.331308,-76.647651,US,United States,North America,Baltimore
IUa0ZEw3N9m_lBSnq8v41w,-21.101348698,-41.044886922002,BR,Brazil,South America,Marataizes
pSSHLz7X82HvsaL1fDWNug,5.2688119,-3.9619631,CI,Côte d'Ivoire,Africa,Abidjan
Qo1RpCQrB1zmMHeF9YpKRA,48.208034,16.176927,AT,Austria,Europe,Purkersdorf
uaDuZiRzwNV7cohkbA-gEQ,59.31953363,18.06847075,SE,Sweden,Europe,Stockholm
7ZwRJolzRtGtonSupFGPMQ,52.20969859,20.98794335,PL,Poland,Europe,Ochota
h800vTpwASXF_N0SROdpZw,-33.90253297,151.20304424,AU,Australia,Oceania,Alexandria
ff5r8YIDQ5tR-5nX6CMtxg,51.501512,-0.118532,GB,United Kingdom,Europe,City of Westminster
jw7e2OJdpg6LyLDCC6At5A,35.810777777778,-83.94915,US,United States,North America,Eagleton Village
mUV90jzb8ky4emGn_3tIyg,-27.454153,152.981569,AU,Australia,Oceania,Milton
6a-fGujfGx5UVyFt_pD3Kw,51.500911111111,-0.12625277777778,GB,United Kingdom,Europe,London
kZ-nKrdildGfw4xUPGoR8A,25.682299,-100.352055,MX,Mexico,North America,Monterrey
K5YCWQV8n1bpGhD8xk-FMw,39.312507,-76.588354,US,United States,North America,Baltimore
5r7rNqd7KRXGjVHjvwTCcw,35.037453,138.897716,JP,Japan,Asia,Numazu
e3MnIeGujyV6a4isMZSgjg,55.719668,12.5425846,DK,Denmark,Europe,Frederiksberg
9Lh3SfJQkDQ0vwH1_wrw5A,39.334353,-76.63473,US,United States,North America,Baltimore
9CUiQnEXChr9n0sAX_zyMA,30.402429,-97.748441,US,United States,North America,Jollyville
wer8bUy6kZUILZEz1TjNRw,1.28164762,103.85886581,SG,Singapore,Asia,Singapore
B5ejGxmls3CalohO48DxQA,43.672238888889,-79.384702777778,CA,Canada,North America,Toronto
qNYV4-JVTJ-Tw8Q-_0nvdQ,37.714096388889,-122.41399638889,US,United States,North America,Brisbane
xCH6HIf9h5nlaPOUzqR4zQ,47.66178572,-122.34658957,US,United States,North America,Seattle
bqFMzVlnugqXl_rml8G86A,50.8107119,4.387482,BE,Belgium,Europe,Brussels
bpqabUdDEwaw9gVaiRoQUw,10.754386825,106.65846212,VN,Viet Nam,Asia,Quan Nam
lxk8oIXoUUKzv66-NwYO5Q,36.195741,-115.129714,US,United States,North America,North Las Vegas
41Pk_r4d00VDbSrAK8jABA,37.565623055556,-122.358825,US,United States,North America,Burlingame
LGAYKU4VpFMKY-W9tRyRCw,1.309386,103.827009,SG,Singapore,Asia,Singapore
DteQojfzzLoj40PXMqG2yw,43.653758,-79.375076,CA,Canada,North America,Toronto
OzQIvoM75J37QO5SxFl68w,51.6028001,-0.6889055,GB,United Kingdom,Europe,Bourne End
tWLrQbOfQW-sQ_fWHsTOXA,51.486671,-0.123431,GB,United Kingdom,Europe,City of Westminster
Az9HicL7Fc8WvqFLzIgk5g,37.710899,140.552615,JP,Japan,Asia,Fukushima-shi
LgcLOtRxXs08aWBlLAZ1Jg,36.058147,140.177002,JP,Japan,Asia,Naka
Jd1xkYNSUAyMDjb5CtUnPA,50.870403879082,14.679765081832,DE,Germany,Europe,Grossschonau
c-34l_HLcapVXtlUEyt8iw,12.97498923,77.57629925,IN,India,Asia,Bangalore
oKkMoLGXgTlcTyXuSQxClw,35.0145464,139.0187555,JP,Japan,Asia,Ito
_mJec6k65XaG5NjeTgIXHQ,-34.59166947,-58.39213159,AR,Argentina,South America,Retiro
s3nkEDTWMLYjmdVSY0yeUw,55.639471,12.57619,DK,Denmark,Europe,Tarnby
_mltEJ22Z81kkYJluPhMBw,45.434469444444,-75.665847222222,CA,Canada,North America,Ottawa
-URkLEiMdJfozXVvq1lpAA,40.480322,-3.685392,ES,Spain,Europe,Pinar de Chamartin
ZA4N1YCjv_WYxyrVHXvgiQ,42.340305,-83.024243,US,United States,North America,Detroit
sRw76Bg6URvqo_5BLEfWfw,51.526327777778,-0.081205555555556,GB,United Kingdom,Europe,Barbican
7SzRYoj7v_y8LLm8O8POeA,51.581863333333,-0.33289111111111,GB,United Kingdom,Europe,Harrow
gZR0WrDqLZ0wG8v1o9zKzg,52.37229821,4.9023796500001,NL,Netherlands,Europe,Amsterdam
jWvmQ9laowUq9bCshEAT3g,55.937912,-3.193085,GB,United Kingdom,Europe,Edinburgh
WWk6L3SoRBKqtrQIHXCOQg,53.347048700006,-6.2698710500011,IE,Ireland,Europe,Dublin
ynkNsRFvFSBfvDP0FYPz4A,39.954777,-75.16575,US,United States,North America,Philadelphia
ZGA4isHz9A51dPH6LgUJXQ,52.1377219,21.0490299,PL,Poland,Europe,Ursynow
f_vulWAU1C39yij8OpNk4g,-15.8184995,-48.0661073,BR,Brazil,South America,Brasilia
AydhklH8ffHxg1kN3Z9mXA,38.715808,-9.140026,PT,Portugal,Europe,Lisbon
HojGfcLQ4lAqw7O0WkAecw,37.7847373,-122.407469,US,United States,North America,San Francisco
t-Jb-NnAEEjTzD0ptyWZiw,-43.529678069767,172.60188427792,NZ,New Zealand,Oceania,Christchurch
uOIIPkZI_kRgilZSs-oZSg,59.927917,10.755256,NO,Norway,Europe,Oslo
EAV340Ydx_ky5nHVON7esA,52.397115,4.88156,NL,Netherlands,Europe,Amsterdam
VR6FlQuoqTtOND6Gnytu5g,60.1823501,24.9176842,FI,Finland,Europe,Helsinki
vG6a_noUgV8jmmrzYPqTgA,43.713858200068,-79.580896008208,CA,Canada,North America,Etobicoke
jZBNfz8nBaFcuI0iv4lc2Q,48.391531666667,20.06853,SK,Slovakia,Europe,Rimavska Sobota
68j1Jovb344yg8K_JWMcdQ,34.9759078,139.0947198,JP,Japan,Asia,Ito
_JeXVytV1OD0R7HSI9NAXQ,38.81877784,-77.0452689,US,United States,North America,Alexandria
Yz3iOjExKUGQT9gHIi5DHA,51.02623,4.468326,BE,Belgium,Europe,Mechelen
Ts7ygZkVTPclnNqHsSWn-w,29.7199208,-98.3101066,US,United States,North America,Garden Ridge
paG0ah1G04JW-EKax1NZFQ,-23.59925,-46.647852,BR,Brazil,South America,Sao Paulo
jBJQunJ-dwpqyEX1GubU1A,59.9375556,10.68390405,NO,Norway,Europe,Sjolyststranda
CxnrhHpuC4fj2Qlo8-b2LA,41.872727,-88.017918,US,United States,North America,Lombard
M2J_Czzzrs6bjPuqewHgyw,39.301046,-76.617632,US,United States,North America,Baltimore
xyxZpWFpJivygg3kAYSeRA,36.166814,-115.154567,US,United States,North America,Las Vegas
6054Yg_dX5gfrN4otSr66A,25.22173,55.3150456,AE,United Arab Emirates,Asia,Sharjah
IH6R3n9K3KbdEwQvS0hQgQ,64.188675,-51.711283,GL,Greenland,North America,Nuuk
iDWIpi5osbbpdWXBV4HWaw,47.220452858175,39.710802727634,RU,Russian Federation,Europe,Rostov-na-Donu
jVvPYcYPraa7EAPUFYm6BQ,41.751072,-88.02007,US,United States,North America,Woodridge
RJ90UzwSVBWj09NUypen0Q,41.40068043,2.19498414,ES,Spain,Europe,Sant Marti
_1AbvbARvB-5S0rAPN02Mg,12.12609103,-86.29123848,NI,Nicaragua,North America,Managua
_mxOFLfv4K1Usx-jr-aeqw,52.506135692778,13.332444447778,DE,Germany,Europe,Hansaviertel
LFyv0blpHKEFG64c8SdoYw,42.336097,-71.150355,US,United States,North America,Brookline
R6djZy1QokRlKKXJFp9GLQ,53.3610297,-6.2600006,IE,Ireland,Europe,Drumcondra
UZeoRnqNp6hLsVMRyYxGTg,41.852995,-87.632122,US,United States,North America,Chicago
h9T55Z1LkgeurouheSXjkA,40.602705,-74.065675,US,United States,North America,Bensonhurst
b6jgH6gcJBwv08aGly1pjw,47.67456739,-122.12400107,US,United States,North America,Redmond
_PvNNWf0j-PDYkKMkn4g9g,42.409602,-83.231448,US,United States,North America,Southfield
apop6f7a9wmPZo_aAhoXxQ,35.990425,-83.930302777778,US,United States,North America,Knoxville
9lcbnL7mZc4tHhO48SP7Eg,44.88885,-93.381261111111,US,United States,North America,Edina
FrdcOdlroAXqwBAK1I8lUw,-6.807116,39.2570257,TZ,"Tanzania, United Republic of",Africa,Magomeni
CZWIokS2dZkBWagqLFNiHA,33.378459,-112.073323,US,United States,North America,Phoenix
GMiJ7w19e9kHzGMle7df_A,35.170821,138.747439,JP,Japan,Asia,Fuji
5dDIWi7JP6u_MFChxq-m_g,43.447116666667,-79.6808,CA,Canada,North America,Oakville
gsCmWGn5ZPGv_vsMPtF-nA,35.67600242,139.78484343,JP,Japan,Asia,Tokyo
illPOmSTvqPa13bMAcUoxQ,-6.85313,107.462313,ID,Indonesia,Asia,Padalarang
54D_2MR3IgKLTXq-svf53Q,41.45084226,2.22427958,ES,Spain,Europe,Llefia
WvTCcXp__xX4yj_JBwaJtw,39.84672642,-86.15234796,US,United States,North America,Broad Ripple
Ozkvp84jIskl5mqiCYiuDA,35.62598,139.641755,JP,Japan,Asia,Tokyo
pbcWJgj2Ppd53T--lXh_7g,32.72818145,-117.15285308,US,United States,North America,San Diego
_9rl56je4WKfhD6k7YfUVg,48.833659,2.24341,FR,France,Europe,Boulogne-Billancourt
jPdcdmK70e3OZAft-Dmq1w,52.01038,4.358544,NL,Netherlands,Europe,Delft
bFb2gk00O8DKX35rC2DPxQ,39.950752,-75.161496,US,United States,North America,Philadelphia
_zp7_itt7iZM5aR9lFCLyg,43.648280555556,-79.359130555556,CA,Canada,North America,Toronto
un7a-2cX8xTnx7CWAqOR9w,36.162422,140.232187,JP,Japan,Asia,Ishioka
le5tdXVcuE0nHCicokAhIw,-12.99572162,-38.47434069,BR,Brazil,South America,Salvador
tso1kwhyS2mORbWk5f5bQw,35.444926585991,139.62756690732,JP,Japan,Asia,Yokohama
td6hA1JM1NS82vSOWWIZEg,33.503711388889,-112.04253805556,US,United States,North America,Phoenix
odW3DO2FXoQRfsh23kgicw,50.066495171277,14.430274946899,CZ,Czechia,Europe,Vysehrad
YACuOZ2bwes2cgwxDqtRTg,40.4363799,-79.9465519,US,United States,North America,Bloomfield
buHNdH2-X-DtVD3SZodkgw,40.7337581,-73.8644693,US,United States,North America,Borough of Queens
orcuoE2IEwhMNCxSU9dT1A,55.687248,12.542693,DK,Denmark,Europe,Frederiksberg
ZFMhdiH0fKKK4jxqOJK_zw,50.0912895,14.433493611111,CZ,Czechia,Europe,Prague
Z1IbBeMKypoLc6QRYwGObQ,51.51834546,-0.14329657,GB,United Kingdom,Europe,London
ffDks94utOruUtsDoO95Zg,51.51245,-0.160051,GB,United Kingdom,Europe,Bayswater
z3IzSW7aIdYiLdvorlaCFQ,51.436599,6.965315,DE,Germany,Europe,Essen
zftzVccYVgGBMgFSPlKdkg,51.498766666667,-0.11715,GB,United Kingdom,Europe,City of Westminster
wWKUDfNfxDXzHtlTCKQXeA,35.445803,139.63914,JP,Japan,Asia,Yokohama
cNePnyNWVdTqtmPkp2pVCw,42.381521,-71.097573,US,United States,North America,Somerville
vjH0nOp7MMLbZI6oYaR0Hw,38.900932,-77.044859,US,United States,North America,"Washington, D.C."
saOcpLdAxAcOAulJVHvb0g,51.50792805,-0.14008806,GB,United Kingdom,Europe,London
5yzmP_zO0ENzsDybzH9haQ,43.64055336,-79.38323215,CA,Canada,North America,Toronto
d2dKNa_1xeWwjI94mIodrw,-12.065546666667,-77.039883333333,PE,Peru,South America,Lima
IBGDSlC45zjXM2lwd4c0sw,48.317478429068,7.4824793513655,FR,France,Europe,Ebersheim
wOoqsMa2vihaDrShw1wOLg,37.790296,140.417986,JP,Japan,Asia,Fukushima-shi
TKkz8Njcu4v50Yart5bbkA,50.02988515,14.50723231,CZ,Czechia,Europe,Vestec
gNKaz5jM2FRECu9aQEfbng,41.88306817,12.47555966,VA,Holy See (Vatican City State),Europe,Vatican City
80aCC-ikBztVNQEGXAKMbQ,12.331782840192,-1.5025039203465,BF,Burkina Faso,Africa,Ouagadougou
phy2s36mk1Qz2yVpQ-svMA,51.506838888889,-0.095119444444444,GB,United Kingdom,Europe,City of London
K_kSd5qjifxFXsBWwlwrqg,45.465503333333,-75.547083333333,CA,Canada,North America,Gatineau
IcblftfiWU0S6k8_t9qMYg,52.25043,5.21312,NL,Netherlands,Europe,Laren
vtAtPUyGF7_anOoApKBS1g,56.072081347973,12.697107932004,SE,Sweden,Europe,Helsingborg
HvBS36pGc1J3_ceZ1DBJ_A,-34.902979630098,138.59002975814,AU,Australia,Oceania,North Adelaide
HEHZnmPBMG7J5dXUNndJIA,29.637848,-98.456158,US,United States,North America,Hollywood Park
nMFj0v8ZHe4R6umBefkA1Q,45.496095,141.897757,JP,Japan,Asia,Makubetsu
MEvnhXJgmuLcJxh-oqjyPQ,26.23114987,-80.10278601,US,United States,North America,Terra Mar
oeJc97McFvdTu8n2-2qXvQ,-41.449493153824,147.1890263084,AU,Australia,Oceania,Newstead
rpS5SlBVP6HpUlBEZGVTug,52.547610528713,13.310845133521,DE,Germany,Europe,Charlottenburg-Nord
9xLFWMI4N-v3RkIQzSAuTg,43.649991666667,-79.378377777778,CA,Canada,North America,Toronto
oFo-7o63tIeaB7LHlnUs8w,35.075885,138.861849,JP,Japan,Asia,Numazu
opAzohFyDnyEWXlFCKN_8A,35.013444,138.436067,JP,Japan,Asia,Shizuoka-shi
D0f7Y9e8NXFSBbjEYuUdYw,34.828943,137.886626,JP,Japan,Asia,Mori
AwCdDZCw59yWO0CHjG3RNw,50.81343191,4.32997318,BE,Belgium,Europe,Drogenbos
ZPJBQx6ncVXBlD79Eb7-RA,-22.9091629,-43.1841655,BR,Brazil,South America,Rio de Janeiro
OS3dzVEw3TA7-Y8vRvo6pA,-43.536120753049,172.6366946992,NZ,New Zealand,Oceania,Christchurch
qh9rizPuOA2wleJG97Ui9A,51.535452777778,-0.13330277777778,GB,United Kingdom,Europe,Camden Town
jvTtbeW6AawFLsfPQAoijg,63.437288888889,10.414941666667,NO,Norway,Europe,Trondheim
1PbiIzuHimh_Liqf5uIBVw,33.97002068,-84.55650415,US,United States,North America,Marietta
kOD_Zl-l2rTDDIQm4ksCng,40.727061388889,-73.979781388889,US,United States,North America,New York City
8ZjBEUaySuwggLDY8x-5VA,44.962783333333,-93.252538888889,US,United States,North America,Minneapolis
DuK8CR-hMeLlrV13FY-7fA,-34.6128732,-58.5264174,AR,Argentina,South America,Caseros
EOPBKjWpe0b4c8pgUkpphg,52.376672,4.899057,NL,Netherlands,Europe,Amsterdam
Pq4F8E6ESuKoC5HhygLSQQ,52.2694624,20.99868761,PL,Poland,Europe,Zoliborz
gKe1DAaSeCkIzh8H7Huh9g,48.823015,2.295748,FR,France,Europe,Malakoff
lQXJRin862diB-ycBEI07Q,32.709788,-117.14672,US,United States,North America,San Diego
7NgXYiDHp3vyjDs6MMwUsg,35.655834,139.798496,JP,Japan,Asia,Urayasu
0og1QtK1mXWQCUzLmXIyRQ,59.921321666667,10.751183333333,NO,Norway,Europe,Oslo
gCRjMISoBP3FkvKyDDAWSA,40.726591090708,-74.006136167772,US,United States,North America,New York City
lqRNvKiubZjfOFTb8IR6Qw,35.022382,138.88415,JP,Japan,Asia,Numazu
Zlxpt27VxknWT95n1NOckA,-33.395125833333,-70.594680833333,CL,Chile,South America,"Villa Presidente Frei, Nunoa, Santiago, Chile"
zc0o563lZxP10eoLVrklzw,-22.95353588,-43.1765833,BR,Brazil,South America,Rio de Janeiro
WiCiq15-Joc8EcTHzgcifA,48.808405,2.258693,FR,France,Europe,Clamart
-ERU5nErUqQn3JZ6sSGofA,-23.6606666,-46.7077832,BR,Brazil,South America,Diadema
7zf_TtEXIGfj_dHqzrlsMw,50.849985,4.350245,BE,Belgium,Europe,Brussels
DT6tG3glZGxaht7hDYxI3Q,58.20054684,15.99529128,SE,Sweden,Europe,Atvidaberg
dQQ9oeq9jjQl4pNCMUAKhA,22.273256,114.158438,HK,Hong Kong,Asia,Central
L7VasX_9dMuy6jlAgAm8Ww,26.461741,-80.071028,US,United States,North America,Delray Beach
Z0MEDGWj9NA9ASFfydd2ww,35.709621429453,139.85510253906,JP,Japan,Asia,Urayasu
Gc3n1_vnjUzXuWPLVcaQ1Q,40.484036,-3.676803,ES,Spain,Europe,Pinar de Chamartin
-lGfFLqh9n-iBv5fZDykSQ,12.359375688247,-1.4948758855462,BF,Burkina Faso,Africa,Ouagadougou
MOF1LGQeDOLU9p9LtdQcTQ,37.599753055556,-122.39287972222,US,United States,North America,Millbrae
qHJJJ8UfxBfbUapwhidKSQ,35.133912,138.785529,JP,Japan,Asia,Numazu
bQsCs1jzJ4sMEJLQqtTaCg,35.67562023,139.50639741,JP,Japan,Asia,Kokubunji
OYX_iR80xCkNzr2XR4HD_A,37.721595,140.383924,JP,Japan,Asia,Fukushima-shi
4a5BcYXETqUb9hgzIPga1Q,50.86213465,4.36538361,BE,Belgium,Europe,Brussels
68XYas1ADxW1lQfC_j3F0Q,34.964588228611,138.38720343083,JP,Japan,Asia,Shizuoka-shi
5CJYMxoMTg-hPzb4UL6e2Q,37.4695874,139.8449271,JP,Japan,Asia,Kitakata
c-cR-527JZFMCQbI273KpQ,35.841168,137.230966,JP,Japan,Asia,Gujo
naD_iO4AqSYtU-vxJtw14Q,48.8249448,2.3553653,FR,France,Europe,Le Kremlin-Bicetre
5ZfBb1cwp2LuXv_ofqMXIQ,32.72919256,-117.15119189,US,United States,North America,San Diego
3GtKr4T8GuqDgGpIS5TRKg,43.666980555556,-79.590277777778,CA,Canada,North America,Etobicoke
G5oVhgsSAPU7CEBW6YfvMA,35.678018,139.791268,JP,Japan,Asia,Urayasu
cc5dEAyQECBFF9MN3MbdZA,43.6668275,-79.40320456,CA,Canada,North America,Toronto
gVLpadIqG2rxDOZhSD2xSw,35.667973,139.772594,JP,Japan,Asia,Tokyo
zri4-Q47jDu1RauHtDbNQQ,50.871188888889,4.3123194444444,BE,Belgium,Europe,Wemmel
YHqtPt2kEtFNTU84m2WTpQ,52.368173,4.899214,NL,Netherlands,Europe,Amsterdam
m_m6X_oDIgSSvcSJaIdtzw,41.954635,-88.126753,US,United States,North America,Carol Stream
_mlaN_AnJUb5ba-J_VODDA,-27.4796978,153.01231788,AU,Australia,Oceania,South Brisbane
dBlmzyyPPc5bawV8RtJSNg,51.479093,11.944941,DE,Germany,Europe,Halle Neustadt
V6cgsAKhNP9R9nlSmg6c2Q,25.18705,55.296723,AE,United Arab Emirates,Asia,Dubai
MF6oZQbumRwWweVv-y05bQ,-29.31342557,27.48035034,LS,Lesotho,Africa,Maseru
IBsHUloq4lMJXttNdx3B4g,40.40490607,-79.92069624,US,United States,North America,Homestead
wj-UHOWQS12Y2XxIPvqc2A,41.39411781254,2.187843781843,ES,Spain,Europe,Ciutat Vella
_orHD5ZXgGLsLpIhuRGnmA,52.513239858611,13.322618510556,DE,Germany,Europe,Hansaviertel
Phk4EtNc0qDDOHKDwnsjqg,35.679153,139.783377,JP,Japan,Asia,Tokyo
JhnPogkgZLspZ0Jr7Qsg7g,36.176246,139.959296,JP,Japan,Asia,Ishige
r0UCin-mHNsClMyUpR6k2A,-34.84102708,138.54606814,AU,Australia,Oceania,Alberton
sAajsYpECYTcUOeYRCPf-Q,35.128945,138.515638,JP,Japan,Asia,Fujinomiya
CLFbft5RRtYrY7RWseZEOA,50.842443593188,4.2409994319589,BE,Belgium,Europe,Dilbeek
qe7XkkuN77iQx-saJTjsyQ,43.53441945,-79.91400502,CA,Canada,North America,Milton
Y_RJTHl6yYxeEeh2l82G8Q,50.1231901,14.5080874,CZ,Czechia,Europe,Prosek
3_fNH6k2KclGOCnX8sgTgA,55.7451533,37.63568673,RU,Russian Federation,Europe,Zamoskvorech'ye
3shL_96xI949QC_g3ZYjSQ,51.4467004,7.020802,DE,Germany,Europe,Essen
pB-gJEiwAMQ872KW4p8Vdg,52.250419,5.214004,NL,Netherlands,Europe,Laren
pnVx5rzyW4FnkSxsTTZVaw,38.81219485,-77.04806959,US,United States,North America,Alexandria
YkrXDKuiV9is74yga9KnwA,54.590293,-5.925137,GB,United Kingdom,Europe,Belfast
vCmOBigSdHvqSgAZQU6UbQ,-34.87444304,138.58421057,AU,Australia,Oceania,Prospect
Bho_ccX1Ra7rkHX8sAgDFw,50.860557787725,4.4048423516946,BE,Belgium,Europe,Diegem
GwstnhxF4s8I7gSWVMzzbA,-12.02389705,-77.04778684,PE,Peru,South America,Lima
nPH80g6h4AJAdvtgRyC7Wg,58.12258946,11.44386535,SE,Sweden,Europe,Lysekil
wrU2ib1an6AmgVGdRYLuTQ,64.103194444444,-21.898508333333,IS,Iceland,Europe,Kopavogur
54QyQsDeYSViz4vtiZydXA,41.3599333,2.08842639,ES,Spain,Europe,Cornella de Llobregat
NuKsLAPjF2KPnK8jOx7rqQ,34.984328689722,138.37285055306,JP,Japan,Asia,Shizuoka-shi
JNTgiKhOwuzVEsjxroCZdA,33.9658009,-84.5479254,US,United States,North America,Marietta
2ZeZjP62a73fm3UuBGiAfw,-37.97047,-57.543759,AR,Argentina,South America,Mar del Plata
cJN0O71rJfCsdiPcl1K9yw,35.938975,137.251811,JP,Japan,Asia,Takayama
Ilg9HxhX4V-LQx6vwHMmUQ,37.78075,-122.47195277778,US,United States,North America,San Francisco
5Qd0emTtkGN3R4yO-L5Ocg,33.9361356,-84.4609299,US,United States,North America,Vinings
ZlnJo00sAiXBoadj8d7iTA,52.31604,4.807753,NL,Netherlands,Europe,Amstelveen
9g74IHSIT7gefuucF3DPNQ,36.173142,-115.142523,US,United States,North America,Las Vegas
kfYLVDw8Ys7UbLjI8yiq_w,48.830891,2.375975,FR,France,Europe,Ivry-sur-Seine
x4rMntL0sda6naqZKRxYXQ,50.86469072,4.34247695,BE,Belgium,Europe,Brussels
fis7hd2ykCWZjYwXdFolfA,51.497868,-0.134176,GB,United Kingdom,Europe,London
1lwfCR7TONxkyElKBr_iAA,48.83237,2.24423,FR,France,Europe,Boulogne-Billancourt
3Xz_KMaj8JpV_eIZb3AZ7Q,63.436685776833,10.410134360334,NO,Norway,Europe,Trondheim
9iZqsbh8Hw7MIUajn2UZuA,45.006613888889,-92.977811111111,US,United States,North America,North Saint Paul
jkMIxZD3lGILv4-jdNhXJg,35.097332,138.857717,JP,Japan,Asia,Numazu
PSFwV6ch5xjqTe8Ls99ByQ,29.765523,-95.456405,US,United States,North America,Hunters Creek Village
LnP6WDwSqzL_UL_HJbJqbA,35.051731,138.894243,JP,Japan,Asia,Numazu
9qweVr6HQLTCHOpaFbNOLQ,36.173481,-115.143545,US,United States,North America,Las Vegas
dm4y-sOUvmTy4VcAjPuIpA,35.70597359,139.65048347,JP,Japan,Asia,Tokyo
edM3qTnV14YmyaoM89GNjw,37.081986,140.788029,JP,Japan,Asia,Iwaki
O_tDa7wq55NjaRqyxSxJ1w,40.73344,-73.987438055556,US,United States,North America,New York City
_3Xr3qO0T_jNou7lFwUu9g,-6.7676,39.228238888889,TZ,"Tanzania, United Republic of",Africa,Magomeni
dYCA2F4WF2ZbcXvtpFWpsg,35.103885,138.864953,JP,Japan,Asia,Numazu
ZvGaW2ffRk4l4PpfsfyvnQ,33.91731,-117.937508,US,United States,North America,La Habra
YCFVHCXEq6ITwmvV9igGhw,48.83069,2.234842,FR,France,Europe,Boulogne-Billancourt
GeO4aqw4pGQwHwWOTbwg8Q,35.66559,139.736958,JP,Japan,Asia,Tokyo
P3czs_qwk9EPAG9wLXlDig,8.272024,-62.738258,VE,"Venezuela, Bolivarian Republic of",South America,Ciudad Guayana
VzE1_tDhYY0ZwLJ5JDwIog,40.768851,-111.894041,US,United States,North America,Salt Lake City
MziDB7ZGQxM6BjAyAx6ThQ,37.397213,140.387221,JP,Japan,Asia,Koriyama
Dfi8qh23iDQFgZhD2KQ0sw,50.05983492,14.40654332,CZ,Czechia,Europe,Vysehrad
4BR6X3rsY0isUHD6DtnXgw,44.969744444444,-93.287275,US,United States,North America,Minneapolis
3uLNgOj-4iejrDtGB5HrQQ,64.09597135,-21.86920668,IS,Iceland,Europe,Kopavogur
4uJf8Fyob9f_gvRu0IsmIg,58.7741071,5.8419062,NO,Norway,Europe,Algard
SguKWFO4FPU0KH8hq7a3Zg,50.092127352069,14.437330353089,CZ,Czechia,Europe,Karlin
qeYTVrUtd16ArFRJEQbZRQ,13.7423978,100.55305313306,TH,Thailand,Asia,Ratchathewi
KlwY1mSNUunPKkKrTsDO4g,27.9554039,-82.4747015,US,United States,North America,Tampa
pYMR7CXLCahx9QmgDV4UdA,-33.871564,151.236086,AU,Australia,Oceania,Darling Point
q1rEYvKwK_JxmeZZVXUXdQ,42.350124,-71.059599,US,United States,North America,Boston
tAzocAdI5yC7lbxwtyUk_w,40.774745,-73.96913,US,United States,North America,Manhattan
2uqHxN-CD4rkEus_1DXQjA,45.43004197,-75.69276189,CA,Canada,North America,Ottawa
s0tjUBWRQdwO-gtJtjVyJw,53.3456403,-6.2571309,IE,Ireland,Europe,Dublin
AGSzPQv8rI6fz-BRvnfCBQ,-22.224668055556,-49.933444722222,BR,Brazil,South America,Marilia
WzvgzYKnr_WAG3AA-b3EEA,50.0701704,14.5448505,CZ,Czechia,Europe,Hostavice
3NgUmRPI1HEYwyXgDCW6AQ,40.8092891,-73.2244825,US,United States,North America,Hauppauge
qZe1CQELoRRF1dSBI6wmYA,4.540437,-75.668679,CO,Colombia,South America,Armenia
Isgh7a2QAxVJuIJunXF4Aw,34.749638253792,138.20328156966,JP,Japan,Asia,Sagara
W3oyH2RUJVPRhCuqFnBw5w,37.7807127,-122.4124299,US,United States,North America,San Francisco
gwE_rYYjFG_6X9evK7PgCA,-25.2829309,-57.6334369,PY,Paraguay,South America,Asuncion
8fapm1PBtdKHLd619IPC6w,35.017725874763,138.47130544917,JP,Japan,Asia,Shizuoka-shi
6H19o6qjbgSH6L4Vbi5naA,34.998225,138.410369,JP,Japan,Asia,Shizuoka-shi
2-y16x3UxCb_lLiaInnF5w,35.964444444444,-83.927466666667,US,United States,North America,Knoxville
-C-x3xSPFIEjqbyVC5PRaQ,33.4270446,-112.0338775,US,United States,North America,Phoenix
-YiZ4GqumnyXNglwFbFjQw,-27.448366,152.976642,AU,Australia,Oceania,Milton
Do1rjaWjb_m4dkZZMOBxUw,51.516555,-0.132114,GB,United Kingdom,Europe,London
qZzCjPLNatZrvYv4eqTSFg,55.863314,-4.249346,GB,United Kingdom,Europe,Glasgow
Detij_RJgo4Xj6kLqpQ3hQ,37.630408055556,-122.40848138889,US,United States,North America,San Bruno
jm7I1Z22iwg3NVVuAxnFzg,-29.313975,27.476952,LS,Lesotho,Africa,Maseru
8dFWN5zg88K_UvY1Nd9FuQ,36.070694,140.202404,JP,Japan,Asia,Ami
cO17FSYaIbsOIGbQooxORA,46.940265,7.452063,CH,Switzerland,Europe,Bern
DKi-PvQKKzXldDcsid8t1g,46.950675,7.435662,CH,Switzerland,Europe,Bern
r30r0H5anQp0tzshGjzmMA,43.035357,141.468268,JP,Japan,Asia,Ebetsu
zVYFzCe9Q8CjstKBDZtBxw,35.432903,139.612046,JP,Japan,Asia,Yokohama
IvNs6Rv6hPM6r4V7odnUGA,-41.29217459,174.7725537,NZ,New Zealand,Oceania,Wellington
TFxPKRyyRCcKw2hxEiJLdw,37.504756,139.801479,JP,Japan,Asia,Kitakata
2X3lWzNKn9wqQ-WTs53kdQ,52.199471,21.023655,PL,Poland,Europe,Mokotow
ZA9AJEBPqqsNanA4uhXkcQ,48.86824,2.3658433333333,FR,France,Europe,Paris
r8kN0OQgfrIzVqXRnm6h2w,36.316413,140.56716,JP,Japan,Asia,Oarai
4CO00pCAZELnIh8bmb23ig,38.896299722222,-77.039499722222,US,United States,North America,"Washington, D.C."
cXCgjc91pFqUysN3fPsAhA,40.413474,-3.710207,ES,Spain,Europe,Madrid
nuK4voryjbMr5GeZ9nJJwQ,55.950089,-3.208084,GB,United Kingdom,Europe,Edinburgh
gHFveummtIQPEeMp2YJScg,39.76765293628,-86.158054266125,US,United States,North America,Indianapolis
cosWnDtP17I1a0hZpG4_2g,48.844489,2.342101,FR,France,Europe,Paris
WTQtaHi-AdPZICtJqaOOQA,49.94461234,36.40043493,UA,Ukraine,Europe,Kulynychi
9_eWNxN97fsZFxrNKfLQ8w,30.2342027,-97.863969,US,United States,North America,Barton Creek
u1YHVlzqnOmvyLyGwthPKA,55.7721763,37.622528,RU,Russian Federation,Europe,Moscow
p29oclUSh7Yyp6mHuclASQ,22.400885,114.203352,HK,Hong Kong,Asia,Sha Tin
7ByXhRODTKKFDcsiZ-wihQ,45.436188888889,-75.661405555556,CA,Canada,North America,Ottawa
yV4dE3l5u85bc2LQC_hL6Q,-34.83388711,138.54643946,AU,Australia,Oceania,Alberton
-WKNjlyFEhjDccX92Sulcg,29.737231,-95.50501,US,United States,North America,Piney Point Village
Jxx-I7rwBxETzF0LY2Ngag,-33.933919,151.073448,AU,Australia,Oceania,Roselands
kHr0GNOE3n9e8MrXDlNC1g,-33.868919444444,151.20893333333,AU,Australia,Oceania,Sydney
ZI-4IBPRPaIm_pqQhq0Ofg,42.347858,-83.029207,US,United States,North America,Detroit
1UeFbvMwir_4ev2g4l0eYQ,40.711741388889,-74.007293055556,US,United States,North America,New York City
nANDtab1XOzNXHEeRuovXw,51.330175,12.398319444444,DE,Germany,Europe,Leipzig
uqR6OpxI6iXmhqT9OmZ7CQ,6.2455352,-75.5693187,CO,Colombia,South America,Medellin
w16j45K99737zScQ0TAxvA,35.096241,138.86364,JP,Japan,Asia,Numazu
dEZDY_cJEyHnY0zPMPyM7w,53.3875117,-6.2446616,IE,Ireland,Europe,Beaumont
nSy4ROMc7gnntSvvADWfkA,-2.91097368,-79.008814,EC,Ecuador,South America,Cuenca
bAPsGDAsC_t4czPE4ZmhuA,50.06193092,14.44208829,CZ,Czechia,Europe,Vysehrad
m50WiNHHC_aNJRQh5gNdlw,60.153875,24.957163888889,FI,Finland,Europe,Helsinki
Qii9X-g80pX04psB1Iqv5g,50.112052018511,14.531108594576,CZ,Czechia,Europe,Vysocany
2YpiZwd--dEybJleYOT7yA,43.6463,-79.379713888889,CA,Canada,North America,Toronto
ib94MOhYmrSfPTYyuja1Mw,50.440418055556,30.512716388889,UA,Ukraine,Europe,Kiev
l4JC8kkM4S3HTjUq7m-3Fg,52.4499378,13.46476715,DE,Germany,Europe,Buckow
fiRcqW60mMHlzpDHL05VAA,47.529136561789,19.067568238825,HU,Hungary,Europe,Budapest XIII. keruelet
at53fXzrOQmSKshE63i6Eg,-27.409928,152.991325,AU,Australia,Oceania,Everton Park
LxOp9nrXx5lHecwb-G1WVA,33.5113337,-112.0997123,US,United States,North America,Phoenix
s1R2GmT2io21HsKj6MqPkw,48.794746,-122.491849,US,United States,North America,Bellingham
VTA9r9TPqb5RT5_E68WWEw,50.81290489,4.3353968,BE,Belgium,Europe,Drogenbos
BiK77IxEj9e4GaIUAJsXoQ,43.690589165336,7.2353501344803,FR,France,Europe,Nice
1VxjwFxjRGXrSA2pOGtfbQ,-37.8178815,145.123798333,AU,Australia,Oceania,Box Hill
7Iu4f8TjdkTLcgncFSwubA,-23.56791,-46.658182,BR,Brazil,South America,Sao Paulo
iM2ThWpD3ycIr60dSN0i0w,38.8507779,-77.2146483,US,United States,North America,Merrifield
tiZovFXSXJOlxIVZAE89Bw,51.4433873,6.9901633,DE,Germany,Europe,Essen
tMefMXEkOH8nt9csSnpCqw,48.3854767,-4.4858462,FR,France,Europe,Brest
ru29bHaRISxhYyert0PmmQ,39.284112,-76.625042,US,United States,North America,Baltimore
My9d7ZJmOuyCiE8N8OL_xg,60.180739,24.920931,FI,Finland,Europe,Helsinki
M43Z-s-nx8oveU71ow6L5w,52.417219444444,13.019366666667,DE,Germany,Europe,Potsdam
HT135WA2VLXoSLvlzo-2nA,51.226737955863,2.9100943011083,BE,Belgium,Europe,Ostend
GjzyAW6jBE01iam9Z6jXWA,41.910563,-87.706825,US,United States,North America,Cicero
3efJ5xObaAXhChm1WMuGyw,50.029350339854,14.405896432647,CZ,Czechia,Europe,Branik
dPvcLYmU_WG-Ch7M-JRWWg,-15.109146,39.241387,MZ,Mozambique,Africa,Nampula
llHqOZvC1CKCp99agkk-bA,48.19523803,16.38640548,AT,Austria,Europe,Vienna
dS72n8J8q_-qUe_VL2RVJg,52.377855,4.973958,NL,Netherlands,Europe,Diemen
UcmxomH4-3VAy9-D1K7pvA,39.329214,-76.4669,US,United States,North America,Rossville
5-boOaEhbEWW1c1shfokGw,47.497718,-122.200931,US,United States,North America,Renton
WST5XRRcz1gNn6dz52_MbQ,36.059253,139.88869,JP,Japan,Asia,Iwai
PmoCwG0V3Q_tzyNUpvUcUg,35.045722204951,138.50761136265,JP,Japan,Asia,Shizuoka-shi
imvX2hdU7bSKLz6ilASfOg,40.726976656182,-74.000795753002,US,United States,North America,New York City
5hPoZNxYKkqz4LP4KqCf5w,19.42665585,-99.16751759,MX,Mexico,North America,Cuauhtemoc
Bx2f_wl4MCC8DArTMEdEbQ,-33.840128,151.137255,AU,Australia,Oceania,Gladesville
JWeCFGOAAnpE1fS25QN_8g,-41.29093284,174.77555317,NZ,New Zealand,Oceania,Wellington
lOmkzdQzmAN7eaRi1NupPQ,41.41430559,2.17227156,ES,Spain,Europe,Horta-Guinardo
TjQH1CSwBd5u22DzR_6dhA,35.041348344722,138.48351337806,JP,Japan,Asia,Shizuoka-shi
peUrlgyK3qcMSgsp730V7w,47.648903,-120.0714,US,United States,North America,Waterville
kG45HjFw3OUMpaJAFyA9RQ,30.40248509,-86.87142245,US,United States,North America,Navarre
NP0fezkIujKfevTql41n7g,13.753844439021,100.52996066652,TH,Thailand,Asia,Ratchathewi
pQN0QhxxuVVdacuc_dHc4g,-23.579365,-46.647555,BR,Brazil,South America,Sao Paulo
WbqCd11eJGQCRgoOEAT0kA,37.465202,139.966793,JP,Japan,Asia,Inawashiro
0N7ou3NCevSOeowx5gKm5A,38.128802,13.361566,IT,Italy,Europe,Palermo
YYJmxP2J7nlxQRBTC06g6w,29.763516,-95.426862,US,United States,North America,West University Place
sR_uE6IVf9Fua5rbIqFOhA,-15.8267766,-47.9829841,BR,Brazil,South America,Brasilia
-9s41VI1tVoMhjTwKUMbnw,52.318286111111,4.9619416666667,NL,Netherlands,Europe,Amsterdam-Zuidoost
Qt1ULbC9JZAmr-U3w4BzFw,52.2509,5.266616,NL,Netherlands,Europe,Blaricum
65VciXc6WFYAA3SdFaQEGA,43.296108,5.373607,FR,France,Europe,Marseille 02
fLk0VtoR4d-gxg4_WTXKqQ,41.899841,12.46473,VA,Holy See (Vatican City State),Europe,Vatican City
9JyGnhxCHD_ZolRaQkegTw,45.41712817,-75.66928947,CA,Canada,North America,Ottawa
7gJ7vetwm9lWp0IfPs33ZQ,40.49260556,-3.65473605,ES,Spain,Europe,Pinar de Chamartin
rBbv6bTFB2G6FigbZ1dHmA,-33.417948055556,-70.608774722222,CL,Chile,South America,"Villa Presidente Frei, Nunoa, Santiago, Chile"
BnhAQiXIjii0eE9HeehJnQ,56.089292,12.755294,SE,Sweden,Europe,Odakra
5wQB9OZGTYEw7n2W8Ha5Jg,45.4296208,-75.68362179,CA,Canada,North America,Ottawa
0awMSNYMwfdXN1K4sGI8Cw,35.288459,138.933535,JP,Japan,Asia,Gotemba
k8u4lYoWce-6RFS0SUywRg,52.310971962288,-1.1252176947892,GB,United Kingdom,Europe,Long Buckby
cis6LrXN5LwynUzcAjJkcg,44.890652777778,-93.183494444444,US,United States,North America,Mendota Heights
R2KFTP92DVcP6JRIx5-WLA,-27.446503,152.960077,AU,Australia,Oceania,Toowong
9vGDbmM7rSp47p4rpBM_eg,35.105418870278,138.557645185,JP,Japan,Asia,Fujinomiya
PU4UXazsCqhAr0IRFx4L9g,37.542293055556,-122.26877638889,US,United States,North America,Foster City
H7-h5t4XgBGj7vfcWel3jg,35.4213665,139.3623843,JP,Japan,Asia,Atsugi
yv7HLU1fkdD5WxIb-72pkw,40.4617709,-3.7063674,ES,Spain,Europe,Tetuan de las Victorias
q36MaYiIOMoar7sKZCS4RQ,51.513842,-0.251137,GB,United Kingdom,Europe,Acton
hhpmZJ1t4pCQNNW4qPAlng,-34.89316245,138.60334103,AU,Australia,Oceania,Prospect
xTK6rziOgWAvSAGGkwOgcQ,33.3865179,-111.6898038,US,United States,North America,Gilbert
MlLG-3hNLSq3zbUuDINkuA,47.495716866106,19.058895818889,HU,Hungary,Europe,Budapest VI. keruelet
LFCw4XauoXCYutoxXaxHVA,34.988793584444,138.39843951556,JP,Japan,Asia,Shizuoka-shi
svk0EsbIU7QVaEqtOE4Jdw,34.9523026,135.8110193,JP,Japan,Asia,Uji
vszWVyR6TowRKZpdVUVgvQ,59.920356860384,30.351224094629,RU,Russian Federation,Europe,Centralniy
Nsoy9PruxtJUPrAw9Hqtcg,47.629540371703,-122.35892007592,US,United States,North America,Seattle
O0VPzUX3m9fJNYGhdiXU9g,-33.920738367969,151.16788019291,AU,Australia,Oceania,Marrickville
9jeHRxGfRs1yLJGapgN58Q,47.472199,19.054685,HU,Hungary,Europe,Budapest IX. keruelet
A4xe-qyAiGTzO7QaswFbZg,61.718834,9.538721,NO,Norway,Europe,Otta
kOS64Gil_kyeE_Bn6x8how,49.213982876389,-122.93679814778,CA,Canada,North America,New Westminster
CoGjPqLfkPaa75ic0YAQ8Q,34.949178,138.418471,JP,Japan,Asia,Shizuoka-shi
5nJdQjFJ-mGMjS23zb8WPA,51.210597,4.424875,BE,Belgium,Europe,Antwerpen
iYGUOkS9D57bpnPOLgf_7A,30.30032856,-81.9299121,US,United States,North America,Baldwin
Cp0dLyfwvI3CbpTkF5rzxQ,51.4372281,7.026254,DE,Germany,Europe,Essen
ukb5PmOrc32se9-1uSxPPQ,35.676157,139.755593,JP,Japan,Asia,Tokyo
-eTXSDNHpQddE2ID13I-jA,36.6486,-121.61552222222,US,United States,North America,Salinas
HhnZM59hkff_ha5qygWBVA,39.279364,-76.636491,US,United States,North America,Baltimore
PRUKZUvbmQkcbQGP8z5hiQ,40.44016732,-79.99384589,US,United States,North America,Pittsburgh
D320WSvRrTn0Iyx0H0l3AQ,26.082638888889,-80.234380555556,US,United States,North America,Davie
O2_z0YliP1HxSnble633TA,34.964213641389,138.38669079361,JP,Japan,Asia,Shizuoka-shi
016VfPg9PpAc5JHPN3qEVA,34.007689,-6.855013,MA,Morocco,Africa,Rabat
UGsyCqlwlFGZOUMYCFBLKg,51.341094444444,12.353102777778,DE,Germany,Europe,Leipzig
FtMtDpNdU-l9nZEsQcE2Cw,59.332480597931,18.057396661688,SE,Sweden,Europe,Stockholm
Gj--Ucf7z40kP-qmGL3_LA,35.6413705,138.7689138,JP,Japan,Asia,Enzan
h_7sPONbkKThX0DT73rfYg,35.665901,139.738607,JP,Japan,Asia,Tokyo
KyN_hyPZcAYrmXzLBZNaIw,47.27363878555,39.68599951422,RU,Russian Federation,Europe,Severnyy
DsoVFVudGT9Z-scWLtwcnQ,3.446823,-76.540249,CO,Colombia,South America,Cali
ZY6QDrZgKihIUepK78wdFw,39.306689,-76.791101,US,United States,North America,Ellicott City
Y29EEmtcB4S3atAV4ru2hg,41.906998,12.468831,VA,Holy See (Vatican City State),Europe,Vatican City
f3cxMjBr4fwLN2eNAAOyeg,50.09823925,14.43957048,CZ,Czechia,Europe,Karlin
L3zMO4OMgNK5MAZfhknGIg,42.356273,-71.069509,US,United States,North America,Boston
X6ecNuJIbb7OXPtzsVJryA,43.734130555556,-79.603177777778,CA,Canada,North America,Etobicoke
1_pV8avhnEtbRY44a-kibg,41.3631016,2.1577505,ES,Spain,Europe,Sants-Montjuic
btLpGBEbbr-lqLHX-NEVuA,34.9384766,135.8014999,JP,Japan,Asia,Uji
jqbY8fYzFvl_6MraTbf_HA,-34.9017742,-56.18741207,UY,Uruguay,South America,Montevideo
8RAPqaaW0ISxady8k7QNKg,42.364967,-71.05834,US,United States,North America,Boston
_yGZ5nA5tIQXKdvcD4GW_A,40.022138245278,-75.218178396944,US,United States,North America,Bala-Cynwyd
TUSJdP-qFSu5L6xMSg6ddA,39.81110009,116.50504928,CN,China,Asia,Jiugong
wfwLoQTVbAxKqK7kXWA-aw,49.002219471947,8.3602824598954,DE,Germany,Europe,Karlsruhe
v-oiuycn_ug9YOZdANBT3Q,48.87511088,2.29401536,FR,France,Europe,Levallois-Perret
M82KVZ7l-2FOwDnA9ZWRjA,36.106041,-115.172807,US,United States,North America,Paradise
2YNf9XxirX9N9Nk8S5y7xw,48.863374188346,2.289126204019,FR,France,Europe,Neuilly-sur-Seine
Mzv4IuZ_zwKsVw0YW2VOiA,49.258972,-123.14058,CA,Canada,North America,Vancouver
n0rmCMKzstnvyH5tipDnFg,24.706766,121.173883,TW,"Taiwan, Province of China",Asia,Zhubei
MRUv2g2rzOtOB2_x62nCIQ,37.177589,140.719009,JP,Japan,Asia,Iwaki
1bBWIlV1g8_iSZpyW_xjVQ,-27.498773,152.968891,AU,Australia,Oceania,Taringa
IjvHpWZvnmL8jFQYDhq-Eg,53.393237977289,-6.2485156115144,IE,Ireland,Europe,Beaumont
WptsJ9awNpff7HJeq1O34g,34.084344,-118.122994,US,United States,North America,Alhambra
2d3hvB1rNaivBLVcSYHREA,41.40148717,2.1325432,ES,Spain,Europe,Sarria-Sant Gervasi
E0ar84DpJjugKTGBJL7BwQ,47.61736475,-122.18617861,US,United States,North America,Bellevue
ug8TQo0Imp27G2kTd_E0sg,-6.8220888888889,39.285675,TZ,"Tanzania, United Republic of",Africa,Dar es Salaam
-Fepp6H91z1x7iuaJS9-wQ,34.004983,-6.848028,MA,Morocco,Africa,Rabat
zUmpHOqZRnu2eAeUBQFWkQ,39.312107,-76.618955,US,United States,North America,Baltimore
EbgswdL8OP9qAygT7lfnaw,52.370701,4.901269,NL,Netherlands,Europe,Amsterdam
rR0RbBbosAf7EDOq30h0-g,47.8002651,-122.3155939,US,United States,North America,Mountlake Terrace
JmhtloD0Rd3-MlgoU1YGIw,40.415761254852,-3.7085344920074,ES,Spain,Europe,Madrid
F9flyLvoK3EE3EOHgCq7rw,55.73759645,37.60357238,RU,Russian Federation,Europe,Moscow
wAy8prOr5mvNuAyqiiWPAg,60.16742277,24.95169507,FI,Finland,Europe,Helsinki
N4j2aU2FTSpFKS4wN1aWgA,47.223692470673,39.709398755265,RU,Russian Federation,Europe,Rostov-na-Donu
CWZvK1UpP_TK8IeRXG2ZrQ,52.766924089645,-0.88832647075685,GB,United Kingdom,Europe,Melton Mowbray
HBIomT5SmJjMHfVW0LqU-w,35.4245014,139.3616853,JP,Japan,Asia,Atsugi
ighjTbbU_iqr1TwSSSVXbw,52.505387,13.338902,DE,Germany,Europe,Hansaviertel
a7EzMTyZgyy8z9f16aiIzQ,40.42546561,-3.53219126,ES,Spain,Europe,San Fernando de Henares
ycfTIq1YTRM0M8DlEcPa8A,-43.53192382,172.59324576,NZ,New Zealand,Oceania,Christchurch
2Fw7WgweQu75FnLVpR3qUA,47.614346,-122.333764,US,United States,North America,Seattle
KrArHbYR4jwdXjqLHEJIUw,34.853596364432,138.01538333977,JP,Japan,Asia,Mori
kKex6VBNI_frACgzzdJI4Q,48.208223,16.176078,AT,Austria,Europe,Purkersdorf
84EYD5chWIu_KsRiR-ucXQ,-36.838897,174.741694,NZ,New Zealand,Oceania,Auckland
oXsmH7aZSb7qpjUwtELOPw,40.7727218,-73.9326181,US,United States,North America,Long Island City
OyjZ0fZ5wNG3Lc09UTLMsA,43.05626594,141.41022495,JP,Japan,Asia,Sapporo
_1sByXP41YXCj4ykimx8dQ,46.953989,7.43392,CH,Switzerland,Europe,Bern
BprNc-XgnJ3pbZQg7u60kg,59.32244428,18.07060527,SE,Sweden,Europe,Stockholm
fVzGSNApNqOkgHkDd9TIng,50.927068,4.425713,BE,Belgium,Europe,Vilvoorde
3DTnqnLTFT4V8NA6ZML7LA,32.71900227,-117.16752666,US,United States,North America,San Diego
U1-bx71WjUoYXxI_IGufTA,63.432122222222,10.391827777778,NO,Norway,Europe,Trondheim
INapYvdMnil5yhtAyLxuSQ,50.09953683,14.49684669,CZ,Czechia,Europe,Prosek
_n9C1JJeixXrTpkxBCvG9w,48.857487,2.33792,FR,France,Europe,Paris
3WCnGyax9ljo7NFJQ9ssEg,-33.71956,150.940775,AU,Australia,Oceania,Stanhope Gardens
Cevy9Ym0Z_J3YPQ3o2H3Sw,47.513653007336,19.09972817637,HU,Hungary,Europe,Budapest XIV. keruelet
0aVKQ2taubF1fJjomZUrcg,-33.430772043654,-70.58600217104,CL,Chile,South America,"Villa Presidente Frei, Nunoa, Santiago, Chile"
HmI8OXnsBwFwxm3g3ld4NA,35.1503633,138.9137986,JP,Japan,Asia,Mishima
9tXEBtEBlXokwHFHHtKwlQ,35.061096010947,138.53696629347,JP,Japan,Asia,Fujinomiya
30rD9jhMxbnw4mqGcTDHnA,37.386241,140.355467,JP,Japan,Asia,Koriyama
DLXQg216oTcZil1zi8S2gA,53.713653911836,-2.6653072424233,GB,United Kingdom,Europe,Clayton-le-Woods
a1j4LovHN0xBXhkUuQcqOg,1.296939,103.85419,SG,Singapore,Asia,Singapore
PyFe6mFKqvRVqP8pTjWh7Q,40.728575,-73.98775,US,United States,North America,New York City
KhugrGxPkF9U79houb9RPw,40.73818872,-74.00395171,US,United States,North America,New York City
-Zvdb_5UjlrZKZiggHPHKg,-6.8158954403948,39.254395567033,TZ,"Tanzania, United Republic of",Africa,Magomeni
gz1WUmcPM8qDh0hkpl25aA,44.931044444444,-93.345930555556,US,United States,North America,Saint Louis Park
98MrRmZXdRLe2qdDPMUqZw,39.285864,-76.567099,US,United States,North America,Baltimore
xaWtyGJw3EMoeCxD6pPZdQ,33.977121,-118.46358,US,United States,North America,Marina del Rey
HUUoFOlegQmE3rxkWvPXcw,42.34675,-71.092526,US,United States,North America,Cambridge
SeStE67rJH5qzpkxGGXakg,10.577413,-67.00440954,VE,"Venezuela, Bolivarian Republic of",South America,Catia La Mar
fyr1moCcYulev7p93n40ag,42.356788,-71.061715,US,United States,North America,Boston
Yu5hGY99gDFbvsJwqWYx0A,8.97738215,-79.51624782,PA,Panama,North America,Panama
ODbkOs1GqH1WP4Ua1gJdyA,35.652805,-97.4509666,US,United States,North America,Edmond
dKsYs9qNBPer2bd8XTDmbg,52.21912988,21.01556849,PL,Poland,Europe,Srodmiescie
cF7qIow6fMjW88dXTqcE-A,38.1284727,13.35427515,IT,Italy,Europe,Palermo
O68NroEyyAzP8sYrD-Ob9A,52.180015579797,0.12377925217152,GB,United Kingdom,Europe,Cambridge
HAN0M4msxvEsq8d581jR0Q,39.33476,-76.646423,US,United States,North America,Baltimore
XeGbz6Y5svCeJO7lI4wOBA,55.55043593,13.05656911,SE,Sweden,Europe,Oxie
ffWfYcSCDu4RXpaBxEDpyA,48.7771129,2.3135686,FR,France,Europe,Bourg-la-Reine
f476k_cROcKVEDFwRiGyxg,32.709451,-117.156641,US,United States,North America,San Diego
zW2IXTP-cGQes3JQU3db9A,35.654386,139.796174,JP,Japan,Asia,Urayasu
md2pDWxoLL8CgAHjjJ8LsQ,32.711577,-117.151669,US,United States,North America,San Diego
AchfL7mk6_tIWLbiTrkQaA,47.614655678167,-122.34865604554,US,United States,North America,Seattle
blwTfeY5rFpeZoorksG21g,40.479748,-3.670463,ES,Spain,Europe,Pinar de Chamartin
gxdnNDx1dkU8Da0beG3MAQ,51.528733237647,-0.12021778151393,GB,United Kingdom,Europe,Clerkenwell
QH6M4pCPSVoLQhXIcaggcQ,33.993573,-6.827793,MA,Morocco,Africa,Rabat
irw7yhD6RIsefhfiwEeH0g,45.54518858,11.548382,IT,Italy,Europe,Vicenza
2E23KMd-54oA6o3tge6eog,33.928472,-84.551079,US,United States,North America,Fair Oaks
rolz92wuhIfjkAWmTf6QjQ,40.7572721,-73.9464617,US,United States,North America,Long Island City
LdEaE81r3nE9Z2lSiLl4CA,50.09242244922,14.434813618915,CZ,Czechia,Europe,Karlin
UkFkRyiIZUBvMSzurdYcHA,38.752166734961,-9.1814057433118,PT,Portugal,Europe,Pontinha
3IxutmQyVK7x8goSjci5xg,37.510711,139.928423,JP,Japan,Asia,Kitakata
iQ2iXbpsof8hPo_EyZxn3w,-33.896841666667,151.25438333333,AU,Australia,Oceania,Bondi Junction
lMI5R2LpSS2Dc6tO5n-xkw,19.43061038,-99.17517053,MX,Mexico,North America,Miguel Hidalgo
Dh8h4BYF2TdMmLmMeiRc5A,-33.794878,151.182552,AU,Australia,Oceania,Chatswood
ahRD2bxzN4M0_RV974oh_A,1.303708,103.826471,SG,Singapore,Asia,Singapore
6i3E1ggNBTC2E-HPGM8HXw,54.61567965,-5.86134468,GB,United Kingdom,Europe,Holywood
lBP5WFRex4mtuwNyDQjRxg,36.121342,140.176825,JP,Japan,Asia,Naka
qSMtiEkx9bs2Nw711ba5ZQ,45.387129252042,10.917798368951,IT,Italy,Europe,Dossobuono
5pUOeiupA2GliY_1IDcdIg,36.6501087,138.1823325,JP,Japan,Asia,Nagano-shi
nMDXD1hUsvJNqPJ3FuTpTA,48.833612,2.243649,FR,France,Europe,Boulogne-Billancourt
QCqSMGlLqOmcDQPNJfREIg,34.878470250438,138.01931784501,JP,Japan,Asia,Mori
mp2x72RjHic7PW1vYlBL6A,35.653152,139.748191,JP,Japan,Asia,Tokyo
34jlRcOwl7j-7vRLlJ9rdw,47.61593616,-122.32944115,US,United States,North America,Seattle
zUpC4ZYBZSsJerrkEwz5wA,48.82659796,2.38870573,FR,France,Europe,Ivry-sur-Seine
ddI-VRwVSNVnyPhDMC-o1g,35.588476,139.630758,JP,Japan,Asia,Chofugaoka
4HeAbRiugZSMvDi3021Oqg,59.968456244096,30.320964502171,RU,Russian Federation,Europe,Petrogradka
_k0fa6yqavqlHEtN_qT4Rw,55.744678,37.655097,RU,Russian Federation,Europe,Taganskiy
Xy28drJDLGbgA_Yry2cN0Q,44.890875,-93.401725,US,United States,North America,Edina
lR3wT3WG9y3vkfPbkiJjaA,39.272798,-76.609626,US,United States,North America,Baltimore
UQcslHiRQveMFHUgeWlIlA,35.972018,139.980943,JP,Japan,Asia,Moriya
ZSXZ8tHK0tJ1Yc62IILzWw,48.83604866,2.37886414,FR,France,Europe,Ivry-sur-Seine
FbtO3CdtzAXhaGnNC6K7aA,52.208017,20.987344,PL,Poland,Europe,Ochota
d610BiHD_fd_3HhliRySvg,58.037539,11.672406,SE,Sweden,Europe,Myggenas
CnrznZ0Kt4zKo9QNX0mK8A,42.137296666667,1.9331083333333,ES,Spain,Europe,Vilada
CEFcHgV8L6OOssaz-rdyBw,40.4717797,-3.701354,ES,Spain,Europe,Tetuan de las Victorias
3OOHPpFFEgjuKcWcr_zy1A,33.5687831,-84.3260986,US,United States,North America,Morrow
EJCc7cFLrVjdP1yFW3v4og,35.634984,139.791538,JP,Japan,Asia,Urayasu
yVmbNU5DUlfR_AeejwWv_A,-27.464306813419,153.04255418118,AU,Australia,Oceania,Fortitude Valley
r1h9qNOy4vXR4pqDcTgqDg,35.02378762,138.48358624389,JP,Japan,Asia,Shizuoka-shi
ds6Rswmm9d5R0b4bejDFqg,45.5357774,-73.6654239,CA,Canada,North America,Mont-Royal
8-FbAAG-tuILtdtDuRByjg,1.31671,103.83567,SG,Singapore,Asia,Singapore
tNBxGnr_8OnXunFfM9OgeQ,39.274276765,-76.473708869722,US,United States,North America,Essex
IvZqGIDE6Q_1hpGfoZOiRg,51.456585,7.015861,DE,Germany,Europe,Essen
sHv1Jfx2Ljli2DpYOS3dTg,56.84318,60.592823,RU,Russian Federation,Europe,Yekaterinburg
PnGBoInp29xQSlf5I4NU2Q,33.862133,-117.924385,US,United States,North America,Fullerton
4AhW8sM3bvbwOvzy7juyFQ,35.046118078889,138.90517495583,JP,Japan,Asia,Numazu
9ngARyO6zFzYapvyrbdHYQ,50.107204662636,14.40455163829,CZ,Czechia,Europe,Mala Strana
7rYa6scKbeW5wFa_ajk2Qg,29.629868,-98.460524,US,United States,North America,Hollywood Park
eKEcfInHfXYjhHLadyKzgQ,22.371173,114.114001,HK,Hong Kong,Asia,Tsuen Wan
e6TqHQT3C-PDqNjMfoj-qw,7.9557193536111,-11.752637000556,SL,Sierra Leone,Africa,Bo
wSzH0fOy9aLXgs8g5LunJg,13.742258408889,100.55275213889,TH,Thailand,Asia,Ratchathewi
wKo_IJRahDSTgZx5YjLqNg,22.30344,114.180656,HK,Hong Kong,Asia,Kowloon
2sgg2Hh6a5D38x2WIJfj0Q,35.698031,139.85997,JP,Japan,Asia,Urayasu
5l_u7RYS6W_1nralBTin2g,43.692261,7.247443,FR,France,Europe,Nice
zP1X6KBznrx1LlcMF85hEg,51.35945,12.284186111111,DE,Germany,Europe,Schkeuditz
j3Q-315wWKRKfc0rLu2wEg,-15.8347894,-48.0062346,BR,Brazil,South America,Brasilia
oSpXOR2Gxu7Fn69q5Fl2TA,47.4621924,19.03826691,HU,Hungary,Europe,Budapest XI. keruelet
1bnoMb-V4RbXFpKaxrJVag,35.018757,138.945232,JP,Japan,Asia,Mishima
VwvgQFl8TDVtPWVnEytG9A,38.719053,-9.143069,PT,Portugal,Europe,Lisbon
FuUJOAAPeST0oNT0jbadOA,35.100025,138.85907,JP,Japan,Asia,Numazu
j5J9nbyhboP2wOL1CYqWoQ,55.764966153766,37.630473822355,RU,Russian Federation,Europe,Moscow
pIqwToTzYWE8I3ZXeklytQ,60.16532142,24.90893649,FI,Finland,Europe,Helsinki
Rhcf-ui8tTi41grQX-muEA,34.101138,-117.855082,US,United States,North America,Charter Oak
Zi_nDufZJvTDiwGaB31wkA,52.372116,4.8435030000001,NL,Netherlands,Europe,Amsterdam
bmo810XX8y4z9bxy1nGKwQ,-27.81547438,-50.33815411,BR,Brazil,South America,Lages
7H9o3RpqMDUa8o4l4chdGg,40.7141848,-73.9594858,US,United States,North America,Long Island City
-qYuT49E9XwSfZl71BeYGg,37.388677378335,-5.9983121446614,ES,Spain,Europe,Sevilla
Yr-kdrJ6lmFGG39Hs6nlyg,52.37067,4.966054,NL,Netherlands,Europe,Diemen
AaHof_2Ptwwhrg_ftnhjkA,53.39840656,-6.16166707,IE,Ireland,Europe,Donaghmede
KtIpZB4hgUQRFbBqQwITwA,38.89736765,-77.02805436,US,United States,North America,"Washington, D.C."
O3-gooO80r781r4CRyVufA,50.097011764372,14.461089415242,CZ,Czechia,Europe,Karlin
i3gMhb_rTVsDqGcCru9Qlw,47.513153865002,19.112072959542,HU,Hungary,Europe,Budapest XIV. keruelet
c3a5Ef1sxw1euGGEjQ53eQ,59.94654163,10.72028879,NO,Norway,Europe,Oslo
16OssV1fcjC0gUZDriZMLg,53.485886254348,-2.2380611021072,GB,United Kingdom,Europe,Manchester
Jh7cLls0STsj8MUR0mPV9w,37.476785,139.814228,JP,Japan,Asia,Kitakata
aFgTv9vH5iJNGwNLWhdINg,-19.06054975,-65.2455984,BO,"Bolivia, Plurinational State of",South America,Sucre
iLRTY12iq5OqyNuTjWI7cw,49.27646875,-123.10228647,CA,Canada,North America,Vancouver
cTVMfrZ7aBebxfKA5CmejQ,43.658798,7.147635,FR,France,Europe,Cagnes-sur-Mer
sZzVww9v-QHWGVMNxDtPTA,42.118285,1.8596066666667,ES,Spain,Europe,Berga
2hvwN7vJpAinTNxI87CZSA,45.397753240278,-75.7485023325,CA,Canada,North America,Ottawa
TRzzWjuSejYJtqCiXdP7tg,50.662082,-120.321561,CA,Canada,North America,Kamloops
irbbK8RZH_nfyuLMJVk73g,41.918766,12.46988,VA,Holy See (Vatican City State),Europe,Vatican City
2N9kqM9cIddfMGh_08kW2A,51.5244342,-0.1226352,GB,United Kingdom,Europe,Clerkenwell
NpIBAdMBpGFJvEEcWnE9ow,44.430298,26.088906,RO,Romania,Europe,Bucuresti
vL-k4d6QRPsRT0uFjzy5Cg,50.78997322,4.27692954,BE,Belgium,Europe,Beersel
EBy44p_dvriusEAf32Y5fg,35.226444,135.115558,JP,Japan,Asia,Fukuchiyama
DGmVYOTNyO0NBonQLaG8NQ,-33.389801108641,-70.587527006865,CL,Chile,South America,"Villa Presidente Frei, Nunoa, Santiago, Chile"
zW4vNOOIUke7LjByacjyvg,43.733205555556,-79.658286111111,CA,Canada,North America,Brampton
QltJeHZBLXZWNnh-ol9YVw,35.069895,138.942112,JP,Japan,Asia,Mishima
8Me3XEOQ8Y7dp1mI7RhxGw,-43.537003685996,172.60377502786,NZ,New Zealand,Oceania,Christchurch
EzokuoOU4-tShURNnDz8Ag,47.5854063,-122.3200626,US,United States,North America,Seattle
rfh0fASE34zBIeS09XnYOQ,28.0017505,-82.3235194,US,United States,North America,Mango
iIFrUqxZbhmOuMdvjLmXGg,47.379619444444,8.5370583333333,CH,Switzerland,Europe,Zuerich (Kreis 1) / City
G4umVFD4_18jZD5R_-omSg,48.672572029755,2.3283901065588,FR,France,Europe,Villemoisson-sur-Orge
bmXyOzQ4fJY7DdF96YBeGw,35.648994,139.681206,JP,Japan,Asia,Tokyo
8Uzi3YMPtybtoPI4MR-jXg,39.774651154876,-86.178553551435,US,United States,North America,Indianapolis
pCngHLlYbpVJrte6Lulpxw,-33.787203,151.085316,AU,Australia,Oceania,Denistone
1g8ZyAHMYwp7zskyrtqM4w,59.245008333333,11.000147222222,NO,Norway,Europe,Fredrikstad
seYTIttBXlq0BDJ1_3bY8w,52.16492,5.373066,NL,Netherlands,Europe,Amersfoort
YeUypVQbBxtktUU3Sjy2KQ,39.771758811548,-86.17583245039,US,United States,North America,Indianapolis
WUtrLt4TLI8WLuNtjgQd3A,37.785353,140.386177,JP,Japan,Asia,Fukushima-shi
7xzeXkwAT8928zKHTp8b2g,34.778823008889,138.01987619694,JP,Japan,Asia,Kakegawa
tSE2xASGFKXc3hQUq2JArw,39.398689,-76.598851,US,United States,North America,Towson
x66IiszxV82zgrVjm0TbFA,37.238593,140.493414,JP,Japan,Asia,Ishikawa
Oo77tEeqOV3SwlwtE4HRjA,1.313986,103.854688,SG,Singapore,Asia,Singapore
JFG7s4Bw4s6vVVjJOKXYRQ,36.166461,-115.157576,US,United States,North America,Las Vegas
apx8zPitYOoSXHC03WB0Ag,32.73050202,-117.14826301,US,United States,North America,San Diego
wjeYXRUdxJxty7yCS12NTw,37.706252,140.998075,JP,Japan,Asia,Namie
tQ_V74rknaHrzRQdDboEUA,46.81731773,23.18672503,RO,Romania,Europe,Aghiresu
LeQ6k10BRynSrhqZ9eXlFQ,40.412348318615,-3.6996935530222,ES,Spain,Europe,Madrid
LQ5CwzxVkTfgEQwMj6k7Xw,44.807794444444,-93.354972222222,US,United States,North America,Savage
lsdqfgclz4fiJou8UHhlUQ,43.63724,7.127909,FR,France,Europe,Villeneuve-Loubet
2aRJss8N0OFe1B2U3vWOJA,-15.85118586,-47.90274516,BR,Brazil,South America,Brasilia
U-lN-TqTYRWHXorFqqFV_Q,44.5984336,-75.6965002,CA,Canada,North America,Brockville
BESvF2EjrODCxZziAZIkDg,43.732066666667,-79.589163888889,CA,Canada,North America,Etobicoke
a-zTY6nOk0Rr4hsWJtnTEw,50.0353447,14.2354851,CZ,Czechia,Europe,Rudna
5-KT4MzVZ10tXeflxn8Y-Q,47.499346,-122.200152,US,United States,North America,Renton
EVsRhBgZXWRvpWWlEOlx0A,-23.527979,-46.704086,BR,Brazil,South America,Sao Paulo
uZx1rhFbrmilNETrhudSfw,47.4883839,19.0872124,HU,Hungary,Europe,Budapest VIII. keruelet
d8uMmfzM3NpnYIc4QIQ6rg,34.965729518056,138.41314274833,JP,Japan,Asia,Shizuoka-shi
EcCrc-hnfzTEAcn02j3VAA,-23.570839722222,-46.688303055556,BR,Brazil,South America,Sao Paulo
Lc1VB8PbmEyUPZmh-qvbXA,41.44429964,2.22758673,ES,Spain,Europe,Llefia
8FfF-SlPTyMPCD900dscng,25.0691179,55.1939901,AE,United Arab Emirates,Asia,Dubai
4MOAAW-MwmBVcoJbBcF4oA,48.862735,2.387636,FR,France,Europe,Le Pre-Saint-Gervais
GzpxyqbP8gTniZP8oXktGg,35.657147,139.700332,JP,Japan,Asia,Tokyo
8ybDO22Nb6jhboWSRIHA2Q,52.21430798,20.98878932,PL,Poland,Europe,Ochota
2BIAOvVUFUB0dmFwxBXFwQ,48.860551,2.325961,FR,France,Europe,Paris
N31jfcBPZO6K2kqH_MAH0w,48.2054235,16.2991504,AT,Austria,Europe,Vienna
9tczcHjFl1mgfjwgAttgdA,51.45651702,7.01956108,DE,Germany,Europe,Essen
IqQSscitf26tyTsT0GeJ0g,34.783026,138.009038,JP,Japan,Asia,Kakegawa
RBYZ-w39j0FX7zbvwJBg_A,-12.072546666667,-77.041448333333,PE,Peru,South America,Lima
WFobntqpKJGt8Dw6QqIoYw,40.4282988,-79.9680441,US,United States,North America,Mount Oliver
hERIB9Ds51c1Cw5vx4o8dw,56.6551,23.713113,LV,Latvia,Europe,Jelgava
Vlaw0THXSZt85hpZhFib1Q,50.06106982,14.43595141,CZ,Czechia,Europe,Vysehrad
JG6TNPjs0zLMJ5YWteLuQQ,37.517384,140.036707,JP,Japan,Asia,Inawashiro
r5KkHSwFjKU1pfYaAGorkg,56.97503732,24.18458786,LV,Latvia,Europe,Jaunciems
ZEm64iUIrVd8i-8SuB12Dg,35.413809,139.631717,JP,Japan,Asia,Yokohama
fKJbOr9TM3imYSRqt4YPSQ,35.794183333333,-83.946158333333,US,United States,North America,Eagleton Village
2N-q-1zGT1tqWVQnXdCR0g,55.75430456,37.62459569,RU,Russian Federation,Europe,Moscow
yQvYSCfYibpDj3wf5A_A0A,37.500641,139.93679,JP,Japan,Asia,Kitakata
-p8VC0pXkTq06tA1YN4VbA,-34.60836,-58.372139,AR,Argentina,South America,Buenos Aires
F1rWWZI_pxNjQ7FNya_QKg,-17.908983333333,31.162255555556,ZW,Zimbabwe,Africa,Epworth
_KWGXHTqPT-2Tw1OY_L_Gg,52.43939,4.8593141,NL,Netherlands,Europe,Zaandam
7ukrffgtGSxa2DTSakbcsg,-27.812725994736,-50.320757282898,BR,Brazil,South America,Lages
wI41fUbNJyncWZvqrmdOlA,44.06381347,12.54096066,IT,Italy,Europe,Rimini
6JBmbjkF2ciQuWZi0_jPPQ,41.145999,-8.613211,PT,Portugal,Europe,Porto
L0OSlrKH4nVc7IPlVS4aHQ,36.167141,140.10672,JP,Japan,Asia,Tsukuba
nnWiaePFu6XMjLszP1uDTw,51.44982,7.008536,DE,Germany,Europe,Essen
bsh63gvB7d-x-NRvh7lF6Q,49.667966,8.602332,DE,Germany,Europe,Bensheim
pwIX_FS2F4Z85rqpeGXQHg,39.72031267,116.37195458,CN,China,Asia,Xingfeng
NjgUXRpPPXBclta6dyTnEQ,48.19496672,16.40768974,AT,Austria,Europe,Vienna
jQn0AWqu3IF2AFlP4vaH3g,35.645775,139.802964,JP,Japan,Asia,Urayasu
pVBNvBzpb6p3IHp4RCEybQ,49.1889,-123.124735,CA,Canada,North America,Richmond
C5ExMoSMjDOpyaXA78LIkg,34.999793,138.412864,JP,Japan,Asia,Shizuoka-shi
heowJTklyVPT8CRPQEvx3g,33.994489,-6.838124,MA,Morocco,Africa,Rabat
BxtcjPG6jRDXFgZwMkfz8A,33.49713054,-112.08359791,US,United States,North America,Phoenix
acd6kAtmxwoF0L3K_JQIdw,52.2934482,21.01603917,PL,Poland,Europe,Targowek
n_gnU6jWMV9Z0l2HuPLvmw,41.39924472,2.16930221,ES,Spain,Europe,Eixample
51iCBF5WDed_u2a92qir1w,47.6244,-122.347499,US,United States,North America,Seattle
B42DjvamOVSQpv89GHJ3Iw,-12.0403997,-77.0989117,PE,Peru,South America,Callao
UXKPHqIBHJmMBPHJ5ETb0g,11.3802624,-72.2548334,CO,Colombia,South America,Maicao
h91PXBY_9XyPGHJlyilS8g,52.407031,13.046777,DE,Germany,Europe,Potsdam
eL7joUVqlAWWNDKMZ2PRMQ,33.46277989,-112.04776508,US,United States,North America,Phoenix
1rEBVRUh3ACRSN370m0PBQ,34.842127,138.019671,JP,Japan,Asia,Kakegawa
eohcKfqD4U5ooSRII52okw,50.86020440244,4.3419346135186,BE,Belgium,Europe,Brussels
YOzj5K4vkx22-yeJO4Teqw,50.896513888889,6.0589055555556,NL,Netherlands,Europe,Kerkrade
skG-STxdmIqHD8_pOymOxQ,29.49175478,-98.48352352,US,United States,North America,Olmos Park
HQvKJnhr6YKEh-ZuP0XOoA,35.049350023674,138.24199475799,JP,Japan,Asia,Shizuoka-shi
GWg-XsBB8HqethlUcKOhMw,38.888426,-77.242145,US,United States,North America,Merrifield
Ug0WexD2aKPX47IVYU7Agw,37.673851,140.560781,JP,Japan,Asia,Fukushima-shi
Ap_yKIPz9h49hPpoQdN3Qw,33.377958055556,-111.92863,US,United States,North America,Guadalupe
T6Qt5mkEZv0MbuagMYqVKw,35.921888888889,-84.032508333333,US,United States,North America,Louisville
G3Hkhefb5H5N-dfvEckcvA,55.7604831,37.6208218,RU,Russian Federation,Europe,Moscow
cu0RnOQWU0sVqf4J596WPw,18.803666666667,99.069701666667,TH,Thailand,Asia,San Sai
JrTEegFjaryIk5eyAITPog,59.34199,18.084888166667,SE,Sweden,Europe,OEstermalm
EwuAUS30SydeFT1hjZf_4A,51.31898009,12.34469341,DE,Germany,Europe,Leipzig
TvIS0mVVDFmvxQLMO5CujQ,19.483752,-99.131342,MX,Mexico,North America,Colonia Lindavista
7BTeQI902vbTnfpgVbGGng,-6.82860246,39.27795288,TZ,"Tanzania, United Republic of",Africa,Dar es Salaam
0Ok3Sz1Dhr5FBUjkoO24xw,30.5107927,-87.2204884,US,United States,North America,Ferry Pass
ySwKJRc69mr-yVpWod3o6A,41.444116,2.2266509,ES,Spain,Europe,Llefia
9QYEQTKEMRWEdRTXpvcKgg,43.654352,-79.360241000071,CA,Canada,North America,Toronto
a1Oywc1t6comPePdqrTxPA,35.65289,139.758055,JP,Japan,Asia,Tokyo
jxrPXBmUnItqHRfmugzXPQ,47.62217843,-122.35544336,US,United States,North America,Seattle
Wn0GmI5zUIzv_kSLVpscbQ,42.354331,-71.068484,US,United States,North America,Boston
duI1jGUSBL5OvvCpug2f0Q,36.4114,140.413735,JP,Japan,Asia,Mito-shi
H3gOyQV6-nerKRrL-3ZEAg,47.276769885355,39.782959456543,RU,Russian Federation,Europe,Imeni Chkalova
U29Ty-g4V54GWhtyc9VNGQ,39.86692619,116.42424072,CN,China,Asia,Longtan
3YFRPmjahgVSjtDTbtAWBQ,55.954225,-3.215028,GB,United Kingdom,Europe,Edinburgh
bynCcvyHdX3GjMWyhBOopA,47.499776305631,19.030232643709,HU,Hungary,Europe,Budapest I. keruelet
klHF8Cnt3x6rVG4wnOSNsw,35.08718,138.856785,JP,Japan,Asia,Numazu
Rmpsdhzyn6KyoBPZUkkBYg,14.644525,121.06090833333,PH,Philippines,Asia,Quezon City
R70Nseu7nKR5Di-wpsrK5g,60.155416666667,24.961261111111,FI,Finland,Europe,Helsinki
cqYKetG3oGrNgAV113zg6g,43.708836,7.323353,FR,France,Europe,Beaulieu-sur-Mer
PNfll2jvKX14qNYL5byGIg,36.173347,-115.142405,US,United States,North America,Las Vegas
IPDXeCX5GKC9LL6HU8z3IQ,44.898836111111,-93.202047222222,US,United States,North America,Mendota Heights
CcgwmeSe1H4ndx3-eSM_Vg,43.40335,-79.803777777778,CA,Canada,North America,Burlington
vc16XtPkZDKi30Xt7gA3eg,36.753768,139.715394,JP,Japan,Asia,Imaichi
P7w3rKPsv-VwT11pHqXhlQ,50.03515855355,14.444379460605,CZ,Czechia,Europe,Hodkovicky
pSbA8n_XGK7lSNf8L5-GqA,35.087436787778,138.86799176028,JP,Japan,Asia,Numazu
PUXZIN8JTRchCsgsyQtHZg,51.501193,3.8863156,NL,Netherlands,Europe,Goes
hlemA0lF2xVMLdUAZOva5g,25.07941775,55.17891475,AE,United Arab Emirates,Asia,Dubai
7CZQPfqW9t3DHlDgl5k5dQ,39.287269,-76.627448,US,United States,North America,Baltimore
y9pazELvgiNeuBJckYT9FA,35.226185,135.117095,JP,Japan,Asia,Fukuchiyama
hJ2R_yxgpuDQQc3MAXlBkQ,1.322335,103.866339,SG,Singapore,Asia,Singapore
--SWG8TJo7vrbZ_x5YLj6A,-33.431206591386,-70.587284634077,CL,Chile,South America,"Villa Presidente Frei, Nunoa, Santiago, Chile"
tDzhNyxh-VsV2gzNQSh2Lg,-27.46966,153.01556165,AU,Australia,Oceania,Spring Hill
a51eNLs2jeRgbYkfAB6thA,43.828886111111,-79.538947222222,CA,Canada,North America,Vaughan
6fe-t7trGlg2nVmt4KWxvg,-41.439832333177,147.13176056785,AU,Australia,Oceania,Launceston
WB1DytZTO34MuGCiqOikgQ,30.03995946,-82.87673941,US,United States,North America,Wellborn
AMJqgRvuhO1-JA-8V3MzuQ,52.518195,13.406487,DE,Germany,Europe,Mitte
TabNxKcxUIbzH85R-R4O5A,30.025343,31.472705,EG,Egypt,Africa,Al Khankah
jcU9o2DnHo6cylroUZKc4g,-33.89939137,151.19733164,AU,Australia,Oceania,Alexandria
53OusFiU9k3FCSUAVBfHXg,42.353031607335,-71.060764461233,US,United States,North America,Boston
pda1fJOl4UUHQ2V05TKsEA,49.221348557588,-122.91061433967,CA,Canada,North America,New Westminster
YQ50X1SsI3osKjmUzpt5sw,51.127513333333,71.471425,KZ,Kazakhstan,Asia,Astana
i4aTCiA6TWMqWNS3QS1YeQ,37.554821,139.872048,JP,Japan,Asia,Kitakata
PqnzrbNTNMxM5fTQLFDBjg,35.097091,139.072673,JP,Japan,Asia,Atami
lmE0IA4KppPQlzCJ-MHpIA,4.5347498814024,-75.675429760221,CO,Colombia,South America,Armenia
1-vKSjEbE1AHv4uXCYU--A,52.083885,4.395601,NL,Netherlands,Europe,Voorburg
ak-8RUVGS66_4Fx_0d39lg,50.096567213452,14.475239134709,CZ,Czechia,Europe,Liben
DMeHosawbP0jrmW1eDWITw,40.441771,-3.698528,ES,Spain,Europe,Chamberi
qhwCTwyQs6wN2pcr83vzGw,39.76721294,-86.16143754,US,United States,North America,Indianapolis
-GxYFOCn-Xfnljtk30lpIA,29.9411642,-82.11111814,US,United States,North America,Starke
8Lv8e57j78OIS8QDSmZWsA,-12.99500419,-38.47870933,BR,Brazil,South America,Salvador
OqGJOiqeztpHEyAerCNlcg,42.87508,141.616019,JP,Japan,Asia,Chitose
mXeCMAqX96QES-XYBGdwSw,35.008563799722,138.41317749222,JP,Japan,Asia,Shizuoka-shi
8lCS85AVB5sJF6srNlGH9g,52.16558602061,5.4084324025865,NL,Netherlands,Europe,Randenbroek
cNP2iYntMvf1FGFtPPnpHA,-33.796764,151.197414,AU,Australia,Oceania,Chatswood
chE0ESBiWY-E3PqQFEGJrg,37.800352,-122.409951,US,United States,North America,San Francisco
o0JTyW-jRL3skgDeQ-JJzg,22.232713,114.222396,HK,Hong Kong,Asia,Wan Chai
VFpb4ch70jaMRlTZ39j9cw,50.055673419156,14.435116647638,CZ,Czechia,Europe,Vysehrad
Q6MSquTx4wHnh-eft9AhfA,41.920679,-87.704372,US,United States,North America,Lincolnwood
DqI-OzKO0ktrrFZ_X7DWbA,43.015692,141.346828,JP,Japan,Asia,Sapporo
DVgrmNKfOiKQf7TM--Demw,10.0202712,-84.215106,CR,Costa Rica,North America,Alajuela
94lRvRGNBLZIbfcgUmcpRQ,33.332058,-112.089423,US,United States,North America,Laveen
3l80k8nl2QXyptaEcYx4Uw,45.445606950556,-75.720146773333,CA,Canada,North America,Gatineau
zGXxijyy0AIExynEXF6fhA,-27.456639,153.009738,AU,Australia,Oceania,Spring Hill
DCcpCJazIoOCLlppOYQkRA,-27.43213511,153.04279982,AU,Australia,Oceania,Wooloowin
l-zZecdAeiaI8HAVj8sfjw,37.717699722222,-122.44229138889,US,United States,North America,Daly City
16GbzwFn1zVnp_uSX9z1jA,18.7637336,99.0382691,TH,Thailand,Asia,Saraphi
PzSMOyD70iztojCuK62OIg,35.861062,139.966588,JP,Japan,Asia,Kashiwa
VMSPzVXg76UhuKFZ97VW4w,-33.38835,-70.63348,CL,Chile,South America,Santiago
kATKS3PGQcJlo9RjiQB6WQ,35.651345,139.685842,JP,Japan,Asia,Tokyo
j0JCfEJ8GAf1wh21y8LHVg,12.97854596,77.58344878,IN,India,Asia,Bangalore
UNQOxFenJ9LOTC1Wqhvwjw,50.8835676,4.4465211,BE,Belgium,Europe,Diegem
QUmx9lYaa--gqGpJCkMs3A,37.546152,139.887232,JP,Japan,Asia,Kitakata
KZihzY2qwJFuIr0K4fXtBQ,55.696749,12.536142,DK,Denmark,Europe,Frederiksberg
ORNPSgT0xwW1eSl3J7LCpg,59.3282448,18.0700645,SE,Sweden,Europe,Stockholm
McEzcpkCFhqmwQysTztsFg,38.709835,-9.148801,PT,Portugal,Europe,Lisbon
5S-ns93ghhPGmmS8HRUDtg,59.32551231,18.06574954,SE,Sweden,Europe,Stockholm
PUJpNBCUCPpizBX6NqWDBA,40.7405377,-73.9580442,US,United States,North America,Long Island City
Jx8sKJpL_nWj-0hG605MnQ,48.8170878,2.3533004,FR,France,Europe,Le Kremlin-Bicetre
FgAFDCPXzeP3Q_Pu_tZtcw,46.236036666667,0.90399666666667,FR,France,Europe,Bussiere-Poitevine
vSjdfmWl7a0woLAkRkMVXw,48.2306008,16.38692619,AT,Austria,Europe,Vienna
dAFEDMFvKyt4nbDDy97cpQ,40.57639,-3.707233,ES,Spain,Europe,Tres Cantos
iCBm7xjPvRtyz8VBLMCptA,35.650734,139.684773,JP,Japan,Asia,Tokyo
YlgS83YWfqwccguspQwbmg,32.721004,-117.159728,US,United States,North America,San Diego
BIfb7aZDKaNDWd0xIpDKdg,48.830961666667,2.355295,FR,France,Europe,Le Kremlin-Bicetre
JTi_kYH5PhN-O5lzLeAiFg,29.690996,-98.448993,US,United States,North America,Timberwood Park
Gmw_b-LDkY1ivR-Wrekukw,34.973713,136.641018,JP,Japan,Asia,Yokkaichi
wzdBNO5NIg7UPGHCkP4yQw,35.8705007,128.6363825,KR,"Korea, Republic of",Asia,Daegu
DLwq4XDabyofMExBDFHZ2Q,13.75669174876,100.54670570176,TH,Thailand,Asia,Ratchathewi
TCT0fXMd87rj88rSEIK_eA,-12.0546923,-77.0343477,PE,Peru,South America,Lima
Ts4BNFXrxJ3H4wUyQk69_A,1.390097,103.773124,MY,Malaysia,Asia,Johor Bahru
sftYZKCnByhuahGw3sjg2g,34.9622266,135.7173733,JP,Japan,Asia,Muko
ARiNMq8lemG8L7qdZkuhyA,35.959682,140.045697,JP,Japan,Asia,Moriya
tJ9awpOo24bhcxpYpZfgoQ,25.1450269,55.2216098,AE,United Arab Emirates,Asia,Dubai
AIomnGk65iEZ1rCVUltTlw,43.634416666667,-79.403905555556,CA,Canada,North America,Toronto
EwPa_DDl6b4JHsoEZP8Vqw,51.49111638,-0.0749348,GB,United Kingdom,Europe,Camberwell
BqcxNFSwDMGQgeSujlZqnw,37.499065,140.942846,JP,Japan,Asia,Namie
KZq2UOj8l_tYnLKAry7Ejw,59.342088,18.038291,SE,Sweden,Europe,Stockholm
yvZ-yQY87UUI4HmYeak0vQ,30.23539,-97.692681,US,United States,North America,Austin
RA7WTHCvgzYyzS3Mk5aQXg,42.352227,-71.069512,US,United States,North America,Boston
OGHqtq67sKIVqNOyP3nGkw,34.982056645833,138.38677578611,JP,Japan,Asia,Shizuoka-shi
T-CxNIfw7lO1QnMylAYvHw,35.065346,138.878405,JP,Japan,Asia,Numazu
I5K_4kQ0zAV2xYfQepzrlA,40.756631596061,-111.88546962104,US,United States,North America,Salt Lake City
GWxCsd9qql2kvPu8oMhcRg,42.361883,-71.054604,US,United States,North America,Boston
b8GKp3JrC1LN3zYeg4U-Ug,30.3803825,-97.7751367,US,United States,North America,Jollyville
MuDwlmkRAhhxrBNHiG6t6w,47.699964,-122.355373,US,United States,North America,Shoreline
W5VmazvgrvIrb5ZUJ3NBYQ,43.302256,5.379577,FR,France,Europe,Marseille 03
Fp31dNDlqMC4LcgG5X_NqQ,40.74118135,-74.00195041,US,United States,North America,New York City
AziVgsGjfgLbp904AelD_Q,36.120185,-115.172511,US,United States,North America,Paradise
tr9JEwMdS7colUcog7QAhw,40.4276503,-79.969331,US,United States,North America,Mount Oliver
1ba8rOWCwXUwVQNHQ--1Mg,47.929172,-122.099758,US,United States,North America,Snohomish
zSjEvUydnoQxBEDtqIYk1w,34.099496,-117.846551,US,United States,North America,Charter Oak
MfZYcuzY17u8PyRCTvoGag,63.43319712,10.41061812,NO,Norway,Europe,Trondheim
q1jXw7EC-QDBWntrlxuJ9g,59.920324,10.764413,NO,Norway,Europe,Oslo
dOLVTayXsgNVJqoRsTGu2Q,35.094582,138.550832,JP,Japan,Asia,Fujinomiya
47VvVp571PWR5PjAMhht0g,23.139971429202,-82.365331717756,CU,Cuba,North America,Centro Habana
uGJM_pWAIiWaNwl3iARQhA,40.3954825,-76.0068158,US,United States,North America,Fox Chase
yQnWvJVWVvfwguvdPqm74Q,35.150176,139.1283442,JP,Japan,Asia,Yugawara
tyUh8-yOItupMCNa14DbFw,47.350763166323,19.06166838482,HU,Hungary,Europe,Szigetszentmiklos
KXlW6HXvqqp1GB8Sh65gTA,36.8208033,138.1938226,JP,Japan,Asia,Nagano-shi
zhxuevTVV2US_OFHIpkuIQ,48.837647,2.379065,FR,France,Europe,Ivry-sur-Seine
KqtZ1vRu6cg2ATlWQx4ckQ,5.3352033,-3.9985266,CI,Côte d'Ivoire,Africa,Abidjan
i2UgFY38__9NlKNNQPnHSQ,47.228613,39.722823,RU,Russian Federation,Europe,Rostov-na-Donu
enw2llgwHSpd07oj01Aygw,43.423102777778,-79.724219444444,CA,Canada,North America,Oakville
TlbASCS5Mznr8zbhXqCiRQ,40.449297,-3.6959,ES,Spain,Europe,Chamberi
IMKwdhJTInLaops9nbtqwQ,12.12312064,-86.27393167,NI,Nicaragua,North America,Managua
NoMealujFvi0CXjuvC9oSA,40.02867626,115.8570959,CN,China,Asia,Yanchi
g2eKK5qAqkEJS0RKjT2Z2w,-36.849221,174.765346,NZ,New Zealand,Oceania,Auckland
v8q-GcodhEZfVEyQ-mkPuQ,41.896566,12.466379,VA,Holy See (Vatican City State),Europe,Vatican City
MWIGtAP1RsCUJZRbA7OP6A,-27.448686,152.965917,AU,Australia,Oceania,Toowong
eHyfm9icEckScZAy22uIUA,47.6148194,-122.1819353,US,United States,North America,Bellevue
1-yIMfCJ4nJs75LQVI-VSg,51.43374283,7.00604639,DE,Germany,Europe,Essen
7Oz1c-XtyAJA3_nwm2DBGQ,35.364835,139.10176,JP,Japan,Asia,Hadano
bX7F3S7XH8zG60yTgH-P-g,10.40508045,-66.9060958,VE,"Venezuela, Bolivarian Republic of",South America,Baruta
BG83jsMHwmUnIf7Igej4jg,22.372447581536,114.11161869764,HK,Hong Kong,Asia,Tsuen Wan
Rq-514JT0GKT7oe7J96Wjg,29.744293,-95.372472,US,United States,North America,Houston
xaxn5WIaOI1KYINaCW3LeQ,2.991349,101.437437,MY,Malaysia,Asia,Klang
4FfK1apb7rTn2j8X14T6qg,41.905913888889,-89.021261111111,US,United States,North America,Rochelle
sJwxwyOflZTeYA4tRc77AQ,33.996159,-118.464451,US,United States,North America,Marina del Rey
aQ03bIlp5tI8Jzw1W5ESig,44.895025,-93.420577777778,US,United States,North America,Minnetonka Mills
oGflxuBrUf-ujvVZvznpKw,45.49951152,-73.57595458,CA,Canada,North America,Montreal
oHt0GvpSfQkA9ORBnmNZsQ,35.624368,139.772417,JP,Japan,Asia,Tokyo
3c-42cb03bSKRZTk9xQehg,40.458625,-3.729485,ES,Spain,Europe,Tetuan de las Victorias
_VSGVcZC_8VKTIup54FIyg,12.95227872,77.59595688,IN,India,Asia,Bangalore
ECbzIgEyzp8hY6fbB4Tp_g,52.50956,13.371552,DE,Germany,Europe,Tiergarten Bezirk
39Dx1Wr20B89sMSKhU-Y9A,35.109285248056,138.48020539778,JP,Japan,Asia,Shizuoka-shi
nOzXAm2e83P_YiB754phvA,38.901291,-77.043265,US,United States,North America,"Washington, D.C."
vYjPl6IYH6l5PEHf7u91-A,-33.869913888889,151.19795555556,AU,Australia,Oceania,Sydney
8HoR2j-Bv29SnSbBKDek1Q,37.478985,139.911095,JP,Japan,Asia,Kitakata
_2kWJ3_e1NFKa_kfTHbTng,43.419025,-79.717986111111,CA,Canada,North America,Oakville
seKdlov6Aw5R7A1HqCaoLQ,37.787803,-122.42175,US,United States,North America,San Francisco
53MKAlSpzaumE4mpiVqT3g,43.64615095,-79.3951672,CA,Canada,North America,Toronto
UpJpu2rEPRzBha39h_z0ig,33.597698055556,-112.23768,US,United States,North America,Peoria
Obsxk1Oa6yCnuQxRr6y3KQ,-43.577277,172.629944,NZ,New Zealand,Oceania,Christchurch
8EFZpvfR_BnOdruxcImOJg,35.949769,139.423455,JP,Japan,Asia,Sakado
HZYhNsjHdz9nPBxC6vQK-Q,-41.442074637681,147.13331810595,AU,Australia,Oceania,Launceston
y9qIg7I_fDwJZjc66z88uw,5.3607449,-3.9595766,CI,Côte d'Ivoire,Africa,Abidjan
T4Wm_HpKjzvntGXwP7ZebQ,60.1598526,24.9098834,FI,Finland,Europe,Helsinki
M1l7xnHCHyU-V2BQ2ZIBeA,33.4546454,-112.0777208,US,United States,North America,Phoenix
nx1w4XSCrkMR4i7ElTTxjw,-33.426209976624,-70.573811531067,CL,Chile,South America,"Villa Presidente Frei, Nunoa, Santiago, Chile"
3K-7Sitqb6VWKCWgjTNMKg,53.34824028,-6.29482765,IE,Ireland,Europe,Rialto
3ivFRMbQkcFLUympJvwKNQ,55.74357915,37.61842321,RU,Russian Federation,Europe,Moscow
t6KNQGyDzRzXGVrO8gStQw,-33.40817515,-70.54802721,CL,Chile,South America,"Villa Presidente Frei, Nunoa, Santiago, Chile"
M0e5RDkJlPnFkrfOtu1xQw,44.920572222222,-93.144888888889,US,United States,North America,Mendota Heights
wcDP5FI4Lt_v2-mANjJRWA,-34.905453,-56.13472,UY,Uruguay,South America,Montevideo
4WWZFM_d4eEfqE-lChTSpw,36.244052886948,139.57870483387,JP,Japan,Asia,Tatebayashi
GZyqf0-AQG81VAVhGob7Aw,14.76426443,-17.43766549,SN,Senegal,Africa,Pikine
nUomR5HksfAiOJ4SonasPQ,50.851556,4.350763,BE,Belgium,Europe,Brussels
rFomH8G9JtK0bJBC4McYcA,35.049522952764,138.52152972043,JP,Japan,Asia,Shizuoka-shi
yvFVRa9G1omyywrdNyMRNQ,23.137498975049,-82.360843512301,CU,Cuba,North America,Centro Habana
wn6iS6GXyX4HBDnPfHuFvw,36.237727,140.347117,JP,Japan,Asia,Okunoya
iAx8_v_zd4TrnhBTeyOK1A,38.106747,13.33135,IT,Italy,Europe,Palermo
IJgAePfgfx2yvtmc2NojAw,34.0611678,-84.2435618,US,United States,North America,Alpharetta
teAn5pWQoipd4E-s5hvEKA,10.36068218,-66.88677066,VE,"Venezuela, Bolivarian Republic of",South America,San Antonio de Los Altos
ALLOJP8ilwkXUaPi7TsCkQ,1.301455,103.843196,SG,Singapore,Asia,Singapore
H4tHkRCsPrLzM_tfI8O90Q,42.097153333333,1.8537816666667,ES,Spain,Europe,Berga
y09mlK9lBitkx1DtK2-p4A,24.748499,-80.977858,US,United States,North America,Marathon
EhFIt4e3gfatVudp3m-r_Q,45.640632,11.783655,IT,Italy,Europe,Cittadella
uu_bMjxeUIPa0QPgriJbIg,27.9378369,-82.30048,US,United States,North America,Brandon
WmoybcMZH1pC45tJLFGO3Q,34.889033,138.037786,JP,Japan,Asia,Kanaya
VwGBiVnRjXdMrUSJlCHIRg,33.675921388889,-112.27620638889,US,United States,North America,Sun City West
q5PAVnTo4kUqglo7F85Dhw,51.513871,-0.174881,GB,United Kingdom,Europe,Bayswater
e4V2x_2cCo0gwqKJYjOvNQ,37.766589,140.989787,JP,Japan,Asia,Marumori
MmKS-G45SLGYIRew__T6HA,59.32981892,18.06899697,SE,Sweden,Europe,Stockholm
XSLo36QEEmTzuiYOO-IlBg,51.207019,4.420107,BE,Belgium,Europe,Antwerpen
ikYqDAYTbcPtHEonFQRFwA,35.024671,138.885089,JP,Japan,Asia,Numazu
p4-cctGpqZfUhbNBQT1HKA,-30.027491933637,-51.182342397686,BR,Brazil,South America,Porto Alegre
AhJd2Reb-HuIvsn6_AbLhw,35.937752,137.251489,JP,Japan,Asia,Takayama
nE_kshT3Wh8ip8pw_K9jwg,35.669952,139.479139,JP,Japan,Asia,Kokubunji
JdTsTesjwIZITiu8d7xH3g,52.258513,21.001022,PL,Poland,Europe,Zoliborz
K4u3z4dBtiFsPbM4thty1w,25.042771,55.11584,AE,United Arab Emirates,Asia,Dubai
o2gUzxisUzHMticRDyQP8Q,44.50186935,-79.48761554,CA,Canada,North America,Orillia
Ve96_-tpgoeL5ojlD_tfvw,-41.29361301,174.77323566,NZ,New Zealand,Oceania,Wellington
eDJTMYz9ipTXeYYf_JphEA,47.495795446448,19.065090967342,HU,Hungary,Europe,Budapest VII. keruelet
idNttZrgwC0iVt7QgnVGvw,52.10000999,5.12881871,NL,Netherlands,Europe,Utrecht
KckDl0uE-J-uyDc07axEAQ,22.279694,114.152297,HK,Hong Kong,Asia,Central
3WU5czgLnEc8KCda80WkfA,45.8130901,15.88690633,HR,Croatia,Europe,Stenjevec
baWrPvSayYVqii20wS3HGw,50.866821666667,4.68049,BE,Belgium,Europe,Leuven
xi9uVnE4yOqECSPxcbByWA,42.354205,-71.068415,US,United States,North America,Boston
befkboGO8JhWBYdHvYPT6w,37.768927,-122.398018,US,United States,North America,San Francisco
EUUwkGaLGMiKLfVMKTugiw,42.355874,-71.073966,US,United States,North America,Boston
0035fkbjWljhaftpVM37-g,43.097889,-77.630933,US,United States,North America,Rochester
NaD7JeEjZFSs6B5M-LMHfA,35.299557,137.620122,JP,Japan,Asia,Nakatsugawa
QLNOXfLxuoVz_OJ0R7-IBA,41.47509704,1.92466706,ES,Spain,Europe,Martorell
qNtAVBHxfcODnGjTQuFVSw,4.6961674466667,-74.0504258125,CO,Colombia,South America,Barrio San Luis
XWvdOPbcgxmrstCfWxU6vA,52.371108,4.914624,NL,Netherlands,Europe,Amsterdam
by_2N9JitcV4M6KdRbGDCw,39.70024328,116.4046537,CN,China,Asia,Yinghai
59VMA4Jxr_B7-T7NLotNmg,55.66142815,37.51541634,RU,Russian Federation,Europe,Troparevo
1fhI-qv6dVR-1Kc8Oafb3Q,43.649435,-79.365399,CA,Canada,North America,Toronto
O5rXdapoh6r7SVRqsjgnrA,42.040063,-88.098019,US,United States,North America,Schaumburg
FJEE6dXsBR_Sz8NYmEQ2Rg,43.659062,7.146628,FR,France,Europe,Cagnes-sur-Mer
3EXnXZkzOyDpQppjn6gTSw,26.231459,127.733549,JP,Japan,Asia,Ginowan
NgH1O6rzjH7TYO1-YLCirg,42.358976,-71.056186,US,United States,North America,Boston
4muaoPqXAwi8SOvwV-Jf6g,37.61051795,139.9412929,JP,Japan,Asia,Kitakata
jcyb7vnYbH0MJm7jnIiCiA,33.535181388889,-111.8831,US,United States,North America,Scottsdale
VkARBPAGw4DGFs-TBZ9l4Q,50.10115941,14.42748636,CZ,Czechia,Europe,Prague
D8ryUvX0CDBDI9shgzO45A,19.4079962,-99.0772099,MX,Mexico,North America,Iztacalco
MZncdbBpIGDigkiRSd6vsQ,35.3176554,139.268892,JP,Japan,Asia,Ninomiya
9CwLZ6NcYp8FIB3ylCTY1Q,41.891652,12.470083,VA,Holy See (Vatican City State),Europe,Vatican City
aUF7E9RErR3Ee-6viWZtAQ,-33.41739747,-70.58304895,CL,Chile,South America,"Villa Presidente Frei, Nunoa, Santiago, Chile"
7tpbb3x-sa296Vy41JCAZg,43.453605555556,-79.757169444444,CA,Canada,North America,Oakville
PSfGEqpDEjBiXwHCMHDsEg,47.564603,8.683113,CH,Switzerland,Europe,Henggart
PvPwEJNZPwpvJTv4jVYdFg,36.037543,140.163572,JP,Japan,Asia,Naka
TNbNNswrDNjuPBPblHrNPw,-34.9007455,-57.9551407,AR,Argentina,South America,La Plata
qrBnQANE6JF0w4ytKIsgMQ,12.59155,-7.8623066666667,ML,Mali,Africa,Bamako
VGtgdK9mFnWKVt-IHHe5zg,47.733075,-122.2076362,US,United States,North America,Inglewood-Finn Hill
TbMNajDT-9ee2crIAw2F0A,47.642851,-122.317192,US,United States,North America,Seattle
yaaBeCY5TC1t4PaLA_m6jQ,35.253461388889,139.58263805556,JP,Japan,Asia,Hayama
27NXx9t9BNfAS6z7umXxnA,39.770430615172,-86.158051583916,US,United States,North America,Indianapolis
86Jj6sEmJER52uIbC9H0UQ,33.97039547,-84.54191342,US,United States,North America,Marietta
PIBi0fPfWUDiYOSFKy8z5g,33.5423513,-112.0996626,US,United States,North America,Glendale
emcKvuQPh1EB2jJIZUJcYw,45.412516666667,9.2749166666666,IT,Italy,Europe,San Donato Milanese
YOUe4gAbgTadfv9jBXu4LQ,53.3825797,-6.2781291,IE,Ireland,Europe,Glasnevin
_noU3BLKKahwSQ2qVng-vQ,-34.8375767,138.56359322,AU,Australia,Oceania,Blair Athol
ZIJiCJvzQKBKlR6P2FNElQ,47.51395391766,19.10292243585,HU,Hungary,Europe,Budapest XIV. keruelet
bZ6VVBmVfmyzwswhTRg_nA,37.978454,140.136142,JP,Japan,Asia,Takahata
AYWRYnH4_RSTvQ9gL4_3gg,51.479644,-0.127714,GB,United Kingdom,Europe,City of Westminster
uRDTUwMFNrbSAF1KSwriEA,10.45033493,-66.92119673,VE,"Venezuela, Bolivarian Republic of",South America,Baruta
72oE2wkHtWpg4C4nygPLHw,34.19746,-117.676982,US,United States,North America,San Antonio Heights
Ps87lDwIxM6umWTh1IK0nA,33.5826719,-112.0002952,US,United States,North America,Paradise Valley
bw0t77J7yHv-ASkITLryFw,36.006508,140.325305,JP,Japan,Asia,Inashiki
BxB3RuaUCvV_IfoZgPVgJA,43.6533809,-79.40015675,CA,Canada,North America,Toronto
yKnWyIyyjkhKBbu-09bDlA,34.74747,138.20449,JP,Japan,Asia,Sagara
QogfObMSwn_-1FdjsECzgQ,59.927965,10.953521,NO,Norway,Europe,Kjenn
feTFRSLM8DH_Cq2pdPpRCw,53.348311143927,-6.2549637258053,IE,Ireland,Europe,Dublin
0mv_D8kuyuoaxHmOn_8PvA,48.1657942,5.2226651,FR,France,Europe,Bologne
yIlUp0hi9S88KrGdGtOulw,-27.46872031,153.01972698,AU,Australia,Oceania,Spring Hill
egR-9CDixJE_zgb7mMQ2VQ,-33.88544731,151.1924915,AU,Australia,Oceania,Chippendale
RbVJnJBIOxE8NR-_dovQLw,59.950791,10.735451,NO,Norway,Europe,Oslo
4J9Ol5sNV4pa0GtX0tluyQ,43.650661111111,-79.378591666667,CA,Canada,North America,Toronto
uOWm0Kn4Q2U68sTY0XYU_g,47.71338154,-122.3276779,US,United States,North America,Shoreline
VT1d62Q_MLlNsDWgBxvGNg,37.786294,-122.472188,US,United States,North America,San Francisco
f7-J3RlgPlU3SiCncVQdEQ,50.06416034,14.44015102,CZ,Czechia,Europe,Vysehrad
U-UV0jf9M8MeBP56datd7g,41.88862603,-87.79512061,US,United States,North America,Oak Park
jaCBd8Vx8sd10m9Fb344BA,23.14560733,-82.35777249,CU,Cuba,North America,Centro Habana
RMUTML30oa9pkEXMTnI1ow,47.610576,-122.316971,US,United States,North America,Seattle
8T2lK3a99qvVBGNpIRgR3g,50.85903752,4.346264,BE,Belgium,Europe,Brussels
MxsIsMN-bhlPsHABqdnsIg,51.664869444444,9.3737277777778,DE,Germany,Europe,Beverungen
udmoVxcglBDEYfKl_ynMuw,41.886756,12.504164,IT,Italy,Europe,Rome
8cnR1U4fvmBVUCbERo5bUA,52.097306,5.120513,NL,Netherlands,Europe,Utrecht
OC0P4LlFQsMfyNUO-Z_xoA,35.037260059444,138.49067074528,JP,Japan,Asia,Shizuoka-shi
3KqBQPLmZ7ay_iBxXLs6uA,35.921141666667,-83.869833333333,US,United States,North America,Knoxville
zqa8eULYrojrxAqJC_4WgA,50.857846994238,4.3505130742243,BE,Belgium,Europe,Brussels
G2nmISiihcyCUem7LL4R-w,18.8222233,99.1679766,TH,Thailand,Asia,San Kamphaeng
H92lLQ9Eqssa9K1lerz0hQ,39.375314,-76.546889,US,United States,North America,Parkville
JCH9sgwG2cL_WgVMtFyKhg,-34.590133,-58.403192,AR,Argentina,South America,Retiro
Ftl_CQ7t4Wkpi2HMTuyrKA,40.718261388889,-73.997008055556,US,United States,North America,New York City
JDkJMqhyR2Sr3OBLUbnCVA,50.90932578,4.42907505,BE,Belgium,Europe,Machelen
or1GLmSIK7k7VZRe1fkapQ,22.303085,114.16864,HK,Hong Kong,Asia,Kowloon
kmf6jw7NZzd7j9CILa_5Fw,34.98895,138.418655,JP,Japan,Asia,Shizuoka-shi
O-fFDHm-JYIpGFLAkrQQkw,59.300517,18.014441,SE,Sweden,Europe,Arsta
MA4ZnH58RN8a6kYqG2PRew,47.471311865374,19.02066193521,HU,Hungary,Europe,Budapest XI. keruelet
h_JKLPEYlHi0CCF7ovUZMg,-41.27888664,174.77611686,NZ,New Zealand,Oceania,Wellington
5xXH_FtKsUhNSeOgfjUUqg,43.552927777778,-79.582275,CA,Canada,North America,Mississauga
cL9njphsbRXW_nRp3DjQ8w,-34.91827338,138.56780264,AU,Australia,Oceania,Thebarton
Qj6Xs7MKPi_bjTstdrxDmw,35.099304,138.859149,JP,Japan,Asia,Numazu
rAgnZG1jcHLiSl6varfAmA,50.095148105607,14.409428517897,CZ,Czechia,Europe,Mala Strana
14NhJEAXlaFN3cYWMBPLEQ,47.764208,-122.323473,US,United States,North America,Shoreline
6ZdR6mgKXoTTXjW49zE86A,35.033620682222,138.42647239583,JP,Japan,Asia,Shizuoka-shi
54AVjmhus5QzJeZ5ZX8jRA,43.674076,-79.367552,CA,Canada,North America,Toronto
jkoHK5ViF6dCFjXsPfvBcQ,52.375280555556,4.8975666666666,NL,Netherlands,Europe,Amsterdam
RvITnZzvMWgea-RFFZqlgg,43.912763,12.913194,IT,Italy,Europe,Pesaro
jkA755KxknDwzZq1AkK00g,37.557817,140.011438,JP,Japan,Asia,Inawashiro
5a1XdkWR-voCLuI5OM2DkQ,47.104168,-119.447709,US,United States,North America,Cascade Valley
xuxeu_lHrmZvhItLKWny2A,-27.412926,152.973157,AU,Australia,Oceania,Everton Park
aN9zpqHrwNqpbtoO9ENuZA,24.69511671,120.91616232,TW,"Taiwan, Province of China",Asia,Hsinchu
JdunwmvZGlm-kz3CSLXaTQ,36.040295,140.203502,JP,Japan,Asia,Ami
sNXQGAa5yUq9Qn6jHPUYaA,51.4341051,7.0048793,DE,Germany,Europe,Essen
sGXE_tiBOjqtidWK_VgUOA,53.346813,-6.229215,IE,Ireland,Europe,Ringsend
IooYWb1AuDzwEqCnqOQY3g,47.4701,19.045215,HU,Hungary,Europe,Budapest XI. keruelet
xWOfp1dqHd1H1wpbaf5lGQ,41.39002722,2.18892522,ES,Spain,Europe,Ciutat Vella
T7A4R3EVBhoyPAMVSgWG8A,6.2390346,-75.5936745,CO,Colombia,South America,Medellin
7CULcCD0ciKKlS-0grDhHg,36.216395,140.316405,JP,Japan,Asia,Ishioka
fzQ0fvLxlzRJJcD5TiXoxQ,52.252745119686,4.6761946530743,NL,Netherlands,Europe,Leimuiden
MRqQBKoBa3UR4wJQfPxMNg,12.12437777,-86.2770429,NI,Nicaragua,North America,Managua
1tlYbQK6vNJlfIGbZu7ZLw,43.658991666667,-79.384672222222,CA,Canada,North America,Toronto
mYpkkvkEd2Eqf9LHglGmaA,52.40923,13.078373,DE,Germany,Europe,Potsdam
ki9wwYanHo_22C8hzWuD1Q,55.96352406,-2.9753966,GB,United Kingdom,Europe,Prestonpans
v1jsqItXQpu3UOyeeFqP7w,51.4801059,-0.1140032,GB,United Kingdom,Europe,Kennington
fgqwD5hJkbdYgEiuuigmVA,47.607439548981,-122.33190292132,US,United States,North America,Seattle
s2dsibTzVRRyht3uU65eUQ,50.868066666667,9.7440777777778,DE,Germany,Europe,Bad Hersfeld
BDkSp38X_wV8cq88Rz4IuA,-34.9066744,-57.9494113,AR,Argentina,South America,La Plata
UAsPIpLkvYYN97D7x0-HDA,43.10150741,-89.51779713,US,United States,North America,Middleton
xTy7q_hU6_14KyxbDrJj1w,37.49137609,139.9206125,JP,Japan,Asia,Kitakata
kgdDdKnOg-bJ4zU3e0GYHQ,47.498206039891,19.04079945758,HU,Hungary,Europe,Budapest
Vh708MiadtrzRZrmTVouBA,59.34646,18.031094,SE,Sweden,Europe,Solna
d2UUwdFu8-slOpYL-58gng,37.772679722222,-122.44168305556,US,United States,North America,San Francisco
P8jpjLIhOrSO0ojfyLS3kg,2.999026,101.43234,MY,Malaysia,Asia,Klang
VQbI0RwRiXbdKr0471nDbg,43.657303,7.160178,FR,France,Europe,Cagnes-sur-Mer
Iu5b_rfCLDcswfUaou1cLQ,56.228039,12.835706,SE,Sweden,Europe,AEngelholm
sVeLIhUPOezAnVTG45pDiw,6.2141448,-75.57738,CO,Colombia,South America,Itagui
6ySAnDuGCXFu-x5IMu_YvA,34.0387628,-117.9617418,US,United States,North America,West Puente Valley
3U6wenCWhkHzZjxMeFwaaw,-41.28421919,174.77907826,NZ,New Zealand,Oceania,Wellington
D6cXkCE002CQwE5x6sDt4w,47.555686,-122.3328764,US,United States,North America,White Center
Tc0jmyTDTwOlvdFiV6OLwA,40.720335,-73.996071388889,US,United States,North America,New York City
c79XOFxIu-1M9AjKcVv7KA,9.93783453,-84.07081824,CR,Costa Rica,North America,Calle Blancos
_8tpCNJnvhpua3X1n1E-dA,-20.359761274052,-40.331678258561,BR,Brazil,South America,Vitoria
to5QXMJW21j9tGpjNPITOw,57.65975708,15.87254637,SE,Sweden,Europe,Vimmerby
g7_WciAOGhNOy4WnMbp4rQ,36.156944274861,139.59413146966,JP,Japan,Asia,Kazo
51lsQzsi_NiI739C6u96QQ,40.840013,-111.914835,US,United States,North America,North Salt Lake
bgjrIxzXyz-7Hua3_Ayyow,34.284797222222,-118.776725,US,United States,North America,Simi Valley
ZtR3gFgylahCS0iaYyXMSg,59.933619444444,30.291033333333,RU,Russian Federation,Europe,Saint Petersburg
tymmQlAhNUKtmJwyGndhzg,33.851026,-117.924345,US,United States,North America,Anaheim
1gvZ18Z3ULICelbMJt7hXw,37.791075,-122.41573,US,United States,North America,San Francisco
zDq50ceMzWLiroFSQrSQ4Q,39.70834122,116.39511799,CN,China,Asia,Xingfeng
hxguhv5aUSJRtFHjlsKaVQ,-6.273582,106.699564,ID,Indonesia,Asia,South Tangerang
hTJQDf1sHA3aS08qxB5E3Q,25.1543639,55.2616874,AE,United Arab Emirates,Asia,Dubai
UgE3befFpEnz2had3Iv2SQ,4.544541,-75.669823,CO,Colombia,South America,Armenia
y-1weXIxk_Rdp9NdbKMsrQ,43.734058333333,-79.582533333333,CA,Canada,North America,Etobicoke
MZBZmavtwY45Sav9H0fH8A,52.3976273,13.07967,DE,Germany,Europe,Potsdam
zNjcz3yrWO71k0seT6zlIw,27.78076294,-82.71227381,US,United States,North America,Gulfport
7sfF1oLkgj7MX8mQclJncA,44.965788888889,-93.288213888889,US,United States,North America,Minneapolis
61fx41YIe9DNfASzq5A0aQ,51.460627,7.004425,DE,Germany,Europe,Essen
rBZNGhEvD3dxkdHOs-AN-g,47.47668009717,19.048895454034,HU,Hungary,Europe,Budapest XI. keruelet
7O9ZcNisFY29bSj8mKNk1A,40.4602322,-3.7053122,ES,Spain,Europe,Tetuan de las Victorias
pvdYG10ljyhQd1hkWNS_5A,33.97782605,-84.54850211,US,United States,North America,Marietta
EHPZov9qtaHhQJo6sDiHsA,46.94790583,7.42866883,CH,Switzerland,Europe,Bern
ygJrxprMc607g3oDxyHt_Q,41.37279377,2.15030787,ES,Spain,Europe,Sants-Montjuic
s5ym4ZvOHrSU9FSJxVuv5Q,37.5665019,126.9711337,KR,"Korea, Republic of",Asia,Seoul
dWDcQMFCAXHcy8yGl2qFLQ,18.7907272,98.9874309,TH,Thailand,Asia,Chiang Mai
uUTOHKz3hH-U8S6aHHorhg,51.502613,-0.089486,GB,United Kingdom,Europe,City of London
WCHc53-UVaFyXa0QIQd5gA,39.268773,-76.646854,US,United States,North America,Lansdowne
ns6_C0ERvKCxbCPARTNdVw,35.649223,139.681993,JP,Japan,Asia,Tokyo
ndKW9f1DHFgtSD_wKbN__g,40.4286768,-79.965023,US,United States,North America,Mount Oliver
3S08KTAe8c4mFPnLWNhCeg,1.300094,103.842624,SG,Singapore,Asia,Singapore
a1FtDJvJ25qT6BTtfraANw,-27.459732723637,153.01495542572,AU,Australia,Oceania,Spring Hill
nw1edyLQ6zuthI2WB5KD8Q,35.12029,138.867746,JP,Japan,Asia,Numazu
Tu0hush5f804ttGZvgr7rg,44.923875,-93.311338888889,US,United States,North America,Saint Louis Park
u13Ia3JxzxIFMD181r15Tw,40.4558942,-79.9927582,US,United States,North America,Pittsburgh
QaDqRouQXzAx2ZBOWnNI6A,43.413971,6.800435,FR,France,Europe,Saint-Raphael
hc5V8rDslLeER10JzbAhwQ,34.74798158513,138.07806582669,JP,Japan,Asia,Kakegawa
kN_V2OBrpcmY1qceE4tGYQ,39.82966242,116.33370003,CN,China,Asia,Huaxiang
wfD7PJRqBfh9Nc4yDp_GvQ,13.742866707329,100.61173725479,TH,Thailand,Asia,Watthana
f3XHclf38HqjdUrJAi-uwQ,43.07332,141.502033,JP,Japan,Asia,Ebetsu
iLYwJe-SPw6rn10qL2qarA,35.921258,137.203561,JP,Japan,Asia,Takayama
JByvwzq1yY_UwsYszWhuMg,34.786608,138.02271,JP,Japan,Asia,Kakegawa
Leqc21qrjEW-Snk6Tn9Q8g,50.845036,4.3463609,BE,Belgium,Europe,Brussels
qPYRJi0UOMKoLx_IckKkhw,35.256498055556,139.58141305556,JP,Japan,Asia,Hayama
Trel1nyBBoFgRmzeafLOgQ,51.16569286,4.44148431,BE,Belgium,Europe,Edegem
dcWyCQ1HKEFEfWwosxEiPw,11.93443964,-85.95748728,NI,Nicaragua,North America,Granada
JABZYbZsjphboTySgmQxOA,51.511119422503,-0.10456692427397,GB,United Kingdom,Europe,City of London
AyMB6Add5VPGOCf4NjcEgQ,22.250732,114.177295,HK,Hong Kong,Asia,Wan Chai
dqHXHLb_bgO77twBDGpCHQ,39.30649,-76.674243,US,United States,North America,Charlestown
GhXgxOqZrD1sqMrT1tvUvw,35.137695,138.881813,JP,Japan,Asia,Numazu
M5puFRY5ryuzkSoSrkV-CQ,52.097048106446,5.1341450214386,NL,Netherlands,Europe,Utrecht
jV7pIvHQS7ASGu28P35_wA,-25.566982,-49.170902,BR,Brazil,South America,Sao Jose dos Pinhais
J8l1C8ckZz_jjggmaTCKsw,-33.429928290731,-70.583507193981,CL,Chile,South America,"Villa Presidente Frei, Nunoa, Santiago, Chile"
u5D4hng-ExWlfo1D8B-V4Q,45.018366666667,-92.7768,US,United States,North America,Bayport
3Vf5KlaoepGJGCqxROycJw,29.746596,-95.449848,US,United States,North America,West University Place
AxGBoEJ77OUNNyKi29TdVA,-27.468227,153.015426,AU,Australia,Oceania,Spring Hill
ZnE03xpX1p_jA6-JCM-moQ,-15.807206,-47.966728,BR,Brazil,South America,Brasilia
zSQVnOiPWStUZ9b8WAyqGw,-33.823056,151.17204,AU,Australia,Oceania,Lane Cove
IIXawZ41RN-85dHd8r2IHw,42.098605955248,1.854126547984,ES,Spain,Europe,Berga
pTQz0PJTi_m0SQiK9eWKvA,-23.6534,-46.689356,BR,Brazil,South America,Diadema
vz8apb6ch5-mplWbgLxqBw,42.361276,-71.0647,US,United States,North America,Boston
77Xrqg6nArD0dJVCaFYqzQ,37.466921,140.962556,JP,Japan,Asia,Namie
SZinwbTxXam2IG2TihtQfA,42.3688094,-71.023838,US,United States,North America,Chelsea
6d6LN47k8MCzkgcvFsNwXw,43.656869750976,7.1805959398079,FR,France,Europe,Saint-Laurent-du-Var
bFqCJNjRzGrK_M_FfV-PDg,33.5410535,-112.0408877,US,United States,North America,Phoenix
x7zP3tETzGUbJO9CSoqrXg,55.864673,-4.263276,GB,United Kingdom,Europe,Glasgow
4ZOXwUeCDKobJ5lxRImYHw,42.876576,140.750482,JP,Japan,Asia,Niseko Town
K1Rh8G-OZEE_aWKjFvCdxg,35.204934,139.056821,JP,Japan,Asia,Hakone
FBwTL6bNlP1zyvM9TPxeTQ,-27.47041694,153.01338011,AU,Australia,Oceania,Milton
NpQVC24mk-lSGgmtBoLRQg,35.3060661,139.2275033,JP,Japan,Asia,Ninomiya
P382jqKXgmGSp5UHOn3-Lg,30.394011,-97.736224,US,United States,North America,Jollyville
CD0_qgf6-hp3lOoDjI0dvg,50.09982,14.404722,CZ,Czechia,Europe,Mala Strana
n1Tg1I2wR-I7HRBeZpFbDg,50.86493928,4.34171719,BE,Belgium,Europe,Brussels
ukuO_Q3T1yS3sFZ9h2pJEQ,38.896951815,-77.031135186389,US,United States,North America,"Washington, D.C."
Q_JZjnZbSiz2IqtQ0tqrzg,39.76274138,116.50709092,CN,China,Asia,Jiugong
xl_K7tyno-wAD4o1-T4_jg,32.708961,-117.147482,US,United States,North America,San Diego
4k3cqXZNBWMee-B4uC06gg,48.851703,2.370003,FR,France,Europe,Paris
61WCwTMG0FQctE0bi--lxA,47.510286583565,19.083345830441,HU,Hungary,Europe,Budapest VII. keruelet
gKixCQtUkC4aNByMjwbpsQ,-33.89291,151.205151,AU,Australia,Oceania,Redfern
4VMNEgNxRwJWeApm8_Mfxg,19.485068,-99.134835,MX,Mexico,North America,Colonia Lindavista
QE3bFzfoVP5wdlKxbRvwmA,43.718669,7.33691,FR,France,Europe,Beaulieu-sur-Mer
KefA0Dma0RiEUL_OYj5m2g,39.79252948,116.2615466,CN,China,Asia,Fengtai
bXTIxjLErQIxcjSdFRLJSA,49.0448415,9.0366006,DE,Germany,Europe,Cleebronn
gEcTLGuUlbcCLMnwVk9Qug,50.894512574516,4.4359030298535,BE,Belgium,Europe,Diegem
GhkPZ0-U-OlJBFIyXKWJFQ,35.132366,138.874151,JP,Japan,Asia,Numazu
Pg5OV2cha5XCHD6YOK8WVA,-27.44582,152.988972,AU,Australia,Oceania,Milton
4ixrddIa4DC6l_CanLdx0g,45.394330555556,-75.726508333333,CA,Canada,North America,Ottawa
oC6FDAfzkpzaPu2Kb8Ud1A,36.157603,140.226265,JP,Japan,Asia,Ishioka
3urMhkj0YQ-W8O9JUOa3eA,44.512596272881,142.33159969824,JP,Japan,Asia,Nayoro
lZeXi8cJybWX80OCiLLFKg,42.9568781,142.3326627,JP,Japan,Asia,Shimo-furano
aThxGc3MnjgItiBEn4eI4A,40.720698055556,-73.9783,US,United States,North America,New York City
fNLJ710X74vbTJK13BBshg,19.467788,-99.08033,MX,Mexico,North America,Venustiano Carranza
iIUV9IwoawQpyDzm3WBx0A,33.43523503,-111.92619572,US,United States,North America,Tempe
A30QVEgKuMFMczWmV6LGug,33.6695292,-84.498061,US,United States,North America,College Park
lscQ8to9r6MbFKXJ8p6AQg,33.895878,-117.929028,US,United States,North America,Fullerton
RKQ-DjL9gHWKhIWWvby4qw,42.355564,-71.072058,US,United States,North America,Boston
b91fZvSFEVfHTOFou8pHFQ,29.18602653,-82.14039172,US,United States,North America,Ocala
mu1KI9L36Gip0Uw97fQjtQ,35.2193254,139.1423364,JP,Japan,Asia,Odawara
XOQfgPGZLM8YB1fdNfyJJg,11.928829595248,-85.959365729615,NI,Nicaragua,North America,Granada
84n6NB9nWjbsM-7luJVCyg,39.353721,-76.528242,US,United States,North America,Overlea
2K8S0ZRvSHjfm1PwtXl01Q,42.383613,-71.071441,US,United States,North America,Boston
EcngvT0KSg3JIof8PSU63A,40.795493843056,-77.854975322222,US,United States,North America,State College
rZvUMkxt62BPH8Egs1s0wA,47.576103,38.864044,RU,Russian Federation,Europe,Matveyev Kurgan
mDO_3Xlc2q0OB1nNGXy_Gw,-22.9110868,-43.1931092,BR,Brazil,South America,Rio de Janeiro
Is7yzw3LxE1Bn8QSbfF68A,10.2414396,-66.85556874,VE,"Venezuela, Bolivarian Republic of",South America,Charallave
As4QBj647llIKoPrZfF2_A,45.100453,141.621568,JP,Japan,Asia,Wakkanai
5Xrs4brg56qHfcThaLH2Vw,59.36906168,18.00084413,SE,Sweden,Europe,Solna
Gb7S9mWp5-x1s2DcfbIdYw,34.9474819,135.7005191,JP,Japan,Asia,Muko
62a3imvjFV6OFgwa21B92w,-22.911835760017,-43.187985839005,BR,Brazil,South America,Rio de Janeiro
d91XRPxCxfwedL9MXFsXaQ,37.777865,-122.391878,US,United States,North America,San Francisco
Eh4fWhKFv7NosQPVHJhHCA,45.013388888889,-93.247388888889,US,United States,North America,Saint Anthony
FAfoQhB5gcS8y9mPVfTRhQ,1.300622,103.855921,SG,Singapore,Asia,Singapore
WsQqt_jGmk2-ITn_giSLKg,52.159576728009,0.10330813005567,GB,United Kingdom,Europe,Grantchester
eV0z2iKroRR7Bav6O7DKuw,42.38226,-83.172589,US,United States,North America,Dearborn
ojOZjH7UeEoC4LUEte0M6A,35.360617,137.672622,JP,Japan,Asia,Nakatsugawa
vnPMRCjD42YM00sOkgEiWA,39.318633,-76.629417,US,United States,North America,Baltimore
wc8MMv3wGMts5h6f6bCWuA,53.352311209986,-6.261263399971,IE,Ireland,Europe,Drumcondra
1lay7mtYyoeIDF_hdCblVQ,29.7173054,-98.1608545,US,United States,North America,New Braunfels
sAEq91Bw3B5TxM-M8s6Tyg,38.03650462,23.77313364,GR,Greece,Europe,Filothei
eEVqzbgDv6Zh8ivkmi5cOw,22.303067,114.168479,HK,Hong Kong,Asia,Kowloon
zc2etJcVHVUJW66icNaByA,40.7204653,-73.9439428,US,United States,North America,Long Island City
0NmuF3AUZtNzq-pR5WoMjw,33.86489436,-84.47690452,US,United States,North America,Vinings
Jd0Ub5RIQxdyA0SJExfKuQ,33.5527957,-112.063959,US,United States,North America,Phoenix
3HipILLiorEPR4nUmO6kqA,52.368569,4.903935,NL,Netherlands,Europe,Amsterdam
2Ta0ee4vnYRJPoH3Uw5vFQ,34.9465784,135.7145186,JP,Japan,Asia,Muko
CCDHXNGN2T7LwMys9sp11Q,39.344615,-76.630725,US,United States,North America,Baltimore
o7OsPMvUcVmle3TorytNZg,34.03407,-84.5496047,US,United States,North America,Kennesaw
g_Xv1NwQ6EhaIo6f23u7IA,35.145223,138.910039,JP,Japan,Asia,Mishima
oyiZqY_VP2BxKtt-uywgmQ,35.154756,138.538458,JP,Japan,Asia,Fujinomiya
0KohgmStOYkLZM6v-Frfew,54.735422222222,25.259305555556,LT,Lithuania,Europe,Fabijoniskes
Ji2tkBt3uhPh3-0wt-XoLA,45.55823495,18.67590377,HR,Croatia,Europe,Osijek
enGK25CtXb-vUMAIoUAbUA,29.54075029,-98.55252124,US,United States,North America,Castle Hills
jWezmPj6sb_ueqnesTjgHA,38.98730151,-77.03624849,US,United States,North America,Silver Spring
Uxcz7oANf48WZZncsk3iDQ,51.338933333333,12.332761111111,DE,Germany,Europe,Leipzig
MiTs--LnmaxWW1Ti20Piuw,-27.488129,152.993336,AU,Australia,Oceania,Toowong
1WFwBQG8-tm3vWPhLndlxw,51.490801,-0.20764,GB,United Kingdom,Europe,Kensington
qv7KFIkII6PMjAfwBnQH9Q,51.331013888889,12.374972222222,DE,Germany,Europe,Leipzig
OQTtUVou06vzPhYke5twtw,39.692156,-75.529633,US,United States,North America,Pennsville
pXeIRIXVqDcO-cUy0azCAQ,51.45637831,7.01918757,DE,Germany,Europe,Essen
hEYMG5rjeU_cVBWtr7UjPA,36.045523,140.200027,JP,Japan,Asia,Ami
FNJ5WAw4wC1SX9Gfky5U7g,48.836081666667,2.257695,FR,France,Europe,Boulogne-Billancourt
LEssUkL8LZzcg8LPkx55AQ,35.000212,138.432851,JP,Japan,Asia,Shizuoka-shi
ZCv4AEb7KEqZ18BVcGeYRQ,35.46956,139.693673,JP,Japan,Asia,Yokohama
5wAypJZTUNmnwsLnzZLVLA,34.083429,-118.383682,US,United States,North America,Beverly Hills
HawInaDvWuSCMpbdetfxcA,41.85912698,-88.04052109,US,United States,North America,Glen Ellyn
YAJW0pMMtF1nOimQtBLvrw,59.80846025,10.28679867,NO,Norway,Europe,Tranby
FTWAYyVB-APNuv9diquv7A,43.25506249,143.45304104,JP,Japan,Asia,Otofuke
QSxHBCQQ06L80M0sREwU-A,35.2734144,139.2017222,JP,Japan,Asia,Odawara
k5cKiJ0H9z4ltK2Idn7g0Q,29.65964,-98.450322,US,United States,North America,Timberwood Park
54Y1KPMEBFrypvsOTr2Uag,2.970339,101.66607,MY,Malaysia,Asia,Putrajaya
DzwnOHOhrdcFPyG2xsW3PA,-15.829464,-48.010814,BR,Brazil,South America,Brasilia
Af4bsW8J7WzntmCCb5s1Vg,-33.90642926,151.19792697,AU,Australia,Oceania,Alexandria
6b-zt1gg3ipO-m0e8lJlYQ,19.421886,-99.196159,MX,Mexico,North America,Polanco
XEd39wbxKz2UbtHTGD5oHg,4.537735,-75.670018,CO,Colombia,South America,Armenia
XWQvodMwpUc4ao_9Ndm32g,33.5629588,-111.8865909,US,United States,North America,Scottsdale
pZiVJhOsmPHf9nrQVbnHJg,59.954118,11.04369,NO,Norway,Europe,Lillestrom
Z9qgfgROqHNG54KIivyofg,29.482203,-98.479172,US,United States,North America,Olmos Park
WzxmKpaMuZYLPoiM78zThQ,64.11130475,-21.93003459,IS,Iceland,Europe,Kopavogur
h14ya6u5ndYBslJMLdE9Eg,48.213519444444,16.171436111111,AT,Austria,Europe,Purkersdorf
OakmjlpdFIpmr-7ausDTqg,59.95045592,10.78975086,NO,Norway,Europe,Oslo
UkA5ULli3KAWWiZvzWYq0A,39.300016,-76.618552,US,United States,North America,Baltimore
Hg1wNDBp94XnQJ0SyPsVLQ,33.5310339,-112.0587537,US,United States,North America,Phoenix
jXBTNmNRq6ym8mGKOZATSw,40.7361408,-73.8563554,US,United States,North America,Borough of Queens
bwnYpZdUBv4YTlCBmq4aQQ,22.302152,114.180078,HK,Hong Kong,Asia,Kowloon
T8pOTPpaN6ky92BQsiFuxg,46.948994,7.432321,CH,Switzerland,Europe,Bern
vxAw_kepYfuY4Pcp7zmVlQ,50.064693500769,14.390977246958,CZ,Czechia,Europe,Vysehrad
wdsRiFokRy_S_AXDwl9Z5Q,51.517180555556,-0.087402777777778,GB,United Kingdom,Europe,City of London
3ILU0AG4xNhLzRcqPaka7A,33.422808055556,-112.20445472222,US,United States,North America,Tolleson
ZVx9PFuU4yAZGUSriLz8bQ,35.657263,139.784877,JP,Japan,Asia,Tokyo
A0krorFhRa3r4WFeBVV7aQ,56.477392426482,-2.8884443760004,GB,United Kingdom,Europe,Tayport
4TeI3hsrGEqfrhhVDgvBCw,36.830484,139.715655,JP,Japan,Asia,Imaichi
SQjT8n9lGil6uGh5e14afg,4.6469445995118,-74.099233598885,CO,Colombia,South America,Bogota
YRpJ8kCYUTNkOyhxEsYdng,38.93630037,-76.97982601,US,United States,North America,Mount Rainier
3IgDxpZltEd-WKPPZgmspA,-33.852286111111,151.15686944444,AU,Australia,Oceania,Drummoyne
1QE42YpA12FL6uWezE-d1w,41.900933,12.464606,VA,Holy See (Vatican City State),Europe,Vatican City
J652vkrH08Eu99MBw__0sQ,-33.703564,150.838107,AU,Australia,Oceania,Hassall Grove
rfvQyaWHPCPYpHJiDFWspw,42.371066,-83.070852,US,United States,North America,Hamtramck
9oPeE_42WAS0HUSqsiaj3A,47.9245263,-122.0977697,US,United States,North America,Snohomish
Sk5lcmuKf5-NO0LRlg-03A,42.393359,-71.094908,US,United States,North America,Somerville
k9zGhra-yh0NNqSXkcurpQ,53.358410247602,-6.254627276212,IE,Ireland,Europe,Drumcondra
vV867h5ECeIETaRoec3_0w,-37.831063888889,145.02477777778,AU,Australia,Oceania,Toorak
AznQb7jX_7bCZY9iZqUW5Q,50.79639235,4.3280033,BE,Belgium,Europe,Drogenbos
N3HOodd-4_us3fDBS6zLog,46.952386,7.425884,CH,Switzerland,Europe,Bern
0xtR9XkHx-pfm_JEzhq2Ug,43.056798,141.3641,JP,Japan,Asia,Sapporo
KC-VNg90JpdXTy0GoBkSQw,50.894286139425,4.4703874609709,BE,Belgium,Europe,Zaventem
Kh-4ipdR0caZvdk-Dy02uA,50.89472445,4.48424964,BE,Belgium,Europe,Zaventem
ibNH750z7z0djIggBKmbBA,3.445837,-76.540238,CO,Colombia,South America,Cali
Dm37JAKfcXuL1TW4IbDzEw,42.075982,-87.705224,US,United States,North America,Kenilworth
5-vEx3LLdH4QVE0E8ZMe0w,48.859649,2.389195,FR,France,Europe,Bagnolet
nSQC8g1JY5Zp1eJOGg2OuQ,37.602776388889,-122.41830138889,US,United States,North America,San Bruno
mZ2_HE1DfFQHMvZ8R7NZPg,50.88532727,4.31709686,BE,Belgium,Europe,Wemmel
P2jR84YyXLNIy3FWhWTFXg,47.479505505915,19.0898055914,HU,Hungary,Europe,Budapest VIII. keruelet
pctWbF0izupP7MyJQocGrQ,48.19931127,16.3757,AT,Austria,Europe,Vienna
rg1ZiRM164Skh7pDCietMg,37.723109722222,-122.45276138889,US,United States,North America,Daly City
Jpbi1CIvD6VMwEWMX78N8Q,52.167481550082,21.014352512153,PL,Poland,Europe,Mokotow
n8M9uaq0DrnexqcJWVYsyw,-23.0930274,-47.204362,BR,Brazil,South America,Indaiatuba
BW0WbX2WNs7_RFrV1l1mkQ,36.515019,139.772603,JP,Japan,Asia,Kanuma
14hZnBAYdwjP78yJQ0trTw,1.29245448,103.8497271,SG,Singapore,Asia,Singapore
xeQ8_THvdkbA2ruv5Gz-Vw,41.897766,12.486826,IT,Italy,Europe,Rome
LaUjZk6QWAzPlSK19GgIng,51.45522578,7.02232591,DE,Germany,Europe,Essen
T18E4AsRszWFlwnEEZVUQw,52.08949,5.104518,NL,Netherlands,Europe,Utrecht
CuYeblDEfx_gOfds8-WBwA,35.65963,139.800688,JP,Japan,Asia,Urayasu
_vZIUeUi5n9f2vIQNirK9A,35.308292,139.2373408,JP,Japan,Asia,Ninomiya
mZ2FUlVnk3iba6pxcCg71w,-6.7692361111111,39.275077777778,TZ,"Tanzania, United Republic of",Africa,Magomeni
dN1Vo9S6pe-UtF1T0A4O7Q,48.211741666667,16.371016666667,AT,Austria,Europe,Vienna
TSbitrAO05tCdQNcJIxDkA,47.503389869817,19.085126817226,HU,Hungary,Europe,Budapest VII. keruelet
o4MeBf8FplV7g5yfA3rZRw,1.308199,103.818641,SG,Singapore,Asia,Singapore
kQaCAXe4kkqLBSCNoRi3qg,41.885724,12.503051,IT,Italy,Europe,Rome
tetlpZjaUiHdtLa_7XekVQ,13.749805893611,100.54858373472,TH,Thailand,Asia,Ratchathewi
dLDQVvjx-pum56rk5ikbmQ,56.366380555556,-3.1841777777778,GB,United Kingdom,Europe,Errol
FCKfIvIsPt9jyFSAHZo48Q,40.408769722222,-74.200028055556,US,United States,North America,Strathmore
5Jt96ZtJ_tpsurXVbWqs_Q,48.17905691,16.427016,AT,Austria,Europe,Schwechat
L7bHKCkhhBxIBXCKwI8HnA,36.7102341,138.0903111,JP,Japan,Asia,Nagano-shi
oCVWZGrZd7ShDgrodGKWnQ,51.52234019,-0.08999788,GB,United Kingdom,Europe,Barbican
Wfps7WCiId0b_YGBoIHYYg,35.339536,139.185491,JP,Japan,Asia,Hadano
L07xzWmEaGp1rkV7GpbYXg,-34.8956568,-56.16613667,UY,Uruguay,South America,Montevideo
AXFPQeF7mmqbux7S95Kw0Q,42.964617,141.260923,JP,Japan,Asia,Sapporo
DRR8TC1BpXYYAotd1nggqg,50.075741,14.429034,CZ,Czechia,Europe,Stare Mesto
xKWCf-kSmpUMRDxRuSgCug,30.61804316,-86.96340337,US,United States,North America,East Milton
l2pKdEV7aP3tIjSoae4c4w,36.6887945,138.1097095,JP,Japan,Asia,Nagano-shi
XN8p4gQ-bsoQhbH6MziLnA,37.787599,-122.473621,US,United States,North America,San Francisco
rYM1PRQrIF9lYGpIuG2LfQ,63.40844947,10.39827484,NO,Norway,Europe,Trondheim
GgS-tP5Lsmz78Vi0CW-TRA,-36.99818182,174.85533156,NZ,New Zealand,Oceania,Wiri
OuR9C2xFGxIspt01oXCbyA,37.51701193,140.12765983,JP,Japan,Asia,Inawashiro
rEbInyGyjmaplAStaLyabA,37.465724,139.844767,JP,Japan,Asia,Kitakata
__d47X7jIPcnuZkob5C_DA,40.72223614,-73.99733431,US,United States,North America,New York City
BL-wqKyjp-S5oL9rlMCVCg,43.21035,140.912614,JP,Japan,Asia,Otaru
TMH5of0FEVYAYPv1dVOfnA,52.14116,6.321682,NL,Netherlands,Europe,Almen
tNPJuZc3X671SdjwMx2HYQ,47.7912956,-122.1918879,US,United States,North America,Bothell
jqh8xIPwEZiRmWEwY9ZVaA,47.413798,8.545628,CH,Switzerland,Europe,Zuerich (Kreis 11) / Oerlikon
M2SoG6htqHBfmjXlN-OQPg,48.87622831758,2.3340207338333,FR,France,Europe,Saint-Ouen
wRWPuTrp-_Ve55VYvuRSew,51.512927777778,-0.07655,GB,United Kingdom,Europe,City of London
GuKGdqCf5q7mfsm9f49UQQ,33.82370877,-84.41086784,US,United States,North America,Vinings
dFxf372Yrgpf4qHNh9fusg,40.351716,-3.81769,ES,Spain,Europe,Alcorcon
6xQgIyV90Cj_K_aX8yE01w,43.607381,1.451412,FR,France,Europe,Toulouse
P-EaF3w5_fZyPqS_hjl-tw,-33.446944722222,-70.647856388889,CL,Chile,South America,Santiago
hGyA5uvIsRqmFbnGX_PNyQ,52.30961,4.757774,NL,Netherlands,Europe,Aalsmeer
jRnW7wqlyn4dRCRupTLkJA,35.730791666667,-83.519933333333,US,United States,North America,Gatlinburg
1obz149JqftmCTeTTRfBcA,47.391261111111,8.5159055555556,CH,Switzerland,Europe,Zuerich (Kreis 5) / Escher-Wyss
Meb9T49IiP38RBiTABqdBg,18.9315166,98.9191133,TH,Thailand,Asia,San Sai
-5Bq-gd3iHCFkWdCjjfWlA,25.02866588,121.49196743,TW,"Taiwan, Province of China",Asia,Banqiao
N0-saWLhePhKPtmNUl6ELQ,41.8971269,12.4993836,IT,Italy,Europe,Rome
mnY8EU4m3-b5GVsYstrnMQ,51.501912,-0.160685,GB,United Kingdom,Europe,Chelsea
k-uGSwLlS84L3v12Dzu60Q,35.242636,136.601537,JP,Japan,Asia,Ogaki
Tu8S9nzJ6yzA8GT36XCtKg,13.743986505833,100.54510407139,TH,Thailand,Asia,Ratchathewi
-F-jXLRFKunhfJg4s-62jA,52.385024,4.708173,NL,Netherlands,Europe,Haarlem
CVGlynXDZY8Y2_vPgKXC2w,13.764105588056,100.56844105,TH,Thailand,Asia,Huai Khwang
TqmbjStir9ovAJvJ_dp8xQ,-36.854032,174.762361,NZ,New Zealand,Oceania,Auckland
IgTTIh2WSrW6tcf1zfRfNQ,-13.5388712,-71.94574321,PE,Peru,South America,Cusco
9Si7XXV0YEG1N8efX2yAxg,10.4736769,-66.96226061,VE,"Venezuela, Bolivarian Republic of",South America,Caricuao
cpXYvBQXMeeDlJ04q3URQA,39.265513,-76.595204,US,United States,North America,Baltimore
50sRa7oqsEktFfkYlgKqlg,45.5297451,11.4935085,IT,Italy,Europe,Creazzo
dTF1yjGGZvYAuSOJAlbH6A,-41.444119769615,147.1330501974,AU,Australia,Oceania,Launceston
7tbb7QyCt0rTTfAfqOinCA,43.005758,142.405954,JP,Japan,Asia,Shimo-furano
KkdLsq79mswMi11XPWTi8g,47.509603626095,19.023644300178,HU,Hungary,Europe,Budapest II. keruelet
Ug4JjMflFf6PVC2EG6YQfw,52.254147,20.974298,PL,Poland,Europe,Zoliborz
VvC5gNxjreXI7t1Jm5_-nA,33.47354837,-112.10916938,US,United States,North America,Phoenix
PHjntQulc2zLYYlLlVX69g,-37.851163167,145.1260125,AU,Australia,Oceania,Burwood
b2hn2yKw_qBToedn43TkEA,34.837869,138.073141,JP,Japan,Asia,Kanaya
tAJ1-rhiqfRFvKJGGc-Q3w,55.859303,-4.262397,GB,United Kingdom,Europe,Glasgow
iU9Fvr7Cn05Db0hbktR02g,60.16017873,24.91977036,FI,Finland,Europe,Helsinki
URWmHvHFoNLNfoqkQADh_A,43.023778,141.486811,JP,Japan,Asia,Kitahiroshima
p4w7fpQh51INvBc-rQb0-Q,38.12607353,13.35266764,IT,Italy,Europe,Palermo
arTk44wORJ4hxJu5ZlpyXw,-0.22120333333333,-78.443671666667,EC,Ecuador,South America,Quito
ccd2BvGcueKPnwkA2FYxew,32.237638055556,-110.95799,US,United States,North America,Tucson
59KakKxK3LOrgQiNar_rZw,39.377718,-76.574605,US,United States,North America,Parkville
soY_HUrJ5HmMbLp8KzwKpQ,29.54624536,-98.38209869,US,United States,North America,Windcrest
R6aMWhK7t9tGDOMvsEGeoQ,35.45755,-120.64460555556,US,United States,North America,Atascadero
f10Cxs16fKa8vEFEjaUA4g,34.012516,-6.852099,MA,Morocco,Africa,Rabat
EEUtaYHSvg0ELD8ZUeG53g,40.412718,-3.705505,ES,Spain,Europe,Madrid
qLz12BOlk54mJGIfIha3RA,34.751941,137.959874,JP,Japan,Asia,Fukuroi
vm4qvTdeHIPNRJlNZRw_bg,35.6184767,138.6296171,JP,Japan,Asia,Isawa
aBBRVvHi6guktBxwyNIvuA,35.453008,139.673005,JP,Japan,Asia,Yokohama
8nLx_NptzyhIZHku_NSGpg,36.068853,140.219491,JP,Japan,Asia,Ami
0wr7Fc2EC2R4ZDPucrlPgA,42.348264,-71.071128,US,United States,North America,Boston
6UaGqFikn00j8xkfYf-goQ,33.945517,-118.326024,US,United States,North America,Westmont
yRprH9-nAGDmwznToJsAEg,51.458735,7.052866,DE,Germany,Europe,Essen
7QphQcZZG7SoDIue8FoxWQ,34.673805855729,138.00477064918,JP,Japan,Asia,Kakegawa
QTe3Q9_O3A140sfC7zXjcw,40.7729038,-73.8312243,US,United States,North America,The Bronx
LjThWQRjn8AB8idXHjndQQ,-0.22198333333333,-78.505185,EC,Ecuador,South America,Quito
t6L5NRHnvBEhCnYVwBIy7g,48.836265,2.237478,FR,France,Europe,Boulogne-Billancourt
kipioN7fToHYviw46cPbbA,34.9369226,135.7049255,JP,Japan,Asia,Muko
S0hQUjJlDSPdAXSDyenAzw,3.414474,-76.533084,CO,Colombia,South America,Cali
rdbXlMHr1grKfl_fjGEBGA,34.9314253,135.7113798,JP,Japan,Asia,Muko
f_n-4RRe9Q1wTpE97jRikA,37.361373055556,-121.90920305556,US,United States,North America,San Jose
0CmiO_YcF_538D8HPlcnrg,48.25389,16.377178,AT,Austria,Europe,Vienna
PpajNH11oJRqP9arMVGuWw,34.9595575,135.6851739,JP,Japan,Asia,Muko
Uq1Xhj5alnu1rOMsdEKA6w,30.393834,-97.67127,US,United States,North America,Wells Branch
EWN0SpL77XY03BdvK6pJjA,43.1133812,143.6271933,JP,Japan,Asia,Otofuke
hHdDMHkRR2o5-i6zquIyvw,47.3756429,8.548753,CH,Switzerland,Europe,Zuerich (Kreis 1) / Rathaus
pibgOPOXCG9NGWrz_DmpQw,33.567578055556,-112.16324805556,US,United States,North America,Glendale
_gcgraos355QHyu7iFMK1w,-12.13122,-77.029869,PE,Peru,South America,San Isidro
VHSXwPvCvXtOIPyTohICLw,50.90917244,4.43266093,BE,Belgium,Europe,Machelen
Z56INLU2Q7MDssCF3tDBNw,40.463428,-3.689546,ES,Spain,Europe,Chamartin
OlvrV7vL4nEgiMGq5r3nTw,34.036462,-117.979109,US,United States,North America,Avocado Heights
GHCvyiRCWSKewA99--Eypw,37.36075253,-5.98633688,ES,Spain,Europe,Sevilla
bcRR4U5Kioh0Nh3Bj3ITTg,-27.498859,153.03974,AU,Australia,Oceania,Woolloongabba
ng4mOZpAxRJ_kTvf__4KMg,33.44651611,-112.06747863,US,United States,North America,Phoenix
vqh0f8wzBDLC9fNIxZCjGg,33.87468523,-118.15119712,US,United States,North America,Paramount
CIzRVusRT4hcOqSI5HEabw,5.3397066,-3.9898749,CI,Côte d'Ivoire,Africa,Abidjan
QJ7gKZjZ52pcx_zmdCWkKA,51.5013,-0.12896111111111,GB,United Kingdom,Europe,London
PzkSuTz6xXuESU0kOyy_HQ,50.84885589,4.35898917,BE,Belgium,Europe,Brussels
yk80ElURCFMv_LBguBEsIw,38.904253055556,-77.025833055556,US,United States,North America,"Washington, D.C."
ymuDG2y-chtHJSJad5ph9w,47.590719738167,-122.33414320719,US,United States,North America,Seattle
8Jr2z7nqCXTmfyN-R8YA5Q,40.761918,-111.888097,US,United States,North America,Salt Lake City
rigS4DwSqhKurwgtA5Px8g,34.653801004333,138.06597303218,JP,Japan,Asia,Kakegawa
76Qbjc33UET8TQ1S1Iikpw,-37.819037,144.945696,AU,Australia,Oceania,Docklands
12ng94D1YjCpaJUIGbNrsw,-27.47459732,153.00847701,AU,Australia,Oceania,Milton
Kf2EnMDYyjtcGVakcOdZ6Q,50.899127777778,6.0521305555556,NL,Netherlands,Europe,Kerkrade
xZBqpAcy1tc3CZrWbY3GaQ,40.445924,-3.691171,ES,Spain,Europe,Chamberi
QtkhWX9ja1AYm_3Bzq0jtg,51.4411925,7.04260325,DE,Germany,Europe,Essen
q9YeW3HBXw_SZgk5mst5qQ,50.063056715594,14.442733306457,CZ,Czechia,Europe,Vysehrad
DP-7Q3a5ppp7rHDdKcePnQ,35.4226152,139.3784277,JP,Japan,Asia,Atsugi
DsOSugSjbHOnwPvzqP7rKw,50.0555563,14.5156981,CZ,Czechia,Europe,Vysocany
Qt3lAoyEbTsdOgTyeLjgVg,48.20845909,16.36461021,AT,Austria,Europe,Vienna
elrwlWf0hq3v-n-eUde3Rg,59.898029250507,10.777621322379,NO,Norway,Europe,Oslo
Q-oavfbiPjjb-UV5hC2XwA,37.798139501902,-122.40389513834,US,United States,North America,San Francisco
4zCwUlhrBRDqcwF7OcOV1A,1.325137,103.853738,SG,Singapore,Asia,Singapore
SCP4Jy5MXHPQfOmvey6-4A,50.648636,-120.362958,CA,Canada,North America,Kamloops
Rd1yKhNf5eLGeZApzmpvWQ,35.06182,138.414895,JP,Japan,Asia,Shizuoka-shi
N10_C3ziZ9CS2VwGsWB7kw,47.460982594639,8.5811624675989,CH,Switzerland,Europe,Kloten / Freienberg (Chanzler-Chlini Chaseren)
JPzFZWvPpHdpLCOQXjJnAA,36.5589762,139.8154522,JP,Japan,Asia,Utsunomiya-shi
d05Q534VL7aFszhi6bX41Q,-22.899706978003,-43.179805186081,BR,Brazil,South America,Rio de Janeiro
GdId8foZealxsFuRiXmDig,52.509191666667,13.270605555556,DE,Germany,Europe,Westend
-i-C19RhKpUV_em5j3wQwg,51.51834204,-0.16720097,GB,United Kingdom,Europe,Bayswater
Je0uscbzdXJA3nCzc2o-Ow,50.849081634568,4.3564192490429,BE,Belgium,Europe,Brussels
kmVGPFecFaLLui--XtWTnQ,24.90897375,121.2886588,TW,"Taiwan, Province of China",Asia,Daxi
W3do_u0XlecQFYjt7_DvIA,39.301624,-76.626994,US,United States,North America,Baltimore
YaoFAX3iVs8w6jy4W_khww,32.71796941,-117.17340865,US,United States,North America,San Diego
k_C5zbMx5g6Q7kJOqhp_6A,50.8815621,4.693583,BE,Belgium,Europe,Leuven
Y7UW1gHH3AXyqyZLls08NQ,36.027327,140.28059,JP,Japan,Asia,Ami
QxzH_y5v6wuolpo8qLc2VA,51.736977777778,0.47412222222222,GB,United Kingdom,Europe,Chelmsford
DvAybfRsiVYeaPGBtQ2eaQ,1.301478,103.856627,SG,Singapore,Asia,Singapore
8JQHkYB-yQg5EUeBf7nDzQ,48.851036,2.415878,FR,France,Europe,Saint-Mande
YlgujJ-a0WDtUnMyVggPYQ,43.0794743,141.34096612,JP,Japan,Asia,Sapporo
WNzWJ1WhhcCIqt1ZEfrQhw,-27.47092096849,152.9993967122,AU,Australia,Oceania,Milton
DBtI0ZB5TBdaUhBKRNtzQA,52.355056,4.911459,NL,Netherlands,Europe,Amsterdam
3Ov2ijg0gQW1rgOGXr9NZQ,36.411037,140.410305,JP,Japan,Asia,Mito-shi
v2XjQV6kkS7le0OhUkdmhg,48.787455,2.3545733333333,FR,France,Europe,Villejuif
my5kMTpCa8A3YRxCr3q_oA,47.47013496235,19.044993426651,HU,Hungary,Europe,Budapest XI. keruelet
f4RxHBE_BFQOC4rBG2fbog,39.246544,-76.818341,US,United States,North America,Columbia
dT25HbwxM9OH9DDkPWHLSg,48.43918,-122.341105,US,United States,North America,Mount Vernon
oCtgGvddvc-nJDQPq1VyGw,35.65719,139.73683,JP,Japan,Asia,Tokyo
HbsdK4NWNBs6nLsfn5nU1w,35.985612,139.477523,JP,Japan,Asia,Kawagoe
GnSQcNPJ7bBViIu3auUUuA,41.405243,2.174548,ES,Spain,Europe,Horta-Guinardo
BkWgdKF7NOKSHsUo_aXeXA,47.389944444444,8.5316527777778,CH,Switzerland,Europe,Zuerich (Kreis 5) / Gewerbeschule
tpPzUKfyTPftfaHqRKySDw,40.461497,-3.614569,ES,Spain,Europe,San Blas
jE1-Z8pbCpOcBndfO7qnFQ,42.366326,-71.023834,US,United States,North America,Chelsea
dWiaX9cSnsNCaWECN-Sr0w,32.717103333333,-117.17352,US,United States,North America,San Diego
u1vpi1oD41pIetb5dV5gKw,-34.589307,-58.402022,AR,Argentina,South America,Retiro
-nzQyv07U66nrpw6senUmw,50.449455555556,30.523841666667,UA,Ukraine,Europe,Kiev
-YfOWQM-geslv541gdpQPQ,2.928437,101.688944,MY,Malaysia,Asia,Putrajaya
9gFaKghpsi-QTOcR4_XF-A,53.339683441445,-6.3076860643923,IE,Ireland,Europe,Greenhills
dtIQuzWVtd8pgCzyFXYRcA,38.13143249,13.34615949,IT,Italy,Europe,Palermo
rGykMd9Ifj-cqCVYUfga7g,19.463805,-99.155853,MX,Mexico,North America,Cuauhtemoc
LKnHYyf7GVmUm0lt7vlxzw,56.959230555556,-2.2062361111111,GB,United Kingdom,Europe,Stonehaven
SzOngsL4N16LQTV7Lyxgmw,34.654395,138.792303,JP,Japan,Asia,Shimoda
oMg-PxipQvkRqg3LPArMUA,-33.442389,-70.599414,CL,Chile,South America,"Villa Presidente Frei, Nunoa, Santiago, Chile"
jOzPtWFWd2cRpNmByaENOA,22.282011,114.181956,HK,Hong Kong,Asia,Wan Chai
QzSERGUIp9jrp0UAU0z_ww,-34.93907086,138.64249273,AU,Australia,Oceania,Tusmore
uD8pa98m6zFTQ0_0VutvYA,10.38538742,-66.8887807,VE,"Venezuela, Bolivarian Republic of",South America,Baruta
qsCnBXCCGKodyCq9C3QFDQ,40.72139,-73.957302,US,United States,North America,Long Island City
sWIUJOz-rLihdwPqj2rz1Q,50.8698588,4.7004087,BE,Belgium,Europe,Leuven
URuSvceeXM-pXx8WjDT84Q,38.91981031,-77.0347747,US,United States,North America,"Washington, D.C."
3d3MF34P-Mnex5d5xjSOYw,40.414432,-3.724148,ES,Spain,Europe,Madrid
5SYX7i4qJFPfmWGbrUznFQ,37.792004,-122.398467,US,United States,North America,San Francisco
7jYU5td7Gj03IZKO4zaALg,34.083534,-118.322042,US,United States,North America,Hollywood
DbBhpEKaYXkSj0YryrvERQ,10.47307504,-66.91645503,VE,"Venezuela, Bolivarian Republic of",South America,Caracas
Z5a_Wizt5yho8TM9tXNtTg,47.587095,-122.179543,US,United States,North America,Newport
zMdQ6ewxcN8l_Hu21dtQPA,-26.737902857924,-49.176509383824,BR,Brazil,South America,Pomerode
MoyEwVctQCvaO6yrt0KN9Q,-15.8372577,-48.0140694,BR,Brazil,South America,Brasilia
0-hGoJIqWHuoCnLS6gMxrQ,28.1906215,-82.3972484,US,United States,North America,Land O' Lakes
crLQjWHwYtdoBcx2am5y-Q,33.4889903,-112.04769496,US,United States,North America,Phoenix
X2UqXfTh6YAQREA_h179EA,52.21694162,21.01377395,PL,Poland,Europe,Srodmiescie
BTKlsdYAHqOHXhbyG-plxw,36.17741,-115.135528,US,United States,North America,Las Vegas
0155X2oSxdk_osOgaIxUKQ,45.40072408,-75.6870549,CA,Canada,North America,Ottawa
C2xM1TjaUDQTOc6559GQgw,45.711620897055,11.47966071032,IT,Italy,Europe,Thiene
MoQccRp9O-LxLLFuPOCAOg,-33.025030488951,-71.55974723015,CL,Chile,South America,Vina del Mar
d3PJcmWakJxZxOqxw0N1Ng,30.6897103,-88.055287,US,United States,North America,Mobile
H8QbUKvzZ0atFH3Ofb7ORQ,54.597075,-5.931651,GB,United Kingdom,Europe,Belfast
dBNyddY9Qxmsevl0RTazFA,55.04839225,-1.47033238,GB,United Kingdom,Europe,Whitley Bay
teO4_-YLjCtq3iXJtJ-MVQ,44.959227777778,-93.277663888889,US,United States,North America,Minneapolis
flrgJ7tSO7Q2bFqqvIBDag,33.88006835,-84.45202832,US,United States,North America,Vinings
sapSSXnkFMQsw-jRO8m0eA,35.961377777778,-83.919805555556,US,United States,North America,Knoxville
mMNR52BeRPtQy55_Km7DLQ,47.490437566303,19.121451051906,HU,Hungary,Europe,Budapest XIV. keruelet
_Ynz_Bj_05hkG7uo9Sn7pg,48.865971,2.384102,FR,France,Europe,Le Pre-Saint-Gervais
NnNRMGt58VQTroBZsqG1TQ,50.07558603,14.42954905,CZ,Czechia,Europe,Stare Mesto
-DyNAUaoopodGXbo_k8RNg,24.69350929,120.91506501,TW,"Taiwan, Province of China",Asia,Hsinchu
k1hhPOesVYRN2ZBtAwv84g,41.45269779,2.22509847,ES,Spain,Europe,Llefia
lOCj8jszcUu6MAnAGLfrFA,34.00572216,-84.37525075,US,United States,North America,Roswell
JSrhSScrZXwkb3Ui3esCAw,-34.83799041,138.50301136,AU,Australia,Oceania,Birkenhead
SzKbh_GDxX7_wtkk-DYksQ,49.24473227,-123.23315704,CA,Canada,North America,West End
_VBFPfzz72roP_Y72QSQsg,52.067544444444,1.1249583333333,GB,United Kingdom,Europe,Bramford
NjyUVGpMrBoi47qHJJy0UQ,41.917179,12.4714795,VA,Holy See (Vatican City State),Europe,Vatican City
tAPzJm1Af_FDMch76-j0Iw,-33.449904146339,-70.588552951813,CL,Chile,South America,"Villa Presidente Frei, Nunoa, Santiago, Chile"
EJVu-YjxsplQJd0EnuUu1w,60.16444121,24.90767008,FI,Finland,Europe,Helsinki
j6pyrfPrbne9l2qJ_0UwFw,4.70704796,-74.06955224,CO,Colombia,South America,Barrio San Luis
33oxNarHDYJU6aAkGvHg1g,18.802737479147,99.018511743349,TH,Thailand,Asia,Chiang Mai
5p4IIq1jatiu2esTcZdXiQ,52.377166,13.107804,DE,Germany,Europe,Potsdam
aOKGUuvwWpKyQPtqEjFFCQ,51.437291,7.026037,DE,Germany,Europe,Essen
4h4XFWjbFhKNsHcpNnESbg,48.1152665,11.6958642,DE,Germany,Europe,Haar
2zXaKwac2qNIeF8m2rEPlA,-33.810931,151.199487,AU,Australia,Oceania,St Leonards
U87qAveQYlC6Ba0IuRsc8w,59.89708699,10.61667994,NO,Norway,Europe,Lysaker
W1xXbQFdwwvp0FmmHGUk-A,30.4996629,-87.2222132,US,United States,North America,Ferry Pass
kbheJDb8HZWHSK-KutWuRg,64.10899778,-21.91193024,IS,Iceland,Europe,Kopavogur
qDSDXc0iex_smLIZ34jM-g,59.904916630021,10.761004050009,NO,Norway,Europe,Oslo
UbHguZNOgHegjEGycKfc9Q,29.746737,-95.449103,US,United States,North America,West University Place
kc2GUbh-PH4bneUFG-AEXw,63.435870769996,10.584301449999,NO,Norway,Europe,Malvik
G9v1Jukk8oWKuzNgnvcA4g,35.164474,136.890402,JP,Japan,Asia,Nagoya-shi
Gxadrvf8yQSZmVc_zSmSzw,35.000514,138.407914,JP,Japan,Asia,Shizuoka-shi
p9Co5EMpbn09VeMWkCVz6g,30.30863556,-81.85701291,US,United States,North America,Baldwin
DXMeA0QOFkt4YtmLJLsKsw,36.181707,-115.134131,US,United States,North America,Las Vegas
-8LfeDEADhyLcKBvhRWrCw,34.772382911944,138.0032061925,JP,Japan,Asia,Kakegawa
3BCoezKKoOIM-9gjmxqr4w,51.511069,-0.119864,GB,United Kingdom,Europe,London
Q3KRo5bXy1aP_0-2Eo_MzQ,41.3954266,2.155119,ES,Spain,Europe,Gracia
QLqUlLjQiL00DX3CcRiFFA,48.206694,16.181142,AT,Austria,Europe,Purkersdorf
8kUDZdFn_9yisGFjm-6GIg,34.901918,137.485631,JP,Japan,Asia,Shinshiro
5i9qEqPya01LmgzMK1knzA,9.9975732,-84.1121007,CR,Costa Rica,North America,Heredia
9N-e6lChoLLfeMN_GXh3NA,-37.806041666667,144.998075,AU,Australia,Oceania,Abbotsford
4w1ZCaQAjf2JLWCYGVcIjA,37.353977,140.413046,JP,Japan,Asia,Koriyama
6gmoXorO0manwFMVLWREGA,37.569468,140.414526,JP,Japan,Asia,Nihommatsu
xzK5zvGG7gqht0g144EH2Q,43.406169444444,-79.808286111111,CA,Canada,North America,Burlington
g4ZSZ-B3G93cgQMf9F5HMw,37.892396980897,23.760235067457,GR,Greece,Europe,Argyroupoli
MERI1pxvr6FAws7IcWeFZA,51.525102,-0.135515,GB,United Kingdom,Europe,Camden Town
B5tPp3MPceVH1RgKnvRxkw,34.820230498889,138.0689129625,JP,Japan,Asia,Kanaya
XnVNIMZHxyjgSktINdSi6w,51.4424715,7.0664703,DE,Germany,Europe,Essen
fA5p4PwEI6WnV8kbMuSyFw,12.9765499,77.602786,IN,India,Asia,Bangalore
HJxEQD-ZnNQVLMmM757P_Q,34.956777659722,138.3912493875,JP,Japan,Asia,Shizuoka-shi
53WB4M1PEDlKxX3tozu0ig,44.941672222222,-93.192166666667,US,United States,North America,Falcon Heights
uaGwHe5mAWUODKrwPTGbiQ,47.601101561721,-122.33420364352,US,United States,North America,Seattle
nkJr-JHr9hjtkkW5aUnOPA,52.178504490294,0.1427998021245,GB,United Kingdom,Europe,Cambridge
87-iPDwWFLpqe1xgnHJxhg,29.762637,-95.45607,US,United States,North America,Hunters Creek Village
075afhUYa5gJT5h3zQccfw,40.59907873,-74.06326433,US,United States,North America,Bensonhurst
u58K1ncSD_-qpIfYuWUl0w,59.9002676,10.49546898,NO,Norway,Europe,Billingstad
Mf3JcXxwhD_xAC5E4JwtvA,34.9348997,135.7078464,JP,Japan,Asia,Muko
Lcaciuoah6lMSaHUuhX2zQ,1.309568,103.803105,SG,Singapore,Asia,Singapore
CMimK2BbqvvP71X_JSKvQA,33.9676821,-84.6654178,US,United States,North America,Kennesaw
ujXGTTT5oQglBO14uYNXCQ,22.28236,114.147179,HK,Hong Kong,Asia,Hong Kong
0KpVqkq7BvG-JSp9FL6AGw,-41.28743559,174.77673494,NZ,New Zealand,Oceania,Wellington
cnY6gU01P2FWCOhMoRPqUg,49.263871,-123.146575,CA,Canada,North America,West End
nWuhSr82UOKuufnqu4IC0w,39.293732,-76.624132,US,United States,North America,Baltimore
7HC65-VgS0ZCZZb8XgBJZA,38.750510282404,-9.1729559033234,PT,Portugal,Europe,Pontinha
MW6ecQ47k7OD-_ECiIpYHQ,35.97275983,139.73661059,JP,Japan,Asia,Kasukabe
VgBSS9T6uHGgCSqTSCyWWQ,50.89626717,4.48405702,BE,Belgium,Europe,Zaventem
Mj9XEaJIEMzlMQvJaH4s3g,59.957039,11.01585,NO,Norway,Europe,Lillestrom
b-tDSkL51mP_K-zq6PaCAw,42.044951,-88.079655,US,United States,North America,Hoffman Estates
A9JY5pLJafw4JOu4hu3H7w,44.889911111111,-93.354627777778,US,United States,North America,Edina
GCCouBoASt_D7GloLuUdOw,-23.606885,-46.637633,BR,Brazil,South America,Sao Paulo
l5hNKpuH6O9vPXQMmfJisQ,8.96471142,-79.54286206,PA,Panama,North America,Ancon
m-LWhTnvqB_nDBnslyS7UA,41.7873778,-87.9080669,US,United States,North America,Indian Head Park
P0oM0moS8BO__FVXbUFDWQ,-33.42563,-70.6218412,CL,Chile,South America,Santiago
YH-JNleJlpeXbhfI_Wx3Pg,41.45198142,2.23851404,ES,Spain,Europe,Badalona
LNg62xWmy0s9I7gVUsdPuQ,51.4370882,7.0235827,DE,Germany,Europe,Essen
ERZoG5PkqeQOseznFar3xw,-25.479645,-49.246909,BR,Brazil,South America,Curitiba
ZBnCmLbMrPKyYhv8g13u3w,55.751321,37.715779,RU,Russian Federation,Europe,Lefortovo
ytRRIyMbe13DxO7KsnDMzw,36.6618492,138.1838136,JP,Japan,Asia,Nagano-shi
PKyUBGTpRyVEZrDoKUz-Tw,52.019382,4.361613,NL,Netherlands,Europe,Delft
CcZq-VsufSRKQjD8RbG4cw,51.0515983,3.8182647,BE,Belgium,Europe,Destelbergen
qtEjxmbxOD5ijsHLp8gGhg,41.874088,-88.01797,US,United States,North America,Lombard
wolZ3qIMBOr9JfvxCAA3Zw,60.1735527,24.91786111,FI,Finland,Europe,Helsinki
eZNwR_8tDGbRCzk8l7VMdw,40.769143,-111.899527,US,United States,North America,Salt Lake City
e37XVxr8UVBAc1mgmfAJmQ,47.60773545,-122.34185883,US,United States,North America,Seattle
cOQ74aDqziBck0QGLvrS0Q,-33.44428,-70.654083,CL,Chile,South America,Santiago
GYIPpcGMqlTnTjqN1vqecA,34.081883,-118.37708,US,United States,North America,West Hollywood
DRoqxXXMVRnixPUJWwee3A,47.493366593416,19.085605730654,HU,Hungary,Europe,Budapest VIII. keruelet
8nxt890kMRZvP2WSOmRW0g,48.211714,16.172995,AT,Austria,Europe,Purkersdorf
so6pakQGlmAKgrEcL1NiKw,37.39137225,126.95117966,KR,"Korea, Republic of",Asia,Anyang-si
N--QwicFknmxTXhk9R-elw,48.206973,16.176294,AT,Austria,Europe,Purkersdorf
pwPPHIz_foFjbUjZejDhLg,29.784821,-95.563955,US,United States,North America,Bunker Hill Village
hh5ETH2RxQ0EaU1RRkm8Hg,33.912146,-84.3832438,US,United States,North America,Sandy Springs
K71ox4eHTNJO_3bJgWJqNw,41.886276,12.488833,IT,Italy,Europe,Rome
mRR6OKS2vE8h8X9TW2YqHg,37.547027,140.012136,JP,Japan,Asia,Inawashiro
PYpr9Y0Y5GrNIqIXEMA0vA,-23.695213,-46.701132,BR,Brazil,South America,Diadema
ED5PFTJNJmmEY0U-tcyHIg,50.7944706,4.30200048,BE,Belgium,Europe,Drogenbos
hUl9JJlDtK3EGjks9QoHYw,36.7286537,138.0768648,JP,Japan,Asia,Nagano-shi
L_1MNASygiGs2eoVxeiKVw,48.82655,2.219285,FR,France,Europe,Sevres
r3iigNQbRjluQ1AyFBA_mA,35.681644,139.787214,JP,Japan,Asia,Tokyo
z7QEU-KSu0Q97A6JWEdoAA,47.7905987,-122.3654528,US,United States,North America,Esperance
NSTIs_Ay6U-Z8k6HNzWr4A,32.70858402,-117.16116619,US,United States,North America,San Diego
jSJVumkXbwSPjeVZny7TSw,39.389497,-76.530087,US,United States,North America,Carney
Uj1xTHowP4N4-gW9_c4VFQ,47.495274553075,19.062870517373,HU,Hungary,Europe,Budapest VII. keruelet
LoHS2QSFvX0uj6Qk5trtQg,29.5281599,-98.3497042,US,United States,North America,Windcrest
3dxMxhqhb65Vwck068j3kA,48.213039,16.363818,AT,Austria,Europe,Vienna
6_oUifHNyvnxK0Xnj04gKA,36.036194,140.156643,JP,Japan,Asia,Naka
gV5Hja8VpyS44fqpBPSA9A,8.95574873,-79.53615466,PA,Panama,North America,Ancon
TJYv6jAOYnvcJ_x5aEhreQ,35.096957,136.6778673,JP,Japan,Asia,Tsushima
t0dsC5bhsYKSaL__Rggvyw,-6.802425,39.246066666667,TZ,"Tanzania, United Republic of",Africa,Magomeni
Nc4oUY6z279HvtHX03EuQw,33.8765893,-84.4562983,US,United States,North America,Vinings
FmAWkFvjn_Kp7uSqBCO6fQ,50.074410064712,14.423846468993,CZ,Czechia,Europe,Vysehrad
TnCI-VX9F5rAJGZLeHybNw,-17.7961679,-63.1555907,BO,"Bolivia, Plurinational State of",South America,Santa Cruz de la Sierra
qi-cBdIlWTl4E71ol8ecdQ,-12.068668333333,-77.043438333333,PE,Peru,South America,Lima
QJ6ok0RJQpzqn4oxNnINVw,45.47122947,12.25847837,IT,Italy,Europe,Mestre
_7GN4YQxtCZoGDneSR3QxQ,48.82197,2.249999,FR,France,Europe,Boulogne-Billancourt
OeO0pInPYmWmh5NrPhno6g,40.7356173,-73.8581062,US,United States,North America,Borough of Queens
SnkvWmYIUdvH6f5rOsnJfQ,55.863956,-4.257471,GB,United Kingdom,Europe,Glasgow
FipS19xpKP8faliXcKJvrA,43.656808,7.158646,FR,France,Europe,Cagnes-sur-Mer
2XiYf_iEn5kOJgKLgk-ydQ,35.281185,138.918657,JP,Japan,Asia,Gotemba
jDepTc-C4_nCaka9_o5H0g,39.76141684,116.50721633,CN,China,Asia,Jiugong
S3CkUhGy50X3ae9_j6BStw,34.9626221,135.717458,JP,Japan,Asia,Muko
hgbVTuWaLwssFL5NLuzTFA,-33.383968,-70.639331,CL,Chile,South America,Santiago
JomKDDI86wVC3_BlDF06fg,-37.83335344,144.98386943,AU,Australia,Oceania,Albert Park
VIMhZ0QALIC9hI97SWkA8A,60.15339673,24.91846351,FI,Finland,Europe,Helsinki
-3-MmXdwhyIQhtb4-8NqHQ,47.508306484669,19.094586130232,HU,Hungary,Europe,Budapest XIV. keruelet
rl49RGyT_zoUXXBmctQ4MA,37.273221,140.405261,JP,Japan,Asia,Sukagawa
GRDSEi5rcj6cCcynnDMc2Q,42.351829,-71.045848,US,United States,North America,Boston
SwliraNilNfFDfsupF-l1Q,43.667209,7.207956,FR,France,Europe,Saint-Laurent-du-Var
vJZMtnuKAdn6WhIn740yWA,35.53362,139.529664,JP,Japan,Asia,Machida
PVIPwhswx0b97JTZsOkxSw,18.724461525195,98.92726452482,TH,Thailand,Asia,Hang Dong
khQnNliVem2PjRPpbIJQUA,43.743211111111,-79.604002777778,CA,Canada,North America,Etobicoke
pCvlhxBysL3hrbbXhH4LYQ,33.852405,-117.919867,US,United States,North America,Anaheim
XMxWQhhxKx1Zcn1fRtQaUg,-33.443998,-70.599215,CL,Chile,South America,"Villa Presidente Frei, Nunoa, Santiago, Chile"
wOHz3tgzLLH-OcQUOuWojA,52.0099093,20.8479175,PL,Poland,Europe,Tarczyn
CFlfycyyHwUAIJfciovRdw,52.9379581,-1.135235,GB,United Kingdom,Europe,West Bridgford
aBETx9stJsMP9YBCFkrycw,43.547583333333,-79.727858333333,CA,Canada,North America,Mississauga
58Og4VJX--hFy92YZnqBzA,35.731124877875,139.83464050293,JP,Japan,Asia,Urayasu
gOv04Tvei93Ew6oXWKAjOQ,48.186114,16.415712,AT,Austria,Europe,Vienna
81vDaf4MrwgcfvH_Srutpg,43.65416082,-79.39980535,CA,Canada,North America,Toronto
UwjxjP2f89wN1NaPZ1noNg,35.678842,139.782894,JP,Japan,Asia,Tokyo
W46FlTuJYlXLju47A-R65w,35.653671,139.750778,JP,Japan,Asia,Tokyo
MfZMo-NYP2WgG_3D1XkY6Q,36.313113888889,-84.232877777778,US,United States,North America,Caryville
JUIZNINBNglJecGjROML7A,26.02227903,-80.28014253,US,United States,North America,Cooper City
VIhdyN5ieuwJBvzo6XtMyg,3.070022,101.645391,MY,Malaysia,Asia,Petaling Jaya
ro1xkOmFamRpAXQPVKAjXQ,36.600312,138.2406649,JP,Japan,Asia,Nagano-shi
sHFoP_cGWnaqwHw_o04yzw,40.75159,-111.89109,US,United States,North America,Salt Lake City
verVsEbzsdbadSi1j0Icrg,43.307155,5.3681,FR,France,Europe,Marseille 03
WFqbdZJdtWZOJGn2jNMOVA,51.339819444444,12.330872222222,DE,Germany,Europe,Leipzig
eAFfLjT5FIEV6X0oESZQXQ,43.529616666667,-79.642486111111,CA,Canada,North America,Mississauga
MpG8E1qRk6dPQTT0y2Ucpg,43.655617,7.157012,FR,France,Europe,Cagnes-sur-Mer
dQMRwTXKr2UOHG6qmAeRfQ,43.657491666667,-79.596608333333,CA,Canada,North America,Etobicoke
aHg7u8O_Mc1TjNy6Ej2BzQ,22.316,114.177562,HK,Hong Kong,Asia,Kowloon
1Us-asHAYFCX79KJaqe-AA,48.849281,2.415396,FR,France,Europe,Saint-Mande
Pyc6FHBv0SnukNqrJi3JTg,-33.796118333333,151.185595,AU,Australia,Oceania,Chatswood
FskI0Pdu5L6dfwx68wFl8w,35.59989,139.75516,JP,Japan,Asia,Kawasaki
CmTphiGKXuhdujTGy20hCQ,40.438775,-3.708817,ES,Spain,Europe,Chamberi
g2XGx17mzfnMkyABNPOykA,-33.400249722222,-70.587421388889,CL,Chile,South America,"Villa Presidente Frei, Nunoa, Santiago, Chile"
crSrzgPDaWOMFeW0b6KsSw,40.73951298,-74.00251004,US,United States,North America,New York City
pQgjd1T7bOOoAs1-Y4dGmA,39.765164349228,-86.154545852914,US,United States,North America,Indianapolis
IPqEAiSfoJ0Zo3XrFnnYIQ,36.050551,140.148432,JP,Japan,Asia,Naka
HpMWGdqr8Qsc29GmkISlNg,59.337042,18.084344,SE,Sweden,Europe,OEstermalm
6u9nIcVRO7m3gl1TEDGCVA,34.148718,131.469251,JP,Japan,Asia,Yamaguchi-shi
5CzcwmVX6jqOdvUI2--6xw,43.28464173538,5.5477178572614,FR,France,Europe,Aubagne
1WSHy5t0S7vTlFDIL1wS_A,48.833722,2.243581,FR,France,Europe,Boulogne-Billancourt
m3xc6ikHh4OxRxP6gbACgw,41.45350807,2.22665927,ES,Spain,Europe,Llefia
y79yYXOLvkr2eP8PNZlOJg,35.119538,138.850022,JP,Japan,Asia,Numazu
tCkjMCq7BVoIJJB8TTa0_g,-33.430552675948,-70.593368858099,CL,Chile,South America,"Villa Presidente Frei, Nunoa, Santiago, Chile"
y4AKtxJUetxqa-p-2yjfhg,47.489988715388,19.062062921003,HU,Hungary,Europe,Budapest IX. keruelet
7cMkYa-odoyQnTno4tmYYw,22.281959,114.180382,HK,Hong Kong,Asia,Wan Chai
OYY4YyfP6MsIOv-jj-_mYQ,37.718831,140.360513,JP,Japan,Asia,Fukushima-shi
3E_wVcJJQNYCdWT53lMlew,30.2339316,-97.8657657,US,United States,North America,Barton Creek
wylyKZnew9EKWQDHVHIBaQ,48.196488,16.343251,AT,Austria,Europe,Vienna
ArZOT957jyE2X4UUK61CqQ,59.31770016,18.08202718,SE,Sweden,Europe,OEstermalm
iCcdhLbKw_xH70ph2lw14Q,-7.974426,110.601182,ID,Indonesia,Asia,Wonosari
US3vetFSMqrYHTI09JfmWg,39.952844,-75.16261,US,United States,North America,Philadelphia
0vVDvzrjPDPRzd2f_3Zl2w,48.873169,2.22602,FR,France,Europe,Suresnes
NSNd6HDQ5OvAzZwWXG1sfA,40.61817531,-82.51381101,US,United States,North America,Bellville
QSFxgcp5LSbzS4pwVKt3Ew,1.336053,103.958514,SG,Singapore,Asia,Singapore
UaRn4mZmDWQIEkDi6-dFmw,52.392725,13.062627777778,DE,Germany,Europe,Potsdam
isp4w18ajBysgG5VciKRzg,29.424763888889,-98.470252777778,US,United States,North America,San Antonio
qQ4TpMCdh0JKnOWcVRJzcg,27.77186559,-82.6801446,US,United States,North America,Saint Petersburg
aGNeydIkWztOdPNpf5OJ8g,-22.22913,-49.93622,BR,Brazil,South America,Marilia
B-V5aerGPJ3CGCBFHI1CjA,34.976166,138.367079,JP,Japan,Asia,Shizuoka-shi
oKaQbIbHzd5vGYWISGI-Qg,35.189968055556,139.65974972222,JP,Japan,Asia,Miura
MJzqhrA4yZskRvFWqNz-dA,1.294458,103.853946,SG,Singapore,Asia,Singapore
2xompMqJUF2-JxF7ulpytw,43.63784087,-79.38267171,CA,Canada,North America,Toronto
14kC2G5QMDXaoJEjqyCCFQ,33.4701791,-112.0387146,US,United States,North America,Phoenix
XOMpVtzw7xXIyRm20Ycl5Q,50.02791352,14.49444527,CZ,Czechia,Europe,Vestec
5kKsE268WFwenIhPZxpGcQ,19.32991032,-99.21112621,MX,Mexico,North America,Magdalena Contreras
7i2B0ZVoX1sAMZwp4mghQw,35.668018,139.769096,JP,Japan,Asia,Tokyo
IOdmu0rQJwSOvVmNIr-waQ,-26.9070208,-49.0743094,BR,Brazil,South America,Blumenau
L1zisa0WBcbaQrVEyXlFQg,-33.433571388889,-70.618681388889,CL,Chile,South America,Santiago
mY4uUJzTq1Z4tMSFOxf_cA,51.510788992107,-0.22473132050223,GB,United Kingdom,Europe,Hammersmith
XM_znY7DzYpFpPm9eWPB_w,49.481999,8.47266299,DE,Germany,Europe,Mannheim
XKfUSHE1rL3AlnZQHaIlmw,59.3669565,17.9856691,SE,Sweden,Europe,Rasunda
wQKBmli3PVNgLnvn4lgP6Q,48.2341606,16.3942469,AT,Austria,Europe,Vienna
ivZ3ZF4WcFjDQwF0AB404w,48.19446866,16.36740196,AT,Austria,Europe,Vienna
LydCIsQfkzyJ5TLSSBNm5w,42.351063,-71.06462,US,United States,North America,Boston
klkgniv-bT9DQnP9ZiIq3w,50.045435204619,14.443513310026,CZ,Czechia,Europe,Hodkovicky
Y5zSTsnCT9RZJPm5PdOwAA,42.615368333333,140.80218,JP,Japan,Asia,Date
p33m7nTWsqF3N0srqilR6A,36.09206565,140.1000566,JP,Japan,Asia,Naka
kUhBcpEReL0mmAdcSwGpTQ,-33.023287028,-71.545338481665,CL,Chile,South America,Vina del Mar
7ZYHHsr3uitSnmKAHwQzNg,42.970291,143.04179,JP,Japan,Asia,Otofuke
k0DqmA4o4Kj_5l95fMRXqQ,37.777972222222,-122.4215,US,United States,North America,San Francisco
W_dkwX5lUAqofslt9qQmqg,40.024013333333,-4.4664833333333,ES,Spain,Europe,Santa Olalla
Q5bWYA-HtQJhS4VfwBndrA,51.022954,4.471768,BE,Belgium,Europe,Mechelen
aSlUL3UAOXnXiT6A6ijb1w,37.529241,126.552132,KR,"Korea, Republic of",Asia,Tongjin
Qlp5AEY-zfWYhd1OB5CIpQ,35.165836,138.905259,JP,Japan,Asia,Mishima
hnER9qs_60rGUeLA8hNaYw,-27.653795,153.110435,AU,Australia,Oceania,Logan City
fc6mmnwy-ZNW0K9hoNhu_Q,43.8258002,-79.5560388,CA,Canada,North America,Vaughan
Sue3bpY8fPx2LIcDlNnm_w,52.538300922365,13.286655546938,DE,Germany,Europe,Charlottenburg-Nord
iOg0Msffuy602xIuOAWxsg,35.096916666667,138.86855555556,JP,Japan,Asia,Numazu
Ytxt5cS2iSL77AErXGF9PA,39.420325,-76.618745,US,United States,North America,Lutherville
fmHX0NYkLPe2ZMvNY1s_GQ,37.297776,140.516006,JP,Japan,Asia,Sukagawa
sQFWjVTlQawjE1uppDFFJA,52.25019,5.212861,NL,Netherlands,Europe,Laren
3RClcfxHI27-nboPlHFuyA,40.4358346,-79.9943273,US,United States,North America,Pittsburgh
EMVi9-OjkBwt6BTvg29k0g,35.60497821,139.73777617,JP,Japan,Asia,Kawasaki
rHuCEN-ypLcwkb4Dwu04ZA,33.9226459,-84.4812004,US,United States,North America,Smyrna
x2cz9oV4D-rbIoyPRMZZ3g,29.94618728,-82.42473956,US,United States,North America,Lake Butler
ZWbLzJrG6NFRCiOSgDz8kw,35.652795,-97.462341,US,United States,North America,Edmond
KibR92mZlR8Lrk4tNPnE9Q,41.686286666667,-88.153088333333,US,United States,North America,Romeoville
jZv6f8VkRXLkI8tWd61FWw,52.36529036,4.88005185,NL,Netherlands,Europe,Amsterdam
bjQMWn9gPR6e6pJOCeT0pw,35.810458333333,-83.948897222222,US,United States,North America,Eagleton Village
Q-WTFoMvY_0NfT8-oyHXSQ,34.979922054167,138.34407475306,JP,Japan,Asia,Shizuoka-shi
ti9B3fbPuSkOx6YlQL5_Dg,44.962752777778,-93.256408333333,US,United States,North America,Minneapolis
4WoyMELltxBg_LI8X7m0_g,25.043604539722,55.167546837778,AE,United Arab Emirates,Asia,Dubai
Z9j2fXonu3FTv4e9cmlEPw,45.52328354,-73.54601803,CA,Canada,North America,Longueuil
aAiv8iPZ-9eD7DahJ0sgzA,51.507114,-0.15106,GB,United Kingdom,Europe,London
QzWg0tUa7OIpTZv1XkN1PQ,43.711833333333,-79.566833333333,CA,Canada,North America,Etobicoke
HWnP84f3HrXe-3rq8OKh2Q,32.73059076,-117.15477253,US,United States,North America,San Diego
CBQOdBNuErJTpa-bEMWKPQ,51.485422222222,-0.12021944444444,GB,United Kingdom,Europe,Lambeth
z6MGp3GE7L_UXr_dz6SX5A,24.961605312325,121.40556290958,TW,"Taiwan, Province of China",Asia,Banqiao
rR6NpC7cRMj6ZNqe7g64hQ,64.11078435,-21.90706507,IS,Iceland,Europe,Kopavogur
0UFny3cOYkXq9J8RhLRMhw,50.890147114164,4.1009086909572,BE,Belgium,Europe,Liedekerke
p-kro__A_cMXodJbQhuysw,46.219458333333,-64.542547222222,CA,Canada,North America,Shediac
MQ_hoXuIGWXkxLDLsNLitw,55.860921,-4.244742,GB,United Kingdom,Europe,Glasgow
uQWmcAePc_p5mJDn3sGLsA,37.454757,139.839072,JP,Japan,Asia,Kitakata
QkmEiiTsfuPArY72U72-yQ,52.375413,4.869771,NL,Netherlands,Europe,Amsterdam
KDJbc9eWOTpyfLmghj3BjA,34.1171185,-84.7382505,US,United States,North America,Emerson
4h7VKgW-mHWMzyZ_WpNa3Q,-6.7820527777778,39.240077777778,TZ,"Tanzania, United Republic of",Africa,Magomeni
HTWV7syCV8NjfBHIveXA7w,51.342128544911,12.369196977601,DE,Germany,Europe,Leipzig
rLugtHA_OqGmDZ4ocz9CWg,37.636748055556,-122.42175305556,US,United States,North America,San Bruno
VPES1yHNz-U_pNEXTDzRSg,37.45672,139.839605,JP,Japan,Asia,Kitakata
WauwztogP7yySp39Dtcyjg,34.9179392,139.1203082,JP,Japan,Asia,Ito
4dKBY8RedP96H3NeE3UiPw,-22.9404239,-43.1827194,BR,Brazil,South America,Rio de Janeiro
ZWdRPLMwoZIqv2pFmQem5Q,42.365057,-71.059193,US,United States,North America,Boston
koW7yYUH3A_xLUi6_1CZsw,-27.452239,152.979617,AU,Australia,Oceania,Milton
JgIgffUQhpKhIdFGjB_FXQ,46.940855,7.421996,CH,Switzerland,Europe,Koniz
lRnRIdc0K-vzs-czVfbfmw,51.51998,-0.134318,GB,United Kingdom,Europe,London
Zvk334yLPVmRNv8Qnc2TyA,40.43883084,-80.00671819,US,United States,North America,Pittsburgh
Rtz00-PGIJKQoU-hiud0rQ,47.003240740741,-1.3313587499999,FR,France,Europe,Saint-Hilaire-de-Loulay
UQgFcjEowHQtWp_eGRHLTg,-15.80913926,-47.8835439,BR,Brazil,South America,Brasilia
5aItyLZ2aOCFlCObD7poig,37.260854,140.424263,JP,Japan,Asia,Sukagawa
kBLlD8p3UN-jJ0EKMQwD7w,-41.440553530519,147.17966866841,AU,Australia,Oceania,Newstead
7o8eJ1h-tpOG3AFM9U7Ufw,33.5409824,-112.0414403,US,United States,North America,Phoenix
-nvTzJ-2am0mxQPqnZzZBA,-41.31201398,174.79320437,NZ,New Zealand,Oceania,Wellington
oZ_PpVW_XhmxBIZ0MMutjA,11.9322278,-85.95360791,NI,Nicaragua,North America,Granada
wJavNlQzvkrIXHm9gPsVQg,38.139968,13.358096,IT,Italy,Europe,Palermo
lFytn0m3BO-u_7amv17L-Q,50.8860756,4.7198247,BE,Belgium,Europe,Leuven
6UJguLBTFG4Kb6L9p3M2yA,34.979961,138.946365,JP,Japan,Asia,Ito
dCV_2GiPPvhNuMMtHxefBA,37.555305,139.941936,JP,Japan,Asia,Kitakata
BML8HAX9zBdKA2gzzFGxew,47.452764306217,8.5721088387072,CH,Switzerland,Europe,Kloten / Holberg
sk3EZQ90i-1mVQbkIG3sLw,4.328263,101.133411,MY,Malaysia,Asia,Kampar
0WZSw6TYMGgf7CD7YP0xgg,41.875519630326,12.556892757314,IT,Italy,Europe,Rome
umOCbB0vteWOAgGDvjoCAg,55.670272,12.539154,DK,Denmark,Europe,Frederiksberg
CKPWDiHAQxebTEBBL8945w,-12.088843,-77.06054,PE,Peru,South America,San Isidro
lrMx6_Br-iE_yuC3HD-IUA,29.632811,-98.458904,US,United States,North America,Hollywood Park
TZp0GNulyRiDotb6eNrBuQ,43.060702,-87.976203,US,United States,North America,Wauwatosa
obg_GAsk_ODTJV3sma_9ag,-33.443626,-70.599266,CL,Chile,South America,"Villa Presidente Frei, Nunoa, Santiago, Chile"
mtoAd6ogeCnHyJe-xGI6RQ,47.41219141,18.95853497,HU,Hungary,Europe,Diosd
t8FSFj_Mh58FQ1OCCSWG5Q,30.4814976,-87.2553988,US,United States,North America,Brent
9L73ruts6J4AUc8Ede7f0g,40.692806,-74.019782,US,United States,North America,New York City
RYvb7yMhVaRW5iFwS9g6lw,43.293031,5.375962,FR,France,Europe,Marseille 06
q1JdSNfYvdHcoYr8uJzYzQ,35.005671265,138.40889051556,JP,Japan,Asia,Shizuoka-shi
44hbtj5aYLL9MHkUi1Eqbw,55.73969577,37.61439283,RU,Russian Federation,Europe,Moscow
wgWPfLB7e676cmdh7uJ9pA,43.450205555556,-79.766255555556,CA,Canada,North America,Oakville
3sOrQHMIeF9O0iSK7tPSuQ,-34.629645366222,-58.686808766797,AR,Argentina,South America,Ituzaingo
y-g6O9tUSbqr3iyaxSKvlg,48.195769444444,16.280111111111,AT,Austria,Europe,Perchtoldsdorf
aWlqi3Np-7ZrGxOTazDw8Q,-22.90009416,-43.18033383,BR,Brazil,South America,Rio de Janeiro
WTg5TUAclRFpPvwVap1qQw,29.44714673,-98.40222564,US,United States,North America,Kirby
BN4ZID5j8nZ4ZuQf0ZOxFA,35.202255,138.915223,JP,Japan,Asia,Mishima
frNhqCQIYSbrfyeVEmcnLg,40.7712925,-111.90265366667,US,United States,North America,Salt Lake City
pejMfVT5j0t7FLZcE-KNKQ,53.36723105,-6.23095067,IE,Ireland,Europe,Marino
VO6HYpsVM0AyYghYu8TRqw,43.09041894,-89.52464708,US,United States,North America,Middleton
EiHiqmknTsr_RgXqm-995g,39.266441,-76.596067,US,United States,North America,Baltimore
xMYr6lstb-ewb87v9g0kuA,36.186957,140.254447,JP,Japan,Asia,Ishioka
v1SbEqVDFQNOruo0ql11ww,-15.7937165,-47.88127755,BR,Brazil,South America,Brasilia
KiRrLi6ibXk5RxXlZJf7Ig,36.217282,140.317247,JP,Japan,Asia,Ishioka
MmBGux3SG-dUSKWZoWftqQ,60.173889374421,24.944237242811,FI,Finland,Europe,Helsinki
pNPf4iexUxptO27pslVLtQ,37.445556,139.585188,JP,Japan,Asia,Kitakata
J9ddRafbbqmaQ3pO59CaVg,22.372856833228,114.10842418671,HK,Hong Kong,Asia,Tsuen Wan
AtNY63mlUib30wuQP5TcSQ,-43.52919375189,172.60700538326,NZ,New Zealand,Oceania,Christchurch
yVXQZkgQmhAHOVwqgVc85A,36.087928,137.247399,JP,Japan,Asia,Takayama
8IO98w2G44lkibyqMJgZaw,35.306514,137.623353,JP,Japan,Asia,Nakatsugawa
mUVsthoihlL6y-Z8-Wj9Zg,-41.43437339043,147.14227259551,AU,Australia,Oceania,Launceston
4aRgTTcopTftJL9mwbPOZg,43.666208333333,-79.378730555556,CA,Canada,North America,Toronto
2bobqFiz8Pql6gmhFKFGfA,37.787013888889,-122.48986666667,US,United States,North America,San Francisco
GAWd4C5fIAe390b1B9dbIw,24.806263,120.936609,TW,"Taiwan, Province of China",Asia,Hsinchu
3oxQ_B5XoN5PLBR9zUREgg,43.5571852,-79.6423991,CA,Canada,North America,Mississauga
MshVz0uHOeQO5nbUlCt_Xw,35.705205,139.744026,JP,Japan,Asia,Tokyo
zHQEOCCdCYVOVPmwECQOXw,34.01352033,-84.54835087,US,United States,North America,Marietta
Rue5CzUGDxkegI5MOaH5xA,13.816003904722,100.7433049804,TH,Thailand,Asia,Min Buri
Dpa0x4YmQFAPAetYw1mvvQ,39.71658503,116.39915522,CN,China,Asia,Yinghai
VJTr3azjDn1g1jlOZt4Mew,33.84847067,-84.43245983,US,United States,North America,Vinings
xjDY2Bf-VL1sDtcUxolnUw,43.045564,141.348944,JP,Japan,Asia,Sapporo
raD17rf-VFiEEydGdl2EMQ,29.44609066,-98.51490243,US,United States,North America,San Antonio
VWInYvrKk7c1nNYdkxsjwA,37.788885,-122.418855,US,United States,North America,San Francisco
VDs-9oyhO44omBoOvI_VuQ,1.301202,103.843291,SG,Singapore,Asia,Singapore
2v8UaxCSylVsnIsOmcf1HQ,38.8120343,-77.04679941,US,United States,North America,Alexandria
0vu-v1EUl7jIOMDsRsVsgA,-38.012365,-57.550312,AR,Argentina,South America,Mar del Plata
66xF73x2bk4F_rrxrfVqUw,33.5713155,-112.0575051,US,United States,North America,Paradise Valley
ZbRA3-U71iXdrHxZ_fq47Q,-23.552943,-46.604162,BR,Brazil,South America,Sao Paulo
TxGOlKq_3yoGg795i0aSbA,60.1685325,24.9383063,FI,Finland,Europe,Helsinki
U2mC7bFFXCp5Hone2YBi8g,-34.6147656,-58.5240103,AR,Argentina,South America,Caseros
6G6nKslBuPv6V84QMiNi_A,40.48385677,-79.92288151,US,United States,North America,Sharpsburg
L57yNZoctBqUBFIyguilAA,40.730472,-74.000492,US,United States,North America,New York City
3bUk1cSKED6OIudc8mPimQ,41.2357361,1.8454826,ES,Spain,Europe,Sitges
sQp1yBLrafjdFUU8-E11Tw,34.8852385,139.1315819,JP,Japan,Asia,Ito
ikihmctduZ00RQgkH9-L3g,38.91690912,-77.02970864,US,United States,North America,"Washington, D.C."
rKDr_dW171mmmD81rGyUXA,55.9478065,-3.2064575,GB,United Kingdom,Europe,Edinburgh
an3mAZD9aHR4EENSfWwcjg,35.646878,139.804574,JP,Japan,Asia,Urayasu
-R2IhI2eSfE85UcN4nladg,47.6215041,-122.1796612,US,United States,North America,Bellevue
m8mWctBJRhwlLpktbtZ_1w,40.04859,-75.050893,US,United States,North America,Palmyra
dZcF0Bldr3p30ibwyRcZEw,50.08711839,14.425729339989,CZ,Czechia,Europe,Prague
Af-l0psNEEaI4MUDsRNgrg,35.802508,139.91426,JP,Japan,Asia,Matsudo
e8NSAWiv8tta6Gk7pvJ7GQ,35.115767,138.8798934,JP,Japan,Asia,Numazu
R9-EuXCxYd2QxdpyvUYrmw,39.329344,-76.659274,US,United States,North America,Baltimore
WSouZJ98OGKhuRV9TT3LIg,43.41757,6.821971,FR,France,Europe,Saint-Raphael
zDMcyApC3l6zknWhx0tgGg,12.13349591,-86.2895927,NI,Nicaragua,North America,Managua
llp2ONafauJMmhECiFkKPw,43.133718,141.184128,JP,Japan,Asia,Sapporo
XLTrEkxnnRr3dwjg3Q_1PQ,5.3287117,-4.019615,CI,Côte d'Ivoire,Africa,Abidjan
2B59bmWbu5WZq9nJW2b7Jw,43.671597,7.217633,FR,France,Europe,Saint-Laurent-du-Var
XlOZn2ZzecVmsiwcuuLL_A,60.16201359,24.92254104,FI,Finland,Europe,Helsinki
-mqVqUNOImM1OzSXoL44rA,55.60194324,13.0035723,SE,Sweden,Europe,Malmoe
pTFM3eHHhYB4IQ-01oEmPA,10.48754548,-66.85430764,VE,"Venezuela, Bolivarian Republic of",South America,Chacao
9aM113GXZhyb59SLJ0lPfA,-36.845425,174.741328,NZ,New Zealand,Oceania,Auckland
sLhtE1lIOgc_Qdrqrems9A,29.498294444444,-82.295308333333,US,United States,North America,Gainesville
NFOcsuvZU4InbBqyQFrWSA,59.913159879971,10.737906689983,NO,Norway,Europe,Oslo
FNl-kzrnj-lDgP2rsDdRlQ,33.9434098,-84.51669012,US,United States,North America,Marietta
xBf-i5L38rNqB6J_J90oaA,36.416613,140.424577,JP,Japan,Asia,Mito-shi
kJzUrnJuKJJI4R3OOO9XPg,50.101476,14.43316,CZ,Czechia,Europe,Karlin
fFqJcN5XHzCcxW1rtAsTvw,34.039914,-118.260041,US,United States,North America,Los Angeles
Z2NM-ybvtwVDOCJKctciTg,12.12539078,-86.25732686,NI,Nicaragua,North America,Managua
RCV6l97LgLq91HiD30_BlQ,-37.820163333,145.0145235,AU,Australia,Oceania,Richmond
Y1EsaD4qFX0pLfYGgGmxrg,55.872156,-4.26091,GB,United Kingdom,Europe,Glasgow
fVdeHjYs9QIFD_8RXNt3qg,5.3998383,-4.004435,CI,Côte d'Ivoire,Africa,Abobo
lv8cB327j-mycuobipL5EA,50.026388881171,14.431138955918,CZ,Czechia,Europe,Hodkovicky
vNSQ5beV7-POxAhWVRon8Q,45.808607,15.942202,HR,Croatia,Europe,Zagreb - Centar
g53v4IIn2mlkbYV-buO2lw,37.449416666667,-81.066397222222,US,United States,North America,Athens
14bDsrThRzeC9MbDAIrsow,52.25327,5.260258,NL,Netherlands,Europe,Blaricum
gnI3xKr9dtWFcJ6RFZPitg,41.40907339,2.19482716,ES,Spain,Europe,Sant Marti
jCEPY1x2R4gwnfImjYwkQA,-34.929236,-57.9422061,AR,Argentina,South America,La Plata
iVlMEZv3UHetRavFDxQmpQ,-41.293116,174.778475,NZ,New Zealand,Oceania,Wellington
DV85b0e5-9jNT1zGBPH2gA,-12.118513888889,-77.029263888889,PE,Peru,South America,San Isidro
_F2SFIm0YzTzrDuuDZP_BA,-43.539688470077,172.61035865111,NZ,New Zealand,Oceania,Christchurch
dw7CgwZ6H74JNOpTPLzjfA,13.744355980278,100.54011491111,TH,Thailand,Asia,Ratchathewi
m5N8H-mASfmoAl64Ic4J-w,35.655472,139.782304,JP,Japan,Asia,Tokyo
b_G7fnPjfeUyz24Rzqo1Hg,34.80839,138.007244,JP,Japan,Asia,Kakegawa
VVmT-QWqqfu7_0SmwiBIyA,37.799153,140.264476,JP,Japan,Asia,Yonezawa
OrAr3KuO7QTyNG5OcqJVHA,37.48600486,139.90018333,JP,Japan,Asia,Kitakata
X33V5y3li9SpduTRU1U7ug,42.385258,-71.073727,US,United States,North America,Somerville
7VlD0_D71FHACIHtYI_QdA,1.307235,103.831208,SG,Singapore,Asia,Singapore
DPqLpyJWsfsta4asklI_6A,55.76381317,37.64007112,RU,Russian Federation,Europe,Moscow
g9SqdR021R8ZorcOAEe-Dg,34.836572,138.279853,JP,Japan,Asia,Fujieda
DVf4WEF3wUQ8NZFzuQLaBg,45.4685802,9.1830325999999,IT,Italy,Europe,Milano
h3mkSX5m5970bzHVR3RFuA,29.649249,-98.450604,US,United States,North America,Hollywood Park
54IkMGDSUV5J6LZX_XsJtw,41.89881443,12.46298855,VA,Holy See (Vatican City State),Europe,Vatican City
TZrjUYZQslQkFN5fEn1PUQ,23.764453,90.387514,BD,Bangladesh,Asia,Azimpur
e6pqs18yl408zXiFSn9U3A,37.912302,140.086511,JP,Japan,Asia,Yonezawa
V0qieSDM4Mfo0gPAYPolOg,50.933634,4.430317,BE,Belgium,Europe,Vilvoorde
Cz1RvWlQENEehpO-rxCJwg,36.041566,140.165173,JP,Japan,Asia,Naka
onLlIBCXj-eeHSFR-QNmVg,59.89216515,10.87917627,NO,Norway,Europe,Kjenn
rfXWndImWq0VNovQXILn-g,18.190805,99.394495,TH,Thailand,Asia,Ko Kha
vu5Ij2Sh0sYZNkMVvT9RYQ,64.1136721,-21.8668347,IS,Iceland,Europe,Reykjavik
kLQQWyFnUIiTew_hQKc6LQ,59.328045,18.022581,SE,Sweden,Europe,Solna
A2E45vl2HX_Jg6Ez3eYKSw,43.588916666667,-79.628852777778,CA,Canada,North America,Mississauga
zkwr12ChScfXLiEVRAvwZQ,47.47460251,19.04344696,HU,Hungary,Europe,Budapest XI. keruelet
2Ih7LIsjKQcXnwrOLyA6_A,35.4062099,139.339359,JP,Japan,Asia,Isehara
uAvx6MWN7runvsgbIzsXOA,34.956924438889,138.39119696472,JP,Japan,Asia,Shizuoka-shi
Ayi3WMxXuc6BYNrYxJlzOA,29.43954965,-98.48159366,US,United States,North America,San Antonio
2w2KTS0mPibZ7HFzMBLE9g,-33.771285,151.179205,AU,Australia,Oceania,East Lindfield
3FoNC9ECZ04UbBL0d3jQbA,-33.398475530764,-70.5881775919,CL,Chile,South America,"Villa Presidente Frei, Nunoa, Santiago, Chile"
-D7PwwMuQ0K0dH01QKD__g,-13.649933333333,-75.736558333333,PE,Peru,South America,Huancano
lSy2hl9A3AFMIZb3HO2Ftg,52.065766666667,1.2764683333333,GB,United Kingdom,Europe,Kesgrave
ABER7DOdsvGMQ9Ybz8ghKA,41.7275848,-87.8112613,US,United States,North America,Hickory Hills
0FLsXsliWqAZeYB-YGnTCA,-6.8135222222222,39.283247222222,TZ,"Tanzania, United Republic of",Africa,Dar es Salaam
KKJM35Gn1nDVpYFQefWAZQ,41.850975,-87.638598,US,United States,North America,Chicago
2yj6GIvwBUNOQtgLg0MJ-g,35.106791466667,138.56104429417,JP,Japan,Asia,Fujinomiya
ULzMEy2se7d53tkgwtldtQ,37.682137,140.786143,JP,Japan,Asia,Marumori
kgQLIfxv75sl8rH4HUHVLA,55.744252457425,37.634461276407,RU,Russian Federation,Europe,Zamoskvorech'ye
_Q-pepPGJ5BackpdSQclrg,-23.549354722222,-46.64698,BR,Brazil,South America,Sao Paulo
a2UIBPlbQN-pvRD99l2Nrg,33.5521268,-112.0997531,US,United States,North America,Glendale
HoBpgsowivwpzjnILX1yPQ,39.772052261978,-86.170140132308,US,United States,North America,Indianapolis
98aMTssbHnUzS4F3x6peJQ,39.761269195005,-86.154696224257,US,United States,North America,Indianapolis
Hcc2ez5yvc-bkomOajsb_A,36.213473,140.274685,JP,Japan,Asia,Ishioka
FXHYVpCTMwPBnU6CZ2xKUw,-38.737067,-72.583076,CL,Chile,South America,Temuco
_K7MHrOZRkoTLJAN2U56Zw,-33.858966666667,151.15441111111,AU,Australia,Oceania,Drummoyne
oW3V1VvoNglQJLwnjC8Xcw,-33.429951,-70.583498,CL,Chile,South America,"Villa Presidente Frei, Nunoa, Santiago, Chile"
-ZMp-jerhSLoh1wsHUd6EQ,37.48483,139.939028,JP,Japan,Asia,Kitakata
jmkACiqARCv8fOCNiuIKKw,-33.917015,151.175979,AU,Australia,Oceania,Newtown
MehSy6jyVpZVG2H4bu8AzQ,56.235498030002,12.858204179974,SE,Sweden,Europe,AEngelholm
iBTDBiAA68QLw5sGw4T9Og,48.237091388889,16.413368055556,AT,Austria,Europe,Vienna
KwTc8Q1owYb_MzPFEpi_qA,1.32058,103.825469,SG,Singapore,Asia,Singapore
FckpJfUxCPmqaQCm8VfAZA,40.725476,-111.88087999944,US,United States,North America,South Salt Lake
uSbPmkzKMfFmoRC7tEVwmA,17.316865,99.556823333333,TH,Thailand,Asia,Thung Saliam
0yyUNtEVKlqHAuUO35zpHw,48.845834,2.372202,FR,France,Europe,Paris
d4JgjxRvlEPd2PhSrg_3vA,-33.428548034178,-70.588441792714,CL,Chile,South America,"Villa Presidente Frei, Nunoa, Santiago, Chile"
YmPENUmwwxT3MGKemS5EPg,6.2423745,-75.5834159,CO,Colombia,South America,Medellin
4poBDlA_HvslN7BF-aFyLQ,55.75798327,37.63765989,RU,Russian Federation,Europe,Moscow
qWL-etXUyqDk2VNtcaVNnA,51.44128895,7.01219599,DE,Germany,Europe,Essen
ptvmeWIEpOnpW4J6WtgnEA,51.442816,6.972461,DE,Germany,Europe,Essen
LSdgeeXcSnzCOCAHdIRPMA,-37.83565101,145.02607803,AU,Australia,Oceania,Toorak
fRTbbfBOmrZ9ivdP7qvKLg,55.953104,-3.193667,GB,United Kingdom,Europe,Edinburgh
LYUmS2gx_zjmgXBA3OpEJA,25.77160355,-80.19033004,US,United States,North America,Miami
PySAGiRm8jvK7Kf1s1VutQ,35.306315,138.924427,JP,Japan,Asia,Gotemba
TCleEhs13sSZKlslo1F2OA,38.11644627,13.35221154,IT,Italy,Europe,Palermo
tBtolSl5TcsdxGvGuaNmSQ,-33.89981894,151.17794984,AU,Australia,Oceania,Newtown
L9lXmyOVyfWy-vqNRIMSLA,10.42409207,-66.92935626,VE,"Venezuela, Bolivarian Republic of",South America,San Antonio de Los Altos
TLeRS2WxTGPLGwLFc_sIeA,37.905054,140.026928,JP,Japan,Asia,Yonezawa
6ZHbuLEsOx6PwbYmlGGHXA,47.5860893,-122.3305944,US,United States,North America,Seattle
WwmYFzktefv7EWDneKfWKw,-33.453003055556,-70.654653055556,CL,Chile,South America,Santiago
vzUFBszYUDiwb-9ZbOuV3A,25.19051,55.297395,AE,United Arab Emirates,Asia,Dubai
mqK4h3FMAZuQa3QE-PGVtg,35.632652,139.782599,JP,Japan,Asia,Tokyo
KAScOIJURohVt2eGFk2B8A,46.94645912,7.42690877,CH,Switzerland,Europe,Bern
YqgrmEe2CdFid0sPcqk1XA,36.116982,-115.172734,US,United States,North America,Paradise
DIIiqX0dP-s2yd8G7So0dg,50.869145,4.6826783333333,BE,Belgium,Europe,Leuven
cA6G6mINHBki4vH0aGfyMw,37.922194444444,-84.369544444444,US,United States,North America,Lexington
fqWMM6gmDje46eUy7QaE2Q,52.347411111111,4.9114888888889,NL,Netherlands,Europe,Duivendrecht
HO4XsZyziZD7oUSOHhuFSA,46.982979,7.456752,CH,Switzerland,Europe,Zollikofen
zvYJvlYHiko7zn3VmixI4w,39.70822565,116.39805178,CN,China,Asia,Yinghai
15-BER4cL4t0yCKuagjV1w,40.7736468,-73.9321851,US,United States,North America,Long Island City
qslEdIGMMTOFy_6sz1eSjQ,46.947453703704,7.450577001634,CH,Switzerland,Europe,Bern
mwzizuCBo3kvc3GmsO9WJw,51.458961,7.050154,DE,Germany,Europe,Essen
QxYaGYXxRnd5g_yxOL_UVQ,33.4762948,-112.0914053,US,United States,North America,Phoenix
FA6WExqW5qbWUOhqTVm55Q,32.711131,-117.155441,US,United States,North America,San Diego
SbAFGFu88BeJLwURU6F32w,46.940798,7.460999,CH,Switzerland,Europe,Bern
n-wNsr11wBvs8IwFvuDENw,-13.00752497,-38.49216139,BR,Brazil,South America,Salvador
cM6dj-GtGaIAM0wLAGAGzA,39.67481365,116.40723482,CN,China,Asia,Weishanzhuang
EMLFSaSxyIJtarzJwNfokQ,30.481925,-87.2102881,US,United States,North America,Ferry Pass
fvo_hC14KpURz7M895DJoA,-37.82835,145.02287222222,AU,Australia,Oceania,Toorak
pezfNpi5BiRflteFEhSinQ,47.513068537228,19.076682636514,HU,Hungary,Europe,Budapest VI. keruelet
Y9P9ttde17f8zoRgO7MeTQ,44.9924729,-93.2369756,US,United States,North America,Minneapolis
vAlnTcbeG2nsJXgbRzT0bQ,-27.459678682915,153.01953151191,AU,Australia,Oceania,Spring Hill
UkYQwXJxlT2nXrA31Yjw-g,11.9291232,-85.95652018,NI,Nicaragua,North America,Granada
Ph2QhCbApgwGduWpR9NR-A,29.41031837,-98.47992875,US,United States,North America,San Antonio
Yg29kADHvxF8m_rUByInjQ,37.554149722222,-122.27771638889,US,United States,North America,Foster City
AOtXT4hag_LU9ffKxnKQ7Q,34.773549328333,137.98657679,JP,Japan,Asia,Kakegawa
5K-DsC4907dopFaYFQJiCw,-15.8062574,-48.077705,BR,Brazil,South America,Brasilia
9-pv8Et9zeMkkoS9mfgpCw,50.855847,4.36141,BE,Belgium,Europe,Brussels
s75elr_mo8PZSwMnXxBmmw,19.363204,-99.190136,MX,Mexico,North America,Alvaro Obregon
bWOtLlsSf7j8Yu7_J4nPmg,36.828162,139.719031,JP,Japan,Asia,Imaichi
pWlvQHb1ozbTdi1liO6WQw,41.453453,2.250039,ES,Spain,Europe,Badalona
ysCtrIHLBIrvjIU0pz6cqw,55.75999198,37.65380681,RU,Russian Federation,Europe,Taganskiy
rE9_mrkM26uOuGdBVDs8eA,50.111021,8.657222,DE,Germany,Europe,Frankfurt am Main
V-NOHShr0JCk_PBs0sLyUQ,33.806103,-84.4375401,US,United States,North America,Vinings
t65uIXy-KqxqfCSPZ24IGw,52.374524,4.900138,NL,Netherlands,Europe,Amsterdam
CXjSVsdIRPoi8lxXyjNoSA,34.04051746,-118.2483126,US,United States,North America,Los Angeles
S4Q6SPxMkxBwcPfR84CJVg,-35.236369444444,149.14291944444,AU,Australia,Oceania,Kaleen
H71zF88eb4W22yopnIk1Bg,32.72736859,-117.15359641,US,United States,North America,San Diego
USA75pcgOCBzM4opVG73RA,59.29709077126,17.983103692532,SE,Sweden,Europe,Segeltorp
WkXETzKnBJcoUW3fUJy6jA,47.782941,-122.316711,US,United States,North America,Mountlake Terrace
vokHfN5FeSg4voHpW6eSFg,-23.563582,-46.683325,BR,Brazil,South America,Sao Paulo
X_4cuf5wrqLNGQIR1L8RkQ,19.48745,-99.124244,MX,Mexico,North America,Colonia Lindavista
KLrJR2t4qH_EwKStKN19Nw,51.51973474,-0.16349523,GB,United Kingdom,Europe,Bayswater
jeyqOw8MGs59YO1UwrbSOA,-41.452477337918,147.14280624077,AU,Australia,Oceania,West Launceston
AnxVJHadbHHajk0NjukE0w,35.634736,139.790405,JP,Japan,Asia,Urayasu
7PXRJKlyeKXfEHTnHoD7tA,51.16844099,9.47588924,DE,Germany,Europe,Guxhagen
Okki1zLfiyL3oaTc23yRww,47.390313888889,8.5217055555556,CH,Switzerland,Europe,Zuerich (Kreis 5)
b27Rfj5Kk_yMczkJEBjcIw,33.497308,-112.0836259,US,United States,North America,Phoenix
0abUayZ1uxulmxH41MeOVg,47.925446,-122.224641,US,United States,North America,Everett
_K1nlMqMNwmPJb7D_ma4zA,27.9372742,-82.2857339,US,United States,North America,Brandon
4wzRVZIO8BqNp9Gt8WTNoA,29.7431806,-98.4340197,US,United States,North America,Bulverde
qUjg6EcBRd-FOTszWZf--A,40.4776058,-3.7120345,ES,Spain,Europe,Tetuan de las Victorias
Gw9mzf3Er3evaYjaULncag,51.88112,4.5341083333333,NL,Netherlands,Europe,Barendrecht
EBoMwNOLsxUGoVEmEc3AcA,43.646277777778,-79.361722222222,CA,Canada,North America,Toronto
bQs_9fstXdJ26wZ8mPyGGw,-12.074728,-77.035792,PE,Peru,South America,Lima
5czVlTJKYlVqjoB58Mz0Pg,33.9815046,-84.5394293,US,United States,North America,Marietta
MlzGHANr1LXZJcU65bgyXg,8.954082,-79.536183,PA,Panama,North America,Ancon
Uhi8gwB2OkRi13kvgQ1Xeg,-12.0516029,-77.0322036,PE,Peru,South America,Lima
xxJ0qwO6PHoObDc0bsVONg,1.307103,103.827427,SG,Singapore,Asia,Singapore
55HlWJJiqhGYuIq_idCvmg,35.064835777999,138.54002434862,JP,Japan,Asia,Fujinomiya
LqvUV4xjago0sgb-G-pjqw,44.960711111111,-93.214972222222,US,United States,North America,Lauderdale
sip05C9g72agtJL1kTUnhw,43.7890838,-79.3233485,CA,Canada,North America,Scarborough
N_GzC4JpWkbnZUzgPXzT9Q,10.0246327,-84.1764451,CR,Costa Rica,North America,Llorente
ItOPb36WbEmkU41GYXYSMg,39.568176,-76.995353,US,United States,North America,Westminster
ZnkadI1tBpgrbRZ1gVuW4g,-6.8548027777778,39.291261111111,TZ,"Tanzania, United Republic of",Africa,Dar es Salaam
Mtr_-LLLnVQ_sMJ80azVXg,44.7985851,20.449,RS,Serbia,Europe,Belgrade
_BmfvYnh9MEXN5z61IBOKA,50.840155,4.341044,BE,Belgium,Europe,Brussels
NMYrixO1v9rQh9CiI2s_rA,50.857485794659,4.3972650804034,BE,Belgium,Europe,Brussels
-7kDWbpzqmrQkBx39Z_Jgg,-33.855561,151.158757,AU,Australia,Oceania,Drummoyne
v0_boRyW4lWI7XysNGO8sg,43.020123,141.296755,JP,Japan,Asia,Sapporo
p97syyWGy0ciyijiHAoZ5w,36.1394,-85.581136111111,US,United States,North America,Baxter
Ak08SsTOea4_bPKIeHSXsg,-23.60904244,-46.63742803,BR,Brazil,South America,Sao Paulo
FpzR-a05KAnXkttHjdOsUw,41.8983141,12.4974848,IT,Italy,Europe,Rome
Q0CW6NryFlwmrnsnaJhiEQ,-33.453167,-70.620583,CL,Chile,South America,Santiago
GJKEzVZ24Et-Ya6o5flWBA,35.025845,138.362276,JP,Japan,Asia,Shizuoka-shi
QMY3kDOqFLfOJhV8vHrp2w,37.53647923,140.07474365,JP,Japan,Asia,Inawashiro
mRwDZLDoV2wHYteVhPsHfw,63.431241712045,10.379478335381,NO,Norway,Europe,Trondheim
buHCEqZ4dbWKYLRYo0p6EQ,59.300732761355,17.994987219572,SE,Sweden,Europe,Arsta
tIpCkc5asTNHE9WfTWRKjA,51.450372,6.973284,DE,Germany,Europe,Essen
8mWX7s-AhEloIH0gkxgELg,40.722709782415,-111.86538741917,US,United States,North America,South Salt Lake
YztZY8zPIpsLOEYcv2sRYQ,48.84331476,2.28622371,FR,France,Europe,Vanves
fBMOoLgbLf-nnoNkYc5VWA,37.900573,140.900593,JP,Japan,Asia,Marumori
OYyFv3XcyrSla0sgF6JrEg,40.802344722222,-73.964454722222,US,United States,North America,Manhattan
yquuUrhaI7HH-soU9ra4gw,47.8016212,-122.3814333,US,United States,North America,Woodway
8lOdkWeXD2rvc2SVG5jGjw,50.1190968,14.5024656,CZ,Czechia,Europe,Prosek
fAkdjZXEHYCl78SgcW1LqQ,35.6392516,-97.4960916,US,United States,North America,Edmond
FlNhaN2ay4YaffuKSxcBEQ,59.321095,18.053704,SE,Sweden,Europe,Stockholm
2qhLc6lfG56O_1eQX4RBlw,-15.802882,-47.887504,BR,Brazil,South America,Brasilia
2eGvUTBlcH-Mv82_NB5tLw,40.6336632,-74.0991965,US,United States,North America,Bayonne
OJzTXH-BDYr_uI4MybQtRw,43.08655915,-89.50224063,US,United States,North America,Middleton
nyjeEbZa3bzSFoSyJv3jDw,43.65881488014,7.1629887469963,FR,France,Europe,Cagnes-sur-Mer
5EX3KqG0Vuzom_5FKtryhA,36.418808,140.425537,JP,Japan,Asia,Mito-shi
1t6Vyg-pe_GQeJg5cGaLHA,51.5257798,-0.1251691,GB,United Kingdom,Europe,Clerkenwell
mXYSPzr0gywXf-O6YC0hOA,-27.414546,152.949383,AU,Australia,Oceania,Ferny Hills
7Y5MP3RlFLHOG5xecE8ovQ,43.65581,7.154402,FR,France,Europe,Cagnes-sur-Mer
Wj3YZdTEcUkkBzuxoXmSTw,-27.648893,153.105587,AU,Australia,Oceania,Logan City
q0bPr9bwYSdT8vAKB9Iavg,43.294411,5.374563,FR,France,Europe,Marseille 02
-gV4nG-7GAoQOLfuxidvEw,45.57671407,11.54551787,IT,Italy,Europe,Vicenza
KKrmsbFOaeeQIi7Y2cNHow,44.962763888889,-93.292966666667,US,United States,North America,Minneapolis
c9Bx5u8W0_m4Q-sCbLPN3A,39.317935,-76.618344,US,United States,North America,Baltimore
7I1i-KJyxONKd7tGL8Dw-g,43.66720281,-79.37340024,CA,Canada,North America,Toronto
D6QbAcPZAiC1L5ojF6k-eA,-6.8502472222222,39.261263888889,TZ,"Tanzania, United Republic of",Africa,Dar es Salaam
RTSVFC6pQ7W1chSfN9vCSg,-41.29241309,174.77872011,NZ,New Zealand,Oceania,Wellington
msnWlUugqyzn_WfYgeA5OA,42.941659,143.045683,JP,Japan,Asia,Obihiro
XGEzbUtsq1LxGdvy-Babmg,1.314417,103.859951,SG,Singapore,Asia,Singapore
So1mNvEeUVQXnDS06Irz5w,42.044965,-88.099566,US,United States,North America,Hoffman Estates
JIE8dllTDF8HbLoKw6tcYA,-27.458017,152.986214,AU,Australia,Oceania,Milton
_fxk7D4bKnZnea06em0Tfw,38.11995894,13.35154057,IT,Italy,Europe,Palermo
vmi4wR9fwxRe42sJcPAviA,34.9556985,135.7085373,JP,Japan,Asia,Muko
53DydQevhsH-yns2u2hwIA,-43.51283965,172.58110216,NZ,New Zealand,Oceania,Christchurch
etvpaN2q8ygwxCxpkiVfrQ,29.493576,-98.499342,US,United States,North America,Olmos Park
OXN7JK-7ks38adOaOQ3mvw,39.402143,-76.605064,US,United States,North America,Towson
19s9WIcJDCMTKdMQkPB-1A,43.641032,7.130391,FR,France,Europe,Villeneuve-Loubet
t93Ms6oWfNVoO7ZqUr5kWg,42.371508,-83.074281,US,United States,North America,Hamtramck
IApWV5SesUS7DFjwPKs5ng,12.13154921,-86.26047357,NI,Nicaragua,North America,Managua
hztzfUyWYBuOi0QobVkDdg,38.81228907,-77.0489195,US,United States,North America,Alexandria
X2EOPmFaQW3R9O_RUvYoug,10.0127925,-84.2007914,CR,Costa Rica,North America,Alajuela
SCbeQowwJLMPDebZSiFXdQ,42.34437,-83.00838,US,United States,North America,Detroit
pWbI55-_JYpk8FPPzq7JLg,52.52275116,13.32970299,DE,Germany,Europe,Moabit
oaYMlWHhTmXllmaiYFaBUg,47.624269,-122.318813,US,United States,North America,Seattle
cdKo8esMu8gHF16P7Gx6wA,35.775793,139.904432,JP,Japan,Asia,Matsudo
GWd1vucq1o4rZEcaDiXs7Q,34.125846,-117.88328,US,United States,North America,Citrus
uhcFkr51qcP9v8NvKyGguw,27.93719716,-82.30205424,US,United States,North America,Brandon
e5axmycVb37634eerkEeBw,43.412463,6.783445,FR,France,Europe,Saint-Raphael
DF1-uIARksQuUbJ6qJbJ6Q,29.97985324,-82.2352988,US,United States,North America,Lake Butler
-N1xff79vfI_LaL38yTXiA,37.794701,-122.39337,US,United States,North America,San Francisco
ZUi0VFtm9FnPxKgEswEDug,45.6532484,11.75875188,IT,Italy,Europe,Fontaniva
rhv9gbhrHf2uyA4Su1ZgQA,-12.07084405,-77.04465126,PE,Peru,South America,Lima
8iVispHQFNzyShJCQbJNjg,37.689255,-122.47121,US,United States,North America,Broadmoor
Ps2XakhYwUap6rrSB6J8KA,40.873484,-73.5377106,US,United States,North America,Oyster Bay
Gg6KCGgjGJwbH3jfKcA2Ww,-33.40814786,-70.54826039,CL,Chile,South America,"Villa Presidente Frei, Nunoa, Santiago, Chile"
HzHGXlxJse1ModSbAMfuXA,35.8817432,138.3006318,JP,Japan,Asia,Chino
fsmRbf4zTYjsXxAUgzQv_Q,34.002418,-6.859247,MA,Morocco,Africa,Rabat
83pUQjjbpwh_5PZ0EbLx_Q,53.3430015,-6.2638058,IE,Ireland,Europe,Dublin
naqUilVeJddcaIBpJpGaiQ,41.89596,-87.61608,US,United States,North America,Chicago
wxM3X21EWQqorw-6F6lSWw,52.160546,21.092357,PL,Poland,Europe,Wilanow
3Z3F245REaeMrGHL97sCYg,41.44895466,2.23044752,ES,Spain,Europe,Llefia
7D1ORHCKhCPgtdY81jszzQ,40.759613,-111.893928,US,United States,North America,Salt Lake City
cBEjYiZd1KSQ-wJPbaswYw,41.938745,-87.636303,US,United States,North America,Chicago
5d6VhLpoMZ1NFxf6pEnRqg,42.361232816667,-71.048605566667,US,United States,North America,Boston
tXXa9d5uNkwhtZHG7ApFjw,43.691412,7.244884,FR,France,Europe,Nice
nWuI-s04oSx69iS_vQdCmQ,35.360588,139.10486,JP,Japan,Asia,Odawara
tST0N6gnjo4Pv7Wdq7c_ug,41.899464,-87.618423,US,United States,North America,Chicago
QWqvcYvcRbP6C7W799_Plg,52.508926651942,13.377039514603,DE,Germany,Europe,Tiergarten Bezirk
IlQDRvfg_HvR3wcIo7aIjA,-37.81663812,144.97054209,AU,Australia,Oceania,Melbourne
yyzX_q-Jx7EOQcXJQcYrgQ,34.775923,137.997033,JP,Japan,Asia,Kakegawa
3RYJup1xVWPIMOk0TmvOyg,41.40568862,2.20642164,ES,Spain,Europe,Sant Marti
YwF0y-hoXiUTdjzw0e7MOA,19.420911,-99.1926343,MX,Mexico,North America,Polanco
ReGhp_HFpWBgl5-NtKsM6Q,60.828612,10.069142,NO,Norway,Europe,Dokka
kh8Ynjn3oqcZKDizcLxMsA,52.333195,4.803831,NL,Netherlands,Europe,Amstelveen
ICvfJNRX5AhssZctbghBJw,60.1666147,24.9337453,FI,Finland,Europe,Helsinki
v-CUPTTsshJRdgcGEzcVLA,-37.830441666667,145.13577222222,AU,Australia,Oceania,Box Hill South
A4kzwnGbNfJwYx-Ht3tJcA,34.9427895,135.7147625,JP,Japan,Asia,Muko
2LBy8QW5xYD-ogFsWtSmQQ,33.9692275,-84.55225429,US,United States,North America,Marietta
NVKZUWqG_UHZcjS1RYRjdw,35.810722222222,-83.949211111111,US,United States,North America,Eagleton Village
FbuBx85PvJ1PrL20hXL65g,38.90304,-77.051341388889,US,United States,North America,"Washington, D.C."
RWOWfJrD0GpVtt2Z0fZkvA,47.615688023594,-122.35040105822,US,United States,North America,Seattle
f_JS9-4jvp627o8_P1ThoA,35.158473,138.902779,JP,Japan,Asia,Mishima
yrv_UFsAdsIBtzNSn1g9aQ,4.539311,-75.666043,CO,Colombia,South America,Armenia
moimFEYRkiT-noRDwXMGtQ,51.44624145,6.99546169,DE,Germany,Europe,Essen
IqJ5KDW9j7oXysd8qZzp1w,-34.356313850731,-58.798730978742,AR,Argentina,South America,Belen de Escobar
IO5JXi-1OGZymhrAsqzgvg,3.048675,101.621776,MY,Malaysia,Asia,Subang Jaya
QFkRZ778RjF5A1aG7lpxtA,41.973537,12.543092,IT,Italy,Europe,Colle Verde
mG_ib-X21kDBwz_EHRZ1Vg,52.08221411,5.15547819,NL,Netherlands,Europe,Lunetten
C319GMnAGik6dAAi8Qxafw,51.461244,7.004066,DE,Germany,Europe,Essen
pq3yl1U99I-Zqhk_d2vUKw,39.301995,-76.578712,US,United States,North America,Baltimore
VdLuVF8PK1HYFldXcGVB5w,-27.460004699505,153.01462927407,AU,Australia,Oceania,Spring Hill
MYQKK0TQZkJxDsWnwmVp2A,55.86599735,-4.22744976,GB,United Kingdom,Europe,Glasgow
Oo200xf0ORQkGpt1D5xoJQ,47.485382859595,19.073010524735,HU,Hungary,Europe,Budapest VIII. keruelet
aTAx2cZdcctOTbYgZmivXQ,55.68920713,37.57430815,RU,Russian Federation,Europe,Leninskiye Gory
b_ZzaDCqN3e0Wq3Eo02fPw,52.51096712,13.40125771,DE,Germany,Europe,Mitte
vu5tWcxg0x51RjRwy43Krw,51.44016549,7.0127776,DE,Germany,Europe,Essen
Ez1vdUOhSTwvOCfz2jRqig,46.9645986,7.46860992,CH,Switzerland,Europe,Bern
yAN34d_uJ5yJ-Rde8b86ww,40.76799,-73.982268055556,US,United States,North America,Manhattan
ZIA_k365Rwn4_bDJzCraYg,-6.7827944444444,39.238769444444,TZ,"Tanzania, United Republic of",Africa,Magomeni
c-c-xMHMDOcNr-8E1htkmA,59.335656609098,18.028835356236,SE,Sweden,Europe,Stockholm
PnQCZsOv-TJZbyY-vwOdGw,10.79534884,106.69044659,VN,Viet Nam,Asia,Quan Binh Thanh
6dKijzDmGLV30FO5Jsk4lQ,40.4293341,-79.9668816,US,United States,North America,Mount Oliver
A_Yfi6mBA2OoEsRoBHzCtg,41.875641,-87.627715,US,United States,North America,Chicago
eGt1_BdBjoIScVS1mAawDg,10.49707984,-66.92883426,VE,"Venezuela, Bolivarian Republic of",South America,Caracas
MVKGkYy16D6fDdxgHoni3w,52.16892190056,5.4031151034966,NL,Netherlands,Europe,Randenbroek
vSEM-cYGEDGmFi-daTrZRA,55.734190414139,37.590331882238,RU,Russian Federation,Europe,Dorogomilovo
bEZ9NmSv7LBUIZDNtaZhlg,19.4883478,-99.1337886,MX,Mexico,North America,Colonia Lindavista
pM3KQBwnFW5HxaZwKg8SgA,12.1364105,-86.27763418,NI,Nicaragua,North America,Managua
mU5z4Jvz1C5aRteLiXzgzg,3.457646,-76.534408,CO,Colombia,South America,Cali
c4DucmFohrxRqix723Kqdw,-6.7919583333333,39.279944444444,TZ,"Tanzania, United Republic of",Africa,Magomeni
Iw8y7ii3BN3OM5fRPa0lcg,52.09573,5.139275,NL,Netherlands,Europe,Utrecht
qgq2xilNduZlq8XoAdg5Ow,51.346769444444,12.41575,DE,Germany,Europe,Leipzig
6M1cWrjdz2brIE2l3OxuWg,33.7308657,-84.939263,US,United States,North America,Villa Rica
uWA2JYJnQl_LeNb35NFXzg,49.007311,8.367934,DE,Germany,Europe,Karlsruhe
02Q-qbXsU5Jwq7rqv9Vn-g,40.725408,-73.7696533,US,United States,North America,Bellerose Terrace
BsdZCVsJZyagEHrJOFmvMQ,51.5047716,-0.21527132,GB,United Kingdom,Europe,Hammersmith
EG5EGPI3vgjxu3oi3scl1g,40.871109,-111.877057,US,United States,North America,Woods Cross
90Nnaa9fLJ4iWlqE18AULw,47.618405407546,-122.35502119704,US,United States,North America,Seattle
3Rl1pqh2OPUxVgCCp1zTjg,29.7844748,-95.59661673,US,United States,North America,Bunker Hill Village
md5RnVV48_v5Mcx4MoasFA,36.22637,137.157839,JP,Japan,Asia,Takayama
zVR8331TVdQL0ehNgl_XOQ,1.3114213,103.860124,SG,Singapore,Asia,Singapore
iAI4SoTySKAKMM7B5oiBZQ,39.944291,139.704735,JP,Japan,Asia,Tenno
7N1qpPmOWfaAayDL07tJnw,35.082514,138.858115,JP,Japan,Asia,Numazu
t1RE7E0kJCNjagWUMOwvtg,-12.048722,-77.039261,PE,Peru,South America,Lima
ogVMv7I82pbCQMKRnJ_aMQ,51.508852,7.451193,DE,Germany,Europe,Dortmund
ei1VcWfQ4VPHARLHiCtVPQ,35.018573,138.458436,JP,Japan,Asia,Shizuoka-shi
5AuULwzDZ0qabMiDHJb93g,-41.440019129262,147.14053864331,AU,Australia,Oceania,Launceston
_Bkk8SJ_ly-HSWC2e4CG9A,50.833398547984,4.4326510574616,BE,Belgium,Europe,Kraainem
pKflb6e7vXYVyzSfjZr1lw,48.90084234,2.16412232,FR,France,Europe,Chatou
BGK6pS8pwxk0EV2qqP7E2g,33.9586278,-84.5369095,US,United States,North America,Marietta
a8QM9l3AJkQvTGbg57XZmw,-6.7809416666667,39.275275,TZ,"Tanzania, United Republic of",Africa,Magomeni
5u-DMTd-3YhGYPafoXDRbA,51.350183333333,12.287847222222,DE,Germany,Europe,Schkeuditz
kRaiIvWqBsD_wT9ha7mRKQ,59.32003725,18.07049975,SE,Sweden,Europe,Stockholm
T9Ufei1pUFf1hOY7xN8oYQ,41.41421021,2.19449002,ES,Spain,Europe,Sant Marti
aZZxm_JuFozjVOWsp4BpDQ,51.885936,0.894756,GB,United Kingdom,Europe,Colchester
VD8pyy3KDergRyjyNMKveA,39.959739,-75.162634,US,United States,North America,Philadelphia
dYwa9SNIsoNj8Yn_6pa3jg,35.044365,138.901564,JP,Japan,Asia,Numazu
EAGoReBUVT97PAO5xGKnxQ,5.3355166,-4.0004233,CI,Côte d'Ivoire,Africa,Abidjan
cGyZv5TywDZ-bQUtdVQ-gA,-0.21328166666667,-78.497536666667,EC,Ecuador,South America,Quito
Vrlcr_T9Dr3utOd0wbhnfg,59.3151227,18.0958766,SE,Sweden,Europe,OEstermalm
FMIK_4k7HkdNT_ydwXS1Kg,38.895771,-77.023001,US,United States,North America,"Washington, D.C."
nvCVdx732-B4PwQjc_nDeg,56.462641,-3.05709,GB,United Kingdom,Europe,Muirhead
6wXryQ2d_Jdi97j35gFLPw,24.149934,-110.311153,MX,Mexico,North America,La Paz
76m3k3z9sKmFUPU7r68BMQ,29.734589,-95.505554,US,United States,North America,Piney Point Village
Ec3kmAAmeZW_Y2yDv3nu5g,-33.79165081298,150.99726795326,AU,Australia,Oceania,Northmead
ExNmhQK2CAGq0vlS8_ePqQ,29.754077,-95.453367,US,United States,North America,West University Place
rxWHp3pHTQp5N7MSaZ_06g,32.717929,-117.153899,US,United States,North America,San Diego
qVqPc_OG1_Iy1U4NeKFBMQ,42.364167,-71.051625,US,United States,North America,Boston
U_5wE8PIZJEEO0RpvQATNQ,34.719944,138.810739,JP,Japan,Asia,Shimoda
HSZCMw35bFuCtwicq_XzVw,42.363513,-83.039329,US,United States,North America,Hamtramck
R_I2Idk5VW_St2UWix0Akg,59.908186504617,30.318866092712,RU,Russian Federation,Europe,Saint Petersburg
YMv4uAqUeUwvjtX4rojijA,55.73027264,12.36038777,DK,Denmark,Europe,Ballerup
P-0nMVmw_0VA_NT_gI_y6w,47.5778093,-122.3393211,US,United States,North America,Seattle
_nOwgfmdlE4GV_d97mBpOw,44.926841666667,-92.920188888889,US,United States,North America,Woodbury
94SB8GbYsAJPqfjjGojlsw,-33.876384,151.229557,AU,Australia,Oceania,Paddington
PLdy54WNH3rmeRzw-2Sluw,41.912436,-87.682126,US,United States,North America,Chicago
yGjhoERZR6lKA68fDta6mg,47.497946,-122.201657,US,United States,North America,Renton
26XtLsA9mmXw5uSSFbIh9Q,-34.8316189,138.59970048,AU,Australia,Oceania,Enfield
2Ouhd7jYxx1co42BkV11Uw,44.893369444444,-93.420477777778,US,United States,North America,Minnetonka Mills
D6igPW5zkPBCt5i_aqdv4g,55.729563888889,12.530744444444,DK,Denmark,Europe,Kongens Lyngby
aMHjBQy2Bh_6jMT1hENe6g,43.6512878,-79.3808978,CA,Canada,North America,Toronto
P6LDHq7V-KY2IKNKcuDSfg,35.648313,139.804361,JP,Japan,Asia,Urayasu
R1sx02cvUku5F57_CCibdw,59.92041,10.761467,NO,Norway,Europe,Oslo
xnbbb7kwWbuJD3mSropEyQ,56.23813172,12.85995263,SE,Sweden,Europe,AEngelholm
EDjCJyPuZyxlN-Ps5GtUJw,33.9439675,-84.4637419,US,United States,North America,Smyrna
IMGLYol31i9-1wuhqS_wNA,-15.7968372,-48.0159101,BR,Brazil,South America,Brasilia
lZ8daoPxj4rVjML05Gp9VA,39.95992,-75.137194,US,United States,North America,Philadelphia
s-lMDh1eufCbyYLisqkA4Q,42.346844,-71.089569,US,United States,North America,Boston
XNepmDi2Vts_OaSn6Og7ng,60.2077747,24.9288112,FI,Finland,Europe,Helsinki
2SYCjMPdfq8X3v4dGugXwg,43.650961111111,-79.386388888889,CA,Canada,North America,Toronto
k4JPOarbzd56FLpbm-AOFw,33.96961767,-84.55242916,US,United States,North America,Marietta
OslA-5uA8N-Dj_7vzQFmLA,-34.92499137,138.59974269,AU,Australia,Oceania,Adelaide
72RzrqcpiINLm6JHYh8bug,45.433028898889,-75.71278478,CA,Canada,North America,Ottawa
R9Sd-FpK5uQIymRQ22WKHQ,51.437889,7.029391,DE,Germany,Europe,Essen
qsA3ihyf8jIwO3NJOHTSpw,47.0716805,15.4377019,AT,Austria,Europe,Graz
pwqaIWu_KVJcwJ4tdK2USg,29.43939719,-98.47838147,US,United States,North America,San Antonio
O8iu2f5AYEit7BMV-KDE7g,35.018549,138.461392,JP,Japan,Asia,Shizuoka-shi
akUmW3n53cW8K1kGx2nspg,9.06859971,-79.46250065,PA,Panama,North America,San Miguelito
iBuPaynd4d90QGn8NN6yqw,4.6202609313889,-74.070716723611,CO,Colombia,South America,Bogota
iPp41EgCFNvDKDRox3srNQ,50.0995725,14.4432956,CZ,Czechia,Europe,Karlin
pBzrHWx2yw-C10rRtgufsg,50.844523,4.344958,BE,Belgium,Europe,Brussels
FHOiUbBR5y8qayCO8z-e9w,60.172828,24.9179224,FI,Finland,Europe,Helsinki
W44CKHfkF4GYfRd_zLTbKw,41.392600176125,2.1870261970785,ES,Spain,Europe,Ciutat Vella
qvy78Pq8cub9d_RTCZhaOA,36.287451,-115.179114,US,United States,North America,North Las Vegas
7fgedPDvXWPv6u92NdJg-g,22.238857,114.188725,HK,Hong Kong,Asia,Wan Chai
EI_3HgdKM2VrztNCLKsZsw,34.05409355635,-118.32138978628,US,United States,North America,Hollywood
-60QYVrLRufeAjbRN-z79g,48.93452528,2.20893929,FR,France,Europe,Bezons
RtMO4NqOlrKLP9bTULITDQ,35.663098,139.764805,JP,Japan,Asia,Tokyo
wVKyMdCkg2mLGrmlh2wEmw,25.094406489167,55.172910166111,AE,United Arab Emirates,Asia,Dubai
gbj75OkjVRA1hCAWodNB_w,39.30343,-76.618857,US,United States,North America,Baltimore
_bbqzEB31SxXZ3s3ol8wjg,40.717468,-73.954052,US,United States,North America,Long Island City
Ua7brqtsfyKThQ5Z_Ksb3A,43.444952777778,-79.683286111111,CA,Canada,North America,Oakville
CMet-Ktl2Me_1A3XllT0tQ,40.739126666667,-73.98771,US,United States,North America,New York City
LJfZ1sFXxS4wbKsWSeAGyA,47.808978745552,13.06538121372,AT,Austria,Europe,Salzburg
qSiPB5fuhnpQAUYdzXh-iQ,25.1608918,55.2317879,AE,United Arab Emirates,Asia,Dubai
arD-m3H0s6RoJO4sf9bKQA,35.65014,139.683725,JP,Japan,Asia,Tokyo
e9QE7DkwK1h5yjW_CQhmeQ,33.9164155,-84.4661203,US,United States,North America,Vinings
ZN84h89Ufk29lpUzqC2W6A,35.0516589,138.89588,JP,Japan,Asia,Numazu
41ajMXn0xsi93AEi6ew5ug,-44.69391712,169.13665256,NZ,New Zealand,Oceania,Wanaka
EU9z9jPQf31PNNdh2uYs4A,34.92619327,135.75029547,JP,Japan,Asia,Muko
ofpALRi1x-QSIbN6ieTqEw,30.589775,-87.898391666667,US,United States,North America,Daphne
Y433oR7XjfOiG2pvMO518Q,42.342531,-71.054684,US,United States,North America,South Boston
S8-qTucl32NOcRSg4A-zhw,35.659439,139.777486,JP,Japan,Asia,Tokyo
5F3GkvWHknzbw6i5bF6ixg,1.298662,103.848455,SG,Singapore,Asia,Singapore
h8xo42DYv4r3L6LMTHdh7Q,50.0246737,15.2135999,CZ,Czechia,Europe,Kolin
tXhaGid2grDJwS99T6o33Q,41.878168,-87.624251,US,United States,North America,Chicago
AxUo8-sp6fZLLrs9B4RbnQ,-22.914466587934,-43.207041173993,BR,Brazil,South America,Rio de Janeiro
x5kaPDmtPqNYbgVpNIAq-w,51.226206879753,2.9072923341568,BE,Belgium,Europe,Ostend
1EDrn8pm-dWdpJB2Oe8NSQ,43.672111111111,-79.383536111111,CA,Canada,North America,Toronto
JgGBSsyVmwkCfB75WPiumQ,5.34001,-4.023885,CI,Côte d'Ivoire,Africa,Abidjan
TqB3ZC8snl959PnP_RM20w,36.632454,139.84471,JP,Japan,Asia,Utsunomiya-shi
E62d7sRVNJYLXBUynCPAEA,-34.8950199,-57.9624333,AR,Argentina,South America,La Plata
oGD6achI55qbwAYYaq1khA,-41.441915873314,147.16155217536,AU,Australia,Oceania,Newstead
__CRyFzoDOXn6unQ6a3DnQ,50.836426,4.357248,BE,Belgium,Europe,Brussels
cnxBnP-TrTXobGawghVT0Q,52.32085,5.081034,NL,Netherlands,Europe,Weesp
3piTjXPqVrA8pFv7WWUwMg,35.659256,139.777672,JP,Japan,Asia,Tokyo
ReOIVZotlPf2oMNDDN_rxA,38.253283,-85.7518745,US,United States,North America,Louisville
e1TdtCFFwoRDPPqY6_5H-g,52.4021667,13.0698227,DE,Germany,Europe,Potsdam
Fvs0ddQyL5xyekEajtcokg,39.788417089731,-86.165840383619,US,United States,North America,Indianapolis
Dce14rVrRgVAXLox3mSKyA,1.304748,103.825809,SG,Singapore,Asia,Singapore
LRJCzoKvUMsC7uewabIQqg,39.39778236,-76.6842407,US,United States,North America,Pikesville
YstRcnRCqcwTxkP8kzS2pQ,48.194530555556,16.28605,AT,Austria,Europe,Perchtoldsdorf
sjfAx6O1oFuocsTDqibUHg,-43.52744333,172.55755536,NZ,New Zealand,Oceania,Prebbleton
7iLJd1k-aVxKUiLj8apnHw,35.655575,139.7601,JP,Japan,Asia,Tokyo
dAcklj-f_HX6bANAVibw7A,38.708524,-9.146853,PT,Portugal,Europe,Lisbon
ThIuJJvJ9rFh8aIvpgfzhg,19.39879308,-99.17634747,MX,Mexico,North America,Benito Juarez
6uolLyxaTCnAo3Gazh1OAQ,48.850932,2.398767,FR,France,Europe,Saint-Mande
qELuDTeLgMBi8RvGKwYQ1A,44.888877777778,-93.360975,US,United States,North America,Edina
3D0T8YjE2XzYV3GKVxoBJA,35.949155555556,-83.937675,US,United States,North America,Knoxville
nUH-lwxINWGCvZIwDi89xw,51.314494444444,12.395208333333,DE,Germany,Europe,Leipzig
Z4ieTSratgqc33RQXQL_TA,23.135920073611,-82.354036643889,CU,Cuba,North America,La Habana Vieja
HDjS6xOwjwuvTOcwk6BSpw,49.26366157,-123.14608279,CA,Canada,North America,West End
RSBOl8j-HeZ8O9-rutAimQ,51.544588,-0.175762,GB,United Kingdom,Europe,Belsize Park
mPu7lQdg6mQ2rsMChmB1gw,37.333048055556,-121.98152,US,United States,North America,Santa Clara
wbzGoj7ivGmh05wvUZbBHw,35.036336337778,138.49378688528,JP,Japan,Asia,Shizuoka-shi
IVuxl5w-eCxwq_IkAVuuIQ,51.483152777778,-0.111125,GB,United Kingdom,Europe,Kennington
lT_KgDYRG9VAMCIbngbT7Q,53.30718013,-6.3566889,IE,Ireland,Europe,Tallaght
uGHarfFsaiEODslC2uPZCg,43.034897,141.488415,JP,Japan,Asia,Ebetsu
fLiWKEPAnFJblBjbZ1q-Ag,-34.589755,-58.401173,AR,Argentina,South America,Retiro
3BPtcVfG1wRlDUKiVLdm_g,37.656756388889,-122.43440305556,US,United States,North America,South San Francisco
1lOM7LfDdiQ6XQsphLH98w,35.878713,140.035433,JP,Japan,Asia,Abiko
tKDUscuV8wBw4uaM2IeMWA,-33.427995210506,-70.593767166138,CL,Chile,South America,"Villa Presidente Frei, Nunoa, Santiago, Chile"
gpSfiyP0fkzjnJ8LT_2rhw,64.114705555556,-21.905080555556,IS,Iceland,Europe,Kopavogur
fRhjdDLxwwPX8GmTdJrhCA,41.403423429278,2.1891065294566,ES,Spain,Europe,Sant Marti
3TBbRZaM4Fssc5bu5lIGmg,42.361155,-71.062881,US,United States,North America,Boston
BVj4PEfs6VnseetRXINrwA,-37.8001556,144.9726299,AU,Australia,Oceania,Carlton
bXqAGUd0ybM5vrxJGTKRUA,-34.60156531,-58.38672334,AR,Argentina,South America,Buenos Aires
YMF28OGqLm_3aWlK4CfRKQ,-34.919739223314,138.59930018105,AU,Australia,Oceania,Adelaide
UnH3_UC71mMe3RW1IUjZuQ,43.655997,7.154195,FR,France,Europe,Cagnes-sur-Mer
yNzX93G84Q0zysf2vfhzag,41.57959111,-87.82262369,US,United States,North America,Orland Hills
-3qDI4rcmarHQRV9FDKfeA,38.99211341,-77.03225055,US,United States,North America,Silver Spring
npiwM1PkxfkKZKvU4gy25w,35.153721,138.817184,JP,Japan,Asia,Numazu
jvSvob2GQK5kwc-xIq7h2A,37.766480555556,-122.45170555556,US,United States,North America,San Francisco
8jZmfl5WXVYwRbnET2dGcw,47.410369444444,8.5381,CH,Switzerland,Europe,Zuerich (Kreis 11) / Oerlikon
n2CLOI7u5RfpOhlEnNhvKQ,35.649122,139.77031,JP,Japan,Asia,Tokyo
TYnBhMbrZuAJwoTBuANcqA,50.077378474361,14.43048334606,CZ,Czechia,Europe,Stare Mesto
4sm4Z2YcFLmfsyXdPqOJfQ,-13.01125718,-38.50669529,BR,Brazil,South America,Salvador
i6g4E-74X55rx-O4yYJJPA,52.2516,5.26679,NL,Netherlands,Europe,Blaricum
LJ96p5V7LaTtCseRKfUokQ,30.4804659,-87.2153955,US,United States,North America,Brent
PDpii-3QNrX3N2bq_mOAuA,41.44869403,2.22587041,ES,Spain,Europe,Llefia
bGnCVtaEPUTQJakVPatV1A,-23.0929388,-47.21566796,BR,Brazil,South America,Indaiatuba
EW3EUD5NDsoo-cmOEliu4Q,-13.00463661,-38.51787098,BR,Brazil,South America,Salvador
Uy-3hcPq6Rx2N05zZYp6tg,35.650587,139.810474,JP,Japan,Asia,Urayasu
QvXYAgdE2jTWEJEQat4huQ,51.5107585,-0.1155003,GB,United Kingdom,Europe,London
72Wo9HN5dPgyniYMmzPmZw,40.539915,-3.699321,ES,Spain,Europe,Las Tablas
8OVvMjH5GpGe7GWfejahMg,43.61157874,-73.1781997,US,United States,North America,Castleton
SLlio6vwjweiOEr5Ic3Eeg,22.308919,114.229066,HK,Hong Kong,Asia,Kowloon
Mig5AntS3SHV5hCPtanAFw,38.902488055556,-77.048441388889,US,United States,North America,"Washington, D.C."
Rxx8GVrqjFoIXRvhSDlD2A,47.412966666667,8.5379805555556,CH,Switzerland,Europe,Zuerich (Kreis 11) / Oerlikon
bbs5X5Eai38LNLKPHjWvLw,50.05853789436,14.389641588847,CZ,Czechia,Europe,Vysehrad
KrkU0OhZCW2zwKqsPRyThQ,51.325072222222,12.400125,DE,Germany,Europe,Leipzig
Csivc_nOM9Vd353kIwOeBg,36.058647,140.217083,JP,Japan,Asia,Ami
xzSwIkN4Zq8BClFg9RgUZQ,34.824126648255,138.13053950467,JP,Japan,Asia,Kanaya
1N-pndzScB_7D53FekqpIg,-33.877198564661,150.90491875219,AU,Australia,Oceania,Cabramatta West
MYctotwAQtHcd9hQ6n82pA,40.5757797,-74.1044797,US,United States,North America,Staten Island
7DYUDoVwoXIUf4t2n1zhFw,51.3424742,12.3795574,DE,Germany,Europe,Leipzig
VsMLYEh7h28mzk1e__GHUA,37.836964,140.518108,JP,Japan,Asia,Hobaramachi
R0chz9vVIW3kicV2PlKWaw,41.152645,-8.621181,PT,Portugal,Europe,Porto
or6qWEt_MNF83_IWIY3e8g,51.5251185,-0.11062391,GB,United Kingdom,Europe,Clerkenwell
3jm_TnxLf8RaNMONLLxnbA,42.374149,-71.063048,US,United States,North America,Boston
OVJjgvewE3dNARqubx9cHg,43.450136111111,-79.761,CA,Canada,North America,Oakville
gqcjakKiZNDU03VK71dv4A,19.290266947911,98.473003546316,TH,Thailand,Asia,Mae Hi
HVSofASIISySugGOZmY7Gg,52.095431634075,5.1099769771099,NL,Netherlands,Europe,Utrecht
4-YgRUZkrqFryYU8b-KxKg,43.090236,-89.5270724,US,United States,North America,Middleton
TRQqjUoZ8aA_3iTNi9B_lA,47.391888888889,8.5187583333333,CH,Switzerland,Europe,Zuerich (Kreis 5)
kqPYxFnhUly5oeemn2hRiA,19.483972,-99.13073,MX,Mexico,North America,Colonia Lindavista
6yxlZpH4W6wX-O0BagkEEQ,52.412463,13.056248,DE,Germany,Europe,Potsdam
LxChYjYkgiOJYe01jtdpXg,49.038746,2.077409,FR,France,Europe,Cergy-Pontoise
NIWp7PlNuTCvNN3-l6_ZyQ,34.072108223316,-118.09590532449,US,United States,North America,South San Gabriel
PE900Ulo-GSX45e3fKaTUA,55.665556666667,37.526248333333,RU,Russian Federation,Europe,Semenovskoye
Af_IrOm6qkULujZZvZxZFQ,51.486346,-0.116446,GB,United Kingdom,Europe,Kennington
DZpICsSPkjdCcA62LmRndg,46.4356683,0.5967583,FR,France,Europe,Terce
E_z0G4QhkOQp1ce_mvxoPQ,48.201637250768,16.374171947601,AT,Austria,Europe,Vienna
JdvNjeKpFlUj79iXX5kNig,34.792476,138.014824,JP,Japan,Asia,Kakegawa
lFr49FF9fjS6doEXbt1Zkw,10.79871009,106.73003639,VN,Viet Nam,Asia,Quan Hai
zJtiBMjTGhZ5FTkp2PfRxw,36.175527,-115.136806,US,United States,North America,Las Vegas
x0vpoicRRK29fLfglUmabw,53.394761723466,-6.2455858848989,IE,Ireland,Europe,Beaumont
UhnxrPq6SfDNaP1xaxISpQ,60.386472222222,5.3196138888889,NO,Norway,Europe,Bergen
Hg1_BkIeiSP7LiyJWL3qdA,44.410431295975,26.089606745557,RO,Romania,Europe,Bucuresti
Z2u88AuOkpTCTXYVZeuM5g,8.95105215,-79.53611,PA,Panama,North America,Ancon
RUFV0MvrWM5iTrwNgqM1DA,-37.8240468,145.04783154,AU,Australia,Oceania,Hawthorn East
IWP747nHt3NfoV6ThBL9dg,33.87925554,-84.47189927,US,United States,North America,Vinings
p0FVI3qXto5GI7yVB0Z4xw,38.98794772,-77.02673882,US,United States,North America,Silver Spring
0LB-tbw_zLCTL3B3RjcBiQ,47.6695043,-122.3819441,US,United States,North America,Seattle
aj4Ad5PZ9gChXWjW4PEVGw,47.75856986,-122.25229994,US,United States,North America,Kenmore
EQUemIfLcYx5pyOCx6sZ8g,-23.569514,-46.714116,BR,Brazil,South America,Sao Paulo
-Ae9jTBaJa6ZIG0_a1gKTw,37.732301388889,-122.45114638889,US,United States,North America,Daly City
hEw0m4kHBQnUiHdpkz05Gw,33.9564256,-84.5501763,US,United States,North America,Marietta
OkOJlU8l98KqPEE05dv1tA,50.024258867578,14.413144341475,CZ,Czechia,Europe,Hodkovicky
oanDhzr3gmjZph3jXTI74g,35.024171130833,138.36176386361,JP,Japan,Asia,Shizuoka-shi
z7s0jAjdDVUbOk8QfYK9dA,59.329965471763,18.076836168766,SE,Sweden,Europe,OEstermalm
gbHoru4bJu7AKDZsHlMhRQ,40.693187,-111.968962,US,United States,North America,West Valley City
8Sgcr-njGucsnrpbJGbWpA,51.50747087,-0.02753362,GB,United Kingdom,Europe,Poplar
6EE8OAst7ZTqBccVucq4DQ,51.490043,-0.132992,GB,United Kingdom,Europe,City of Westminster
8FtCmzuXDj8_DKyHTgg4Sw,4.62321748,-74.066516719722,CO,Colombia,South America,Bogota
nA3-vm00wE6Jg6o9jomjXg,55.855252279404,-4.2970887463522,GB,United Kingdom,Europe,Glasgow
oWCF3yBXX-NmmuEl6Oa1YA,37.5652387,126.9237466,KR,"Korea, Republic of",Asia,Seoul
elc9cZ4oseV2_US7Tw7x5A,41.892346,12.4795,VA,Holy See (Vatican City State),Europe,Vatican City
C2B5jWSWEmV_pMi_Sjk_Mg,11.93390835,-85.95337391,NI,Nicaragua,North America,Granada
4xdqPrlCiTDWGXN0OaAnWQ,38.899236111111,-77.039458333333,US,United States,North America,"Washington, D.C."
YMZc_w-wDLKd3oeJ_WgGrQ,-34.87464508,138.57120536,AU,Australia,Oceania,Woodville
9cehhhtDJ3ydBB2dAaRWcQ,36.006922,140.298753,JP,Japan,Asia,Inashiki
c2B-mJZKgazWNNXJMEDVNQ,42.355536,-71.072228,US,United States,North America,Boston
57J-AmMRKjixLOT14FJnpA,55.729958823058,12.361660680915,DK,Denmark,Europe,Ballerup
YnHiGEivsAEQBzWCQWwbzw,1.285425,103.837432,SG,Singapore,Asia,Singapore
25tRkikVLxdhRlpD9Oua7Q,-28.48031262,-48.76721994,BR,Brazil,South America,Laguna
Cus6idMtO9BYIoFlK2cEMw,-23.566631388889,-46.688269722222,BR,Brazil,South America,Sao Paulo
MhFol7qz-xXHh3fizbBhTw,50.05099351,14.44378393,CZ,Czechia,Europe,Vysehrad
y71JVwfMckBgqoWcuZ1cBA,37.763934722222,-122.39562152778,US,United States,North America,San Francisco
PPlh1X-ZiacbCL_KthPA8Q,34.75542,135.93921138889,JP,Japan,Asia,Nara-shi
ADfGpdy7m6g6dgDJWHom1Q,39.81717037,116.49571994,CN,China,Asia,Jiugong
TnlDyLFffwEXFAqJsZ3aNQ,33.41621786,-111.83630832,US,United States,North America,Mesa
Nir_NwEkwQjQQ7Fh9Jh3xQ,43.040939,141.495723,JP,Japan,Asia,Ebetsu
lQwM-eilSfFqO75yD3XHaQ,-12.996163,-38.4686275,BR,Brazil,South America,Salvador
bW0mYVs5WF9PbLB8UWgaaQ,47.461608,18.96543003,HU,Hungary,Europe,Budaors
pjWD3heeJDdmxl5H9rVfbw,55.922879,-3.175405,GB,United Kingdom,Europe,Edinburgh
552L4GU_EgLMi9FMhAgHZg,47.50596055761,19.023643964902,HU,Hungary,Europe,Budapest II. keruelet
kqYawxNgnBcVp7LUHO13OA,50.077152,14.430197,CZ,Czechia,Europe,Stare Mesto
VcTzmF1TGkWKeLg_1S749A,38.992412,-77.036402,US,United States,North America,Silver Spring
d9NafilwQ1GjYfXaP4toyQ,35.652316666667,-97.426825,US,United States,North America,Edmond
jeytvLNTwyEA5Wyk5D7mMg,35.88192,139.965398,JP,Japan,Asia,Kashiwa
EpnkZVwZBUwHuGXgfO9DZQ,35.624828,137.169426,JP,Japan,Asia,Minokamo
i6tZbilIshhAMDepTmSsDA,48.808987,2.271574,FR,France,Europe,Clamart
BM3iFbmULVllQQWj2CEUCA,-34.92662998,138.64146125,AU,Australia,Oceania,Trinity Gardens
_xqXGiefuPBAfIK4plc1qA,33.93591956,-84.54096908,US,United States,North America,Marietta
wp85rVF0nCECuwOMZvTwSg,35.00526,138.434205,JP,Japan,Asia,Shizuoka-shi
WZpUlGobvJ2CfuVpTDiIZQ,34.9991576,136.6555783,JP,Japan,Asia,Yokkaichi
MKqKxu6a2bt7tbQwLzX3hg,44.731927777778,-93.17755,US,United States,North America,Apple Valley
kybmtaILkrgXvRdfY6jYyQ,1.322796,103.814744,SG,Singapore,Asia,Singapore
7pEXa6abCfKKnHL2yLFlHw,-34.597527,-58.381909,AR,Argentina,South America,Retiro
FZq79HjAEBG3azS8pbQ6xQ,35.46888,139.441174,JP,Japan,Asia,Minami-rinkan
hXzdNcz7my1yzHTUIbsBPQ,50.857395,4.361924,BE,Belgium,Europe,Brussels
LZqb5Y6-_EMpkiD8O1G9JA,51.50931756,-0.22297791,GB,United Kingdom,Europe,Hammersmith
eD2OHY5VbEgmngiIrDHxWw,36.027277,140.28903,JP,Japan,Asia,Inashiki
mIZEwklVXGlUr_iGOACikA,1.41550129,103.84452042,MY,Malaysia,Asia,Kampung Pasir Gudang Baru
poJ3B1rgG8t78rD1DAflDg,40.72057874,-74.00516032,US,United States,North America,New York City
g2i4ScDgNs1TgeHV63idlg,47.387325,8.5193527777778,CH,Switzerland,Europe,Zuerich (Kreis 5)
1THQtCsaZH8PqwA2-Vb9tg,47.61636,-122.18837882,US,United States,North America,Bellevue
IQUesBPsdNU-jCywLm2-_Q,50.100245,14.486696,CZ,Czechia,Europe,Liben
JCRhTyCkThLNFoJolxOS2w,37.691133055556,-122.45388972222,US,United States,North America,Colma
nfKgtN_5_SCosS1OPLTJiA,25.029727,105.9128,CN,China,Asia,Xinzhou
UZwzaqQiLWZgDRV2cSFgqg,-37.826913888889,145.01309166667,AU,Australia,Oceania,Toorak
RidE-Lb2ITiPXEXpfZH_nA,48.2015915,16.375107229984,AT,Austria,Europe,Vienna
KnWRc4spbyohCvDraEEHAA,41.902833,12.503473,IT,Italy,Europe,Rome
bx5pKBgTjSvlgdzTiRPRYQ,22.330051,114.182017,HK,Hong Kong,Asia,Kowloon
1f5ZrdA7GuSlmODJAgf8MQ,50.442166666667,30.520011111111,UA,Ukraine,Europe,Kiev
l7zePI8m2QyotaH1lc6yuA,38.13013826,13.35253406,IT,Italy,Europe,Palermo
VR8U7PMgbT_5aU1GoeTF1g,-37.7446585,144.910527,AU,Australia,Oceania,Essendon North
CeINdlxoY5wZkQQ1AdQUoA,43.298511,5.383415,FR,France,Europe,Marseille 01
dpCLDjRKOropEU9ZhywdxQ,48.2141077,16.36020714,AT,Austria,Europe,Vienna
gyRAEqKe8PWQHtmRiq1I9Q,-15.8375154,-48.0355415,BR,Brazil,South America,Brasilia
O30MZbjE5oZi2ntv47sySQ,24.68776958,120.91124366,TW,"Taiwan, Province of China",Asia,Hsinchu
lxi-MSi5VyY_WZJnL7GPJw,-15.8304823,-48.0780693,BR,Brazil,South America,Brasilia
N7LxrXiMt6BCepN5TG0Khg,35.3065852,139.2290506,JP,Japan,Asia,Ninomiya
Mn3dWCd-V70YeHc7P4SRZg,42.362642,-71.055966,US,United States,North America,Boston
MbOlB_2jWLTq9hJ-quLSrw,36.012596,140.362142,JP,Japan,Asia,Inashiki
83Zw75vYC9JnP9S6Lkxsdg,47.85352299,-122.21818269,US,United States,North America,Mill Creek
OSizpBpgVyh6b2W3gEq_3Q,35.307549,138.927705,JP,Japan,Asia,Gotemba
SyNlduHHsHsjURkcnmUPEQ,48.78848,2.35998,FR,France,Europe,Villejuif
DZEV3aAMrXZXzcWuQ_gIZg,47.395080555556,8.5115972222222,CH,Switzerland,Europe,Zuerich (Kreis 5) / Escher-Wyss
6MPIkgIvaK8gQwonURcdeQ,25.77225787,-80.18743202,US,United States,North America,Miami
NeCxTmqtrHF7US8uWANtdQ,-6.7756277777778,39.244069444444,TZ,"Tanzania, United Republic of",Africa,Magomeni
QgENcLG-XmKxkuzoMJqSVw,1.295264,103.852935,SG,Singapore,Asia,Singapore
v9vWA4Zoftkj-kRqEJipvA,-1.4344404254625,-48.465281434421,BR,Brazil,South America,Belem
E9BZ15OG5QwseyJWcTMOEQ,1.342276,103.736994,SG,Singapore,Asia,Singapore
ovlHaMimkwYf_e0srte16g,34.8940851,139.1185548,JP,Japan,Asia,Ito
wB4PE7kilNjDoF8QRUBsgQ,12.98259461,77.56275066,IN,India,Asia,Bangalore
RTFveeMGwcPCEY5eJlReFA,43.434866666667,-79.777097222222,CA,Canada,North America,Burlington
eeZgKwh-RhpC_1UaM8oX-A,40.6160327,-74.1031127,US,United States,North America,Bayonne
sC4ZZSa-wMMGuMEq-xtoFg,39.302033,-76.619847,US,United States,North America,Baltimore
IAw8mFmLSerU1TxD9oM3Mw,51.509825927205,11.962156416848,DE,Germany,Europe,Sennewitz
eYtwRv8BisZZU6exhl_HCw,48.7873444,2.3225478,FR,France,Europe,Bourg-la-Reine
jEt6LQI0XVesTYKSE_Os3A,37.44675157,139.82922771,JP,Japan,Asia,Kitakata
Wa8tfV7Y9dtJ8fyHQliDZg,40.720986388889,-73.995741388889,US,United States,North America,New York City
eDc-YzabrhA-qT4c-wIl_g,47.488811099902,19.033236131072,HU,Hungary,Europe,Budapest I. keruelet
rNmP1NTGGiyJJ3Gf6bbT6Q,42.326855,-71.057866,US,United States,North America,South Boston
MC51YcZXfArA69uMZvJpGg,51.560692,-0.489836,GB,United Kingdom,Europe,Denham
_FLHtbHfzi1qb1dtas8Frw,51.513122222222,-0.11788611111111,GB,United Kingdom,Europe,London
uBNhp5L3fzGWkWoQXs3hVg,42.375377,-71.064691,US,United States,North America,Boston
LM736ey2Gf6bvsSWtIDvNA,43.943509889817,4.8122632138175,FR,France,Europe,Avignon
b9qrApXKn9omkzlGjxTqgg,37.684441,140.472124,JP,Japan,Asia,Fukushima-shi
_EfjHSWZASMW9Kp5PkgFJg,35.083572,138.858315,JP,Japan,Asia,Numazu
5NLGvpfHS3z-F_ezXoVC4A,48.856254,2.34014,FR,France,Europe,Paris
cFS8nrEaY2DzE9aj2ema-w,-15.832655,-48.039259,BR,Brazil,South America,Brasilia
gwE5GjB21Do9NbT1Vizdng,33.393134722222,-111.84784972222,US,United States,North America,Mesa
NWVBiMFnp0dNFk1epzSpGQ,-12.033145,-77.054266,PE,Peru,South America,Lima
Y2qtLxDMt16fKAZx-zPnQA,45.007163888889,-93.247405555556,US,United States,North America,Minneapolis
Wk5YC67h46rl2P3hrZKe7A,28.41957962,-82.29037042,US,United States,North America,San Antonio
yEc2SDc70L7FBJBYay_prA,48.840751226502,2.2416666666667,FR,France,Europe,Boulogne-Billancourt
voZGfHRJyn4W6p4EJTQzSg,47.500887,-122.200875,US,United States,North America,Renton
qdJ9iCu5S8NUxV_wVTDArg,-23.552856,-46.604703,BR,Brazil,South America,Sao Paulo
mMfkOxGNWfmG74vOZCuo8Q,24.13233943,120.66268544,TW,"Taiwan, Province of China",Asia,Taichung
ofTS0V9jSrRhJhjf6PoHxw,55.672816,12.54996,DK,Denmark,Europe,Copenhagen
GHoYNVmGfP40dn6bGMXyww,11.933528227644,-85.957295226404,NI,Nicaragua,North America,Granada
0HRPUlsKJgTrgM-jhFgXDQ,50.443888888889,30.521480555556,UA,Ukraine,Europe,Kiev
aXrAhz5QjHqA3EmFO40XVg,37.931263,140.734712,JP,Japan,Asia,Marumori
hxMX1i0wDHORG0xNP0Gfcw,-27.459432,153.014179,AU,Australia,Oceania,Spring Hill
JR28Nx0Gsq4cXTnmSgLPtA,37.513255,127.054411,KR,"Korea, Republic of",Asia,Seoul
1xzVIpIm-5IGlyYxHugpDw,37.543962,126.925819,KR,"Korea, Republic of",Asia,Seoul
Sy4gqkwciRDKDXLfmTLmtQ,6.27281736,-75.61992288,CO,Colombia,South America,Medellin
LoqyySDOSEXmVXIVoDjVmw,35.656975,139.736977,JP,Japan,Asia,Tokyo
snV6uN5wJwCBM_0FoMo1Kg,-15.8276274,-48.0630632,BR,Brazil,South America,Brasilia
UZy_Ta1U0-hkl-FPZaL5zQ,50.07343876,14.43051487,CZ,Czechia,Europe,Vysehrad
gIbNmxzZbu-yXZBdSB1ZiQ,47.66693477,-122.35401373,US,United States,North America,Seattle
lwCBMARHU4duDX5LRWTbjg,50.031840596534,14.427037083889,CZ,Czechia,Europe,Hodkovicky
z31cbhLg0gV6CMpFfMSoJQ,35.743829,139.822116,JP,Japan,Asia,Soka
VdDJTMuywpakHZDfLX2_Gw,-25.44338726,-49.25940934,BR,Brazil,South America,Curitiba
54d1oFGJ_NC3asYhDlNt1g,50.073042050001,14.413680019994,CZ,Czechia,Europe,Vysehrad
nLb3zfNboGTJcFisaxu3CA,35.652801,-97.462991,US,United States,North America,Edmond
DxTvFVOLA9YjhWvzZMamHw,63.432839035522,10.388662219048,NO,Norway,Europe,Trondheim
ciNOLWYrM60ZxLBjeDr47g,51.342213888889,12.330411111111,DE,Germany,Europe,Leipzig
mGUKvaF-QEz_lpkwT1vcQA,-17.8126315,-63.2206895,BO,"Bolivia, Plurinational State of",South America,Santa Cruz de la Sierra
89Q5FMi34mZVTOWR3FYnkg,40.437905,-3.697846,ES,Spain,Europe,Chamberi
wAPxm8_MXnh7TQUD2JhmgQ,41.887085,12.503694,IT,Italy,Europe,Rome
yIX71NWG8WZhakeJqGrxgA,51.497823313497,-0.0815150141716,GB,United Kingdom,Europe,City of London
g9nZEEBHh9gGO8uGxNmDVQ,35.116407,138.881224,JP,Japan,Asia,Numazu
8ltPt4VEPjYU26APccbEVQ,48.858796,2.331562,FR,France,Europe,Paris
QeJZhMAZWHB7vqa3xha46g,37.562026388889,-122.25067305556,US,United States,North America,Foster City
C7MVqxnwiyDj2mf7h9kYlQ,37.38745139,-5.99433233,ES,Spain,Europe,Sevilla
3RRB6_YQbPmCWUJyPfIg-A,35.149403,138.890902,JP,Japan,Asia,Mishima
EOTEPcvmdwEV5bOztEgqbA,51.451241,7.007659,DE,Germany,Europe,Essen
hyRExY1cYuyGwOYEnVW2kw,-6.8119527777778,39.285175,TZ,"Tanzania, United Republic of",Africa,Dar es Salaam
Jwwi5HjmrEOrOQKvHU2AQQ,4.5372269601128,-75.66974129187,CO,Colombia,South America,Armenia
LQhrKoiiOylr9AblI0jWFQ,12.9794,77.606746,IN,India,Asia,Bangalore
h24hBExA70X0Cwz0ITEQsA,51.48496,-0.110843,GB,United Kingdom,Europe,Kennington
IiREsKNmcYbRCEMqrcEtZw,48.84633182,2.33059087,FR,France,Europe,Paris
MZ0Kmxn5QHBbdhJdBp-BTQ,-12.112786111111,-77.034247222222,PE,Peru,South America,San Isidro
NL-CgWDvD4wB8COR3cFRXg,1.28655647,103.85368492,SG,Singapore,Asia,Singapore
-RvUfordKSu3eFmYIBbt_A,35.675698,139.762664,JP,Japan,Asia,Tokyo
MeI4FPIoFXMcIt6rJ6LNIQ,51.48878156,-0.07227464,GB,United Kingdom,Europe,Camberwell
mlBTZp9rSUixITjpMe4ZIw,-33.92722204,151.15880576,AU,Australia,Oceania,Arncliffe
fk8GnF9fHBLY6aMNbiDLew,21.08053464,-101.63168748,MX,Mexico,North America,San Jose de Duran (Los Troncoso)
efU7wBTSKZgUs_F1NjLtTQ,18.7669075,99.0299351,TH,Thailand,Asia,Chiang Mai
7MTa045h1xXB1qw6YEdCrg,42.353376,-71.055528,US,United States,North America,Boston
qC2ggd3O3akLhEM9Xrq_Iw,48.21777947044,16.444512773146,AT,Austria,Europe,Vienna
2HAidpX3vzK4kMOJMwHuTw,22.420195,114.213647,HK,Hong Kong,Asia,Sha Tin
RH8qaLEZhg6OcsWqLgLwqg,33.94584093,-84.5375256,US,United States,North America,Marietta
sNHsFVl9WQddmljmUCMIFg,-17.7775922,-63.1800405,BO,"Bolivia, Plurinational State of",South America,Santa Cruz de la Sierra
-gV_IwkfSjb6nsiJD9hulQ,-33.895085,151.221825,AU,Australia,Oceania,Paddington
LcV8zok_E0dEZm7K-hul1g,35.336901,138.97327,JP,Japan,Asia,Gotemba
R_z3sfbj7GB76nxTz66xMA,52.175031951629,0.11261045001447,GB,United Kingdom,Europe,Grantchester
TMqqmWODsg4EfVr71bV9zQ,52.16138292,0.10155129,GB,United Kingdom,Europe,Grantchester
NCPw39wnmM0ofWRGW12J3w,-22.977201,-43.192675,BR,Brazil,South America,Rio de Janeiro
tenlnzNmc1zD9l0CxTqcNQ,40.7125783,-73.9606385,US,United States,North America,Long Island City
sDnffAPdieOby6zqfaYlpw,34.771462711389,138.00321452556,JP,Japan,Asia,Kakegawa
8pcWAWa3r8RGDCIZeF1yjg,40.440691,-3.698701,ES,Spain,Europe,Chamberi
P7i49xv9eLDIjr-V9TllnA,36.129108,139.62529,JP,Japan,Asia,Kazo
Uj9tLa2aakQ29-EGQvRa8w,-33.431835297638,-70.590529739857,CL,Chile,South America,"Villa Presidente Frei, Nunoa, Santiago, Chile"
St3vif4FsejZGYd3tXPToA,51.510223,-0.13561600000003,GB,United Kingdom,Europe,London
QL2y_QuUHbtncnUUJZdohQ,55.945338,-3.191205,GB,United Kingdom,Europe,Edinburgh
W8asbnBptGLKamnHPYqujQ,37.533558055556,-122.23633272219,US,United States,North America,Redwood Shores
cDvtKnuYMm7IXAUpybkkaQ,-2.92273186,-79.02775145,EC,Ecuador,South America,Cuenca
iXnmKWADB-SvnNX32JQk0Q,-27.445649,152.992008,AU,Australia,Oceania,Milton
PKX7fhvpyfZrzh034nB_8w,33.594999722222,-112.38413472222,US,United States,North America,Surprise
M-_aZ2rHyee5wswoU0JUmg,59.31965205,18.05663046,SE,Sweden,Europe,Stockholm
g0Cbw5UjdodG0O_21SQ7VQ,-41.28966552,174.78315943,NZ,New Zealand,Oceania,Wellington
Y7rQR27MpBsWF6NJYkFigw,34.9536055,135.706692,JP,Japan,Asia,Muko
D7Hwb87eBBVSSyMZu6yPGQ,41.155138,-8.630424,PT,Portugal,Europe,Porto
ooZDC2P7ehSkSFCmowtZMg,41.913135,12.506344,IT,Italy,Europe,Rome
72fx7KaZe4MQZyG2yCBy9A,30.382856,-97.741855,US,United States,North America,Jollyville
9OmmL3tfTQw4lgYd1d6j4w,36.188091,140.008526,JP,Japan,Asia,Ishige
Ae1EgrPNBuSyoP-MByj6GA,37.796927620269,-122.4068623419,US,United States,North America,San Francisco
4wy5aQrjs0fSJGo_JbMaPg,43.65030501,-79.35950836,CA,Canada,North America,Toronto
N0OSpi6wpFvK87qbIF5tvA,37.32358,-121.95845305556,US,United States,North America,Burbank
RlHK7VnOrPxCopmPyb-BAw,22.300765,114.233485,HK,Hong Kong,Asia,Kowloon
efWR31vM8_uFR_OZ2s3qqw,-34.59306,-58.405132,AR,Argentina,South America,Retiro
GA65_GQKQpgkN6GzK-xm6w,4.71047616,-74.07183786,CO,Colombia,South America,Barrio San Luis
qVgU04vJZ7hW_lkHTV4HHQ,49.056386666667,19.684125,SK,Slovakia,Europe,Liptovsky Hradok
LZh-LB3i4FgcLgi5ZL5deQ,50.07532519,14.43001127,CZ,Czechia,Europe,Stare Mesto
aaGTCYD5WJ-jQ7Z_FSWhcw,35.3093669,139.277447,JP,Japan,Asia,Ninomiya
GqyXtPSGee_8ugvQ8CCRFw,-27.427424,152.945325,AU,Australia,Oceania,Ferny Hills
hGBxt_5Cqx7Ru4E-sLtTGg,39.287665,-76.617195,US,United States,North America,Baltimore
grDzFDON_vntlJOAKJx7qA,45.636421,11.755143,IT,Italy,Europe,Fontaniva
hMmizxdnJLf5QKNth62mBQ,50.0662526,14.4218214,CZ,Czechia,Europe,Vysehrad
kgqicpaqa5aXdDahaOLcpQ,32.2432,-110.94824805556,US,United States,North America,Tucson
Mmq45-A45Zv2LwUNknF62A,4.0813186144872,9.7472589653717,CM,Cameroon,Africa,Douala
drNm-tDBt3Kr6_VYnmJW5A,-22.912160391009,-43.209449379061,BR,Brazil,South America,Rio de Janeiro
EFUy1yzKmk0ZvySqKG9DdQ,55.934932,-3.193506,GB,United Kingdom,Europe,Edinburgh
-0GQmYRienNVqEKiQ0Mkyw,-37.819261,144.943509,AU,Australia,Oceania,Docklands
dubv6EU09m9QiShRK3ao5Q,6.2392208,-75.5868205,CO,Colombia,South America,Medellin
wh6c9ZQ5F3Rh4412Ej_pyQ,60.17303,24.936279,FI,Finland,Europe,Helsinki
MM77o7gfyUiWt0MSaq8_EA,22.216916666667,114.21668833333,HK,Hong Kong,Asia,Wan Chai
yvOIGVi77vLmx6MFtgPChQ,50.92828118,4.44135866,BE,Belgium,Europe,Vilvoorde
ubnMhglBGq18jvH7POAK-A,35.231569006667,138.34507143833,JP,Japan,Asia,Shizuoka-shi
XI0q6hOfgWLvi7PqkKYVsw,18.76951941289,99.131610263139,TH,Thailand,Asia,San Kamphaeng
L1jaCSysyBq71JQUWNchsw,34.967324,136.625577,JP,Japan,Asia,Yokkaichi
6ou-7BD9Cq9VRN0y-EOtdA,35.10185,138.858455,JP,Japan,Asia,Numazu
bT7XoGrZGGrZkpJGbN9QYA,6.3779163,-5.4190576,CI,Côte d'Ivoire,Africa,Oume
Pffu6XLat3LeG7u5_pubyw,-36.98241301,174.78444135,NZ,New Zealand,Oceania,Mangere
s8V0F5I5nybCfW8q5gAifA,-37.8190092,144.9679754,AU,Australia,Oceania,Southbank
70vSMBAeglOhIzvDduFBJw,39.313335,-76.61407,US,United States,North America,Baltimore
mxja_i2y-XJyDZyMh958Tg,-33.923503778984,151.24395944095,AU,Australia,Oceania,Randwick
qXwAfuwipmZ4vUk1Q_JKVw,42.37525,-71.119434,US,United States,North America,Cambridge
q__HgJKJIs7QHmX34hgHPg,12.9715188,77.6196098,IN,India,Asia,Bangalore
mnOo_qAL6bIqsmdLnF8kOQ,50.8701792,4.6939532,BE,Belgium,Europe,Leuven
sozcH97kbpJQ0PTo56Wz8g,44.965466666667,-93.288169444444,US,United States,North America,Minneapolis
LCGhtKRKfTw98BMWjxkAWg,47.391794444444,8.5191666666667,CH,Switzerland,Europe,Zuerich (Kreis 5)
oM9u4JeJ-34qDVmisp7vCg,39.964935025,-75.179232889722,US,United States,North America,Philadelphia
fg_-lzaB03U5Yz-PvHnvuQ,29.628415284688,-82.360393479483,US,United States,North America,Gainesville
RZkWI8BDPSU_vhz2V9a2Wg,63.423109299945,10.388958470035,NO,Norway,Europe,Trondheim
UHIWler6_-OSWariiLd_NA,51.335802839376,12.383886557253,DE,Germany,Europe,Leipzig
TtTzc-XbRRIs0_xxtessqg,13.715448891667,100.55773735972,TH,Thailand,Asia,Khlong Toei
ajyvAPGqZoetEuEujFsjFg,-33.92686226501,151.20625060029,AU,Australia,Oceania,Alexandria
tOsUm5U_1-a8FzJEecMtCw,42.355505,-71.073106,US,United States,North America,Boston
4ucADQgZ1guXXI5w9mPyzg,37.618569722222,-122.41452138889,US,United States,North America,San Bruno
pnITEj6O5fjc6E3ZQcoMiA,25.79885395,-80.25869326,US,United States,North America,Brownsville
2IHA_OHJ7mCnyk9d0831ew,25.7869368,-80.1410452,US,United States,North America,Miami Beach
pqr_a7kUQeSamdretG32Tg,33.9244478,-84.4638648,US,United States,North America,Vinings
r4CZHpXFKD5X_uT-gSkO4w,22.364101,114.180745,HK,Hong Kong,Asia,Wong Tai Sin
X9qydCqAJxFt0tdpHRGNew,35.226053,135.112871,JP,Japan,Asia,Fukuchiyama
6I8hQ7QwJrLsSEjSZnjYzw,-12.99729065,-38.46456647,BR,Brazil,South America,Salvador
eBAjlxDqCMOux5xLP9IAjw,55.73913282,37.62441893,RU,Russian Federation,Europe,Zamoskvorech'ye
_92GTJv0x4fIix8B2hqahg,5.3524753,-4.0402498999999,CI,Côte d'Ivoire,Africa,Abidjan
GfTB9-GdayXBP9LCVoYNCQ,-41.269764,174.786342,NZ,New Zealand,Oceania,Wellington
6IDHIFwtYJtzw9riin-TJQ,52.435919444444,13.265697222222,DE,Germany,Europe,Zehlendorf Bezirk
X-z-HLtwUWfmfYOTUi_0ZQ,39.777375943959,-86.169899739325,US,United States,North America,Indianapolis
3L1kUL1mySeJJjuYuBhAQA,50.851526,4.349665,BE,Belgium,Europe,Brussels
5K1_i38r46HrvLTfSPn_TQ,24.704728461314,46.679478296137,SA,Saudi Arabia,Asia,Riyadh
5aUc3P4nATqm-SKwFC-fJg,60.829029,10.068392,NO,Norway,Europe,Dokka
3XaFu0oLYnlPvs0jCOAn3g,33.93699859,-84.49820032,US,United States,North America,Fair Oaks
FcYNalxq7z5ayVG4suYiVw,38.895385,-77.042028055556,US,United States,North America,"Washington, D.C."
7Q5Ezwy4UpIIsq6jrG6WWg,52.534351370733,13.292908294834,DE,Germany,Europe,Charlottenburg-Nord
xk9XOuD_FqL_ERs0c4gsSg,55.731708,12.534129,DK,Denmark,Europe,Kongens Lyngby
P07uDvTMEoWe9ILDiD0HBA,43.703073,7.275768,FR,France,Europe,Nice
4HwmiDGVjAa6XJhMVVvafQ,47.613932,-122.334432,US,United States,North America,Seattle
QV_vTfZC2JSs69XzsbmqXA,35.61858168,139.78052702,JP,Japan,Asia,Tokyo
dTCoUUkgL-piQuvrdDUz4A,25.0581799,55.180477,AE,United Arab Emirates,Asia,Dubai
3vpEdqkJcWQaEy2-zCXbyA,44.930144444444,-93.308013888889,US,United States,North America,Saint Louis Park
Lumuv8bO0Z30gIhi4efEvA,-22.7909674,-45.1610897,BR,Brazil,South America,Guaratingueta
TsTXdYX_CF21kwQiCrqMwA,42.901934,140.75129,JP,Japan,Asia,Niseko Town
NdthdGFa6eLOD2Wt4CXwVw,35.823708,139.759647,JP,Japan,Asia,Hatogaya-honcho
2GvDoNykO_gquJwWxR6Txw,29.95812574,-90.06300131,US,United States,North America,New Orleans
VKedFLSkPspKh8mcOSrzJw,35.110498680833,138.36291841694,JP,Japan,Asia,Shizuoka-shi
bs40et1gJ8RIB7j2mDZb1w,35.666123,139.800885,JP,Japan,Asia,Urayasu
bbLIOWRUvvzZzAxr4TH0Mw,58.04327,11.674848,SE,Sweden,Europe,Myggenas
yTxKQj_cMsJlB8w4OSSOEw,35.626114,139.642096,JP,Japan,Asia,Tokyo
ESKPFe5aCrXj8bJ_GIQgmw,18.2746466,99.4811133,TH,Thailand,Asia,Lampang
G0VcW0DZ0pxeMnuzihQBOg,50.0677922,14.33426262,CZ,Czechia,Europe,Horomerice
pwfUEaOtMN41eZXKyhKU5w,34.980841241667,138.31096395861,JP,Japan,Asia,Shizuoka-shi
HaNw1d_8Z0RzLZVP7rAmFQ,38.11745994,13.33868093,IT,Italy,Europe,Palermo
bgLhXokbqHv3wbuFdaQlXg,36.170903,140.24207,JP,Japan,Asia,Ishioka
9u-781RjITaKYv7CnSslxw,40.76525869,-73.99472273,US,United States,North America,Weehawken
mwht1x4oe7r8F5PQarZhxg,1.305938,103.830128,SG,Singapore,Asia,Singapore
5auFcBEP0iA-eFVp9gfKig,33.5531283,-112.1083231,US,United States,North America,Glendale
bCHmoLWfax2hsPvk7fuOeQ,47.620367927436,-122.35274180236,US,United States,North America,Seattle
NH7b-HvDfBinzWWstpGs5w,52.491159817175,13.435605584246,DE,Germany,Europe,Berlin Treptow
Y71ptUzM62758L9Wqcx-pg,52.509763,13.371446,DE,Germany,Europe,Tiergarten Bezirk
8-gIRjawRHMTsthYW_VNgw,53.346377,-6.282367,IE,Ireland,Europe,Rialto
U3ENaYTKZatqs6W4z3aWrA,51.4976105,-0.1355435,GB,United Kingdom,Europe,London
axnzFvmcebKcpt4_vysp_A,56.463468583061,-2.9792494303898,GB,United Kingdom,Europe,Dundee
3UdQ-mTV6RxPTmUIVA7tqQ,52.0125,4.3629055555556,NL,Netherlands,Europe,Delft
bSpxbQtGYTTxewR75LNjYA,47.241678662336,39.672080737024,RU,Russian Federation,Europe,Rostov-na-Donu
0ac-yCaYgJKY-IrKX4p5_A,48.867352,2.382966,FR,France,Europe,Le Pre-Saint-Gervais
eOQVsX0x2pbLOsIISz7BqQ,52.362159,4.873159,NL,Netherlands,Europe,Amsterdam
G5FtFXJIQHNR9sFD-w_X1w,43.09742292,-89.50663901,US,United States,North America,Middleton
YUL0c80jyRMDcuBLUZ2BYQ,43.580762,7.118647,FR,France,Europe,Antibes
rB33RbXsQiWj077V8hdyxQ,44.952127777778,-93.179175,US,United States,North America,Falcon Heights
YmKnqDi4YbVbpUbtulXNkQ,-36.852945,174.769283,NZ,New Zealand,Oceania,Auckland
AU07yidhmL_qakR6Dv7cYg,10.54454392,-66.99750379,VE,"Venezuela, Bolivarian Republic of",South America,Maiquetia
N6JH6pMYosRTHjMT_JOMKg,1.28892563,103.85154308,SG,Singapore,Asia,Singapore
aJOZ31Qh1LXJn8nqM2R3Aw,55.46742821,-4.61770501,GB,United Kingdom,Europe,Prestwick
h8bi_dThuerTb_6xuevgiw,52.210663,20.988258,PL,Poland,Europe,Ochota
hpFcOUfyQc9f2CPld75YFA,8.975336,-79.5344502,PA,Panama,North America,Ancon
_mN3MQGCcQ5JnIwDEnV8uQ,42.360646,-71.05348,US,United States,North America,Boston
RhJoCJV_kj2B4ctzhP03vw,51.506722,-0.12404,GB,United Kingdom,Europe,London
R79QIHNA6E6Sf9b-6qk55A,55.622337299987,13.1500921,SE,Sweden,Europe,Hjaerup
2kYJZWPIBROJQe4tgSJzIg,52.08641,5.108012,NL,Netherlands,Europe,Utrecht
SRR8oHZd9v2JHTRF9Pb5Gg,41.445228,2.24509,ES,Spain,Europe,Badalona
UElksDIQzKtwLAM9VOWAnQ,52.224786,20.958065,PL,Poland,Europe,Ochota
CUgunHokidyEuY32tptlrw,47.9161776,-122.0887196,US,United States,North America,Snohomish
itFbtvzmlHYwB3c0C97_0w,-27.409424,152.99108,AU,Australia,Oceania,Everton Park
9LmBGfnVqmfiJjenXkHgaw,-34.0635253,18.4517842,ZA,South Africa,Africa,Bergvliet
uc5T6Su5-lz-6ZB1cknDnA,37.797851388889,-122.27967638889,US,United States,North America,Oakland
neKbW246N5DZxgwA6go_WQ,4.5394578562966,-75.67797716893,CO,Colombia,South America,Armenia
8f_Hj3yXxytFpHt9HZvLVA,60.16271041,24.90255889,FI,Finland,Europe,Helsinki
oVoh6hAu4uFnGQ4cP3Y1sg,63.391833333333,10.348066666667,NO,Norway,Europe,Trondheim
Dt-IsHTM6MiFAU9AnR6AeA,35.046153,138.942227,JP,Japan,Asia,Mishima
IMQe46fT5aLAcNKZ0NoCJQ,45.49859578,-73.57450392,CA,Canada,North America,Montreal
HbsNVwzi3z-MPfJrVVsQkA,44.943244444444,-93.194311111111,US,United States,North America,Falcon Heights
7p0ziO38ZJLDan_RoEgxIQ,48.191234,16.336841,AT,Austria,Europe,Vienna
N2el5P6VVIqwkpg_aQ1h9A,57.6412199,18.2959029,SE,Sweden,Europe,Visby
prtTOoGM7yjPLQYYmLhM-Q,48.1886061,16.41840911,AT,Austria,Europe,Vienna
fSpa9fEp3r3ZG39BOlWSxg,42.351464,-71.055989,US,United States,North America,Boston
XAWIUeEiRprkZletGI_koA,36.064175,-115.172274,US,United States,North America,Paradise
tItn7k8tNd9dSqe1Q5spJQ,12.98582616,77.55630859,IN,India,Asia,Bangalore
NrHVEYFK69C_swT4fw5fYg,35.024422,138.898749,JP,Japan,Asia,Numazu
iFaVjxJUe3NpgLT3P5dl2Q,42.34951,-71.086385,US,United States,North America,Boston
PI9P2sVzzac5nqroxUXv_w,47.464287746698,18.968183677644,HU,Hungary,Europe,Budaors
WMUgRXaGBtnJRY9Gm26hxg,56.985528,24.170805,LV,Latvia,Europe,Jaunciems
qDwShnVXozZ_mu9tuD2clw,40.771431,-111.94726,US,United States,North America,Salt Lake City
MjA1XhWqyQcGz4nkpSEP9Q,1.27091657,103.83081808,SG,Singapore,Asia,Singapore
DRim12f8iv5Yx1I96xlMVA,39.76581895,116.50832626,CN,China,Asia,Jiugong
pqVP5zno7C1ib8VxDlwF_Q,38.902489722222,-77.046879722222,US,United States,North America,"Washington, D.C."
UvvygSiaYaF0fKr_uRHvKw,-37.770338888889,144.90185277778,AU,Australia,Oceania,Moonee Ponds
CTDLoKE_To5UGUvohQXUgA,27.9591663,-82.2858756,US,United States,North America,Brandon
JsWxTExvmHIh_YYwKPZkLQ,-6.8259611111111,39.275019444444,TZ,"Tanzania, United Republic of",Africa,Dar es Salaam
EGaAiN5Vm6scu5VbfHrx8Q,43.04465,141.483788,JP,Japan,Asia,Ebetsu
LQgiFUvrIhMklC4CQNETcg,41.9026993,12.4675125,VA,Holy See (Vatican City State),Europe,Vatican City
DJX9emTaOwE2R45bWOFtAg,35.636787414574,139.92518615729,JP,Japan,Asia,Urayasu
GqSd9rWKi11iCwUF8AbKoA,-34.60968593,-58.39186687,AR,Argentina,South America,Buenos Aires
JAvmWYJ-cNOXSSL9OisQQw,6.2125771,-75.5762694,CO,Colombia,South America,Itagui
x_GUecfiC58rbMo9_8VeFg,34.940712,137.592448,JP,Japan,Asia,Shinshiro
skMLYq36Jy-t-vSal57vsQ,-15.7997542,-47.9333923,BR,Brazil,South America,Brasilia
uVV0dyo83dHGpRd-AZqfug,39.771457901225,-86.163721019402,US,United States,North America,Indianapolis
6hz6eGT8wxmkM6n-r4EsFQ,34.9643878,135.7206007,JP,Japan,Asia,Muko
IBF4NeAjWS64aDsjFRVZzw,-15.78788159,-47.88428507,BR,Brazil,South America,Brasilia
FGItCBrHnipTbieZ2VePAg,33.523508055556,-112.07379138889,US,United States,North America,Phoenix
Lb6vxFkbGykAh3QvgPcqgA,37.673020555556,-122.09977805556,US,United States,North America,Cherryland
BaPTxb9q-Jjm8Nr_srXxkg,42.363686,-71.063468,US,United States,North America,Boston
mvS74fi-9xg6WoV-nbXBvA,-22.9031567,-43.1743594,BR,Brazil,South America,Rio de Janeiro
Gnp-bsiISt8HdBlfARTV3A,47.595335,-122.320929,US,United States,North America,Seattle
fXYwltFZejCF1SMv96_q7w,49.9823728,14.604744,CZ,Czechia,Europe,Ricany
C145crTG0-WOaG0GszLH5w,4.6950094027778,-74.036873783889,CO,Colombia,South America,Barrio San Luis
O9E9gPIcpMx2KR4p_m2F4A,8.96449841,-79.54259285,PA,Panama,North America,Ancon
suKsSwjdOQXhreTvMO8CAg,37.733248055556,-122.40425805556,US,United States,North America,San Francisco
gi-O9g2mltNKkMDoyJy79g,59.36616806,17.99010345,SE,Sweden,Europe,Rasunda
s_Zb_Ie7HrEFAvjJhDm84w,55.609027,13.036687,SE,Sweden,Europe,Malmoe
OUmYtZGqmTQIpkyB3AxO8Q,56.989988,24.240198,LV,Latvia,Europe,Bergi
h1g2nOMqS2O3baZOdnIHdw,35.188001,138.907818,JP,Japan,Asia,Mishima
P1GNDDReoZ3-nExjuk23Pg,35.3644266,139.3073034,JP,Japan,Asia,Isehara
SW4f91Twp31cQfvE6oyUJw,-43.490815860018,172.60993253573,NZ,New Zealand,Oceania,Christchurch
fFlD3UGGpp_i-3waRzvk-g,52.1791827,20.99784151,PL,Poland,Europe,Mokotow
VCe_d1cQ6iRnqbn1N3-MSw,19.426809,-99.188594,MX,Mexico,North America,Miguel Hidalgo
fMR8iZKfo3c3qs7iKlM1Sw,-27.046068306111,-48.893080037222,BR,Brazil,South America,Brusque
hF7p7dhmL7egFjHUpxyOkA,43.105464,141.251147,JP,Japan,Asia,Sapporo
2ehsE_e72WNQo32Cd2B8jA,33.9453258,-84.4987621,US,United States,North America,Marietta
fbYslUAEz6zinurXWCqWuA,56.9775664,24.1935012,LV,Latvia,Europe,Jaunciems
ckOQA-BqcXhQgpN-7oHnIQ,45.67234628,12.21882229,IT,Italy,Europe,Treviso
ayIQ4RbKZLQCRAEzoQHcJQ,47.524091326632,19.037635875866,HU,Hungary,Europe,Budapest II. keruelet
qDkdSXKTKCwjymHOaPg5eg,12.990257,77.613767,IN,India,Asia,Bangalore
9IYz2BenWlX9RC-9emGlsA,33.5212112,-112.0998545,US,United States,North America,Phoenix
E3aTCkitTdATRhC3VFCMVw,35.110069,136.922686,JP,Japan,Asia,Nagoya-shi
Cemc3YQZRByyuHIh7Pe3PA,43.74315,-79.582608333333,CA,Canada,North America,Etobicoke
eDhUk4IVFCxRkoftfXnVzQ,59.856451721862,17.853680988774,SE,Sweden,Europe,Knivsta
85qkCQWTmcEcTZWB_gKO6Q,58.060201,11.818807,SE,Sweden,Europe,Stenungsund
kspEzpt81Ookwnmt_MhDiw,-12.073663,-77.035965,PE,Peru,South America,Lima
YrUVWEcCBvU5n2oDBNvcSQ,50.0859585,19.9543906,PL,Poland,Europe,Krakow
rFP01fAZ2vPyCm-p9TOH8Q,-34.9113945,-57.9682456,AR,Argentina,South America,La Plata
91bA7MkSqougpU6ppfDfpw,-27.457346714344,153.0162338101,AU,Australia,Oceania,Spring Hill
l8WcifxGFfATaVZMlcQEJQ,27.9437346,-82.2857738,US,United States,North America,Brandon
ABdVJq04c8uILf2Z7y0UtQ,34.679410884999,137.99048595233,JP,Japan,Asia,Kakegawa
tU-XPKVdFEh8gJTipJex1w,37.665673055556,-122.070485,US,United States,North America,Hayward
K6kKG2gDv0myvM1fjgJlvQ,51.455531,7.043893,DE,Germany,Europe,Essen
OEavFetbwL17nkwlaqbQOA,29.46379864,-98.47485943,US,United States,North America,Olmos Park
esbAyH7qerREten8PGdq3Q,51.530055555556,-0.013963888888889,GB,United Kingdom,Europe,Poplar
aJKd7R9Sw3k7jdgePDGaUg,35.779943,137.224489,JP,Japan,Asia,Gujo
OmJd2IG7GmZLh8Z7uaAp_w,59.3289637,18.0692404,SE,Sweden,Europe,Stockholm
EvaT9kdH5kAKR_7D0arj7g,33.4630379,-112.0736876,US,United States,North America,Phoenix
B5elo2f8N6wfxU5lqegq-w,39.071184,-76.539923,US,United States,North America,Severna Park
I40ynuM3MH9AsMWrN8w4Qg,43.451769444444,-79.762769444444,CA,Canada,North America,Oakville
of_ArxiHJthCQnaMh6IYBw,6.231931,-75.5771871,CO,Colombia,South America,Medellin
5VxfxAjVzGRbT5DC1mpJgA,-41.30764,174.778009,NZ,New Zealand,Oceania,Wellington
RQjKvhen-Lt9bV-jh-BzDw,50.086699,14.436764,CZ,Czechia,Europe,Karlin
UUKpEsNfkmUshk_QmtoEiQ,52.211273,21.023762,PL,Poland,Europe,Srodmiescie
0vflPRzTq-FYQ0J3my2vGQ,29.7778202,-95.27829902,US,United States,North America,Jacinto City
MHBg7pD8zlivtwjbnFeB9A,41.40464733,2.20774207,ES,Spain,Europe,Sant Marti
FPr0xRyB5BjYZjKy_U5uFg,50.8863408,4.7294247,BE,Belgium,Europe,Leuven
CrCf88hb1xuUCvwZSsb4Ww,47.6224136,-122.3283213,US,United States,North America,Seattle
oCOI3chO9NRHsvyHY548Rg,5.3388516,-3.9957616,CI,Côte d'Ivoire,Africa,Abidjan
mknYb1tFbAMN0BvGq_rcmQ,-41.28872841,174.76189909,NZ,New Zealand,Oceania,Kelburn
_jHzOQxwSweUHAdR5YSByQ,55.862906,-4.261218,GB,United Kingdom,Europe,Glasgow
gezY489W5RPpSEMdUxmNFA,55.4383835,8.3920253,DK,Denmark,Europe,Nordby
fuuw6sESYJu7ulCW_l4oRw,40.500677,-3.658805,ES,Spain,Europe,Las Tablas
GWhMU6eRXJwWF7fraKBohg,60.1677239,24.9392413,FI,Finland,Europe,Helsinki
SkDsJ4qgJYe-9ve3fLqnUA,51.33198139,12.39584049,DE,Germany,Europe,Leipzig
MyusQnoLP84Wv3sgOgJ3IA,36.3125201,127.5715077,KR,"Korea, Republic of",Asia,Okcheon
pZz1BSdw7aUgWAECkpwdSg,47.316192467697,18.911436600611,HU,Hungary,Europe,Szazhalombatta
Mc43RqqG_huyXyU5f-1KLw,46.949537,7.435931,CH,Switzerland,Europe,Bern
Yi15Vu8RRoS32n0J6FLj8g,33.94599225,-84.49900171,US,United States,North America,Marietta
9DI8LiVEroPzdCr-ZKQo7g,29.63195058,-98.45908221,US,United States,North America,Hollywood Park
Y6GOZAYJajMh4J_Kc2Cd-g,34.081984,-118.378697,US,United States,North America,West Hollywood
4b_djKcxmHBO3acuE0pRww,-33.4417723,-70.6606896,CL,Chile,South America,Santiago
9ZYrvatwApKvERkeH6Q7_A,41.890997,12.488347,IT,Italy,Europe,Rome
U07U0-koIqXB-n3upAVccQ,51.329172,12.380142,DE,Germany,Europe,Leipzig
zrwlWkfQHVCn3mYKo9DVUw,41.403411666667,1.77924,ES,Spain,Europe,Sant Sadurni d'Anoia
PIcToigq0Xg20n_7JduOzg,35.892486111111,-83.900558333333,US,United States,North America,Knoxville
rIPLxSYPabzgoiXQbjCHHw,47.526857689954,19.039920950308,HU,Hungary,Europe,Budapest III. keruelet
4ORM4PlY5oqj87ldaS3i8Q,52.042852777778,4.3636472222222,NL,Netherlands,Europe,Ypenburg
sOKRZcYtK1emkAUGE3ejNg,37.790327,-122.4002903,US,United States,North America,San Francisco
gJF0GccOjDtfLDAe9knPRA,-34.88886754,138.56946622,AU,Australia,Oceania,Allenby Gardens
ubZVqRIJajZhNLuk2tvEjw,12.12541302,-86.25810841,NI,Nicaragua,North America,Managua
l0rDnEX_sLNVcGehi3xDvw,-36.97441791,174.78902814,NZ,New Zealand,Oceania,Mangere
DqwkTOWPPFtU7eb7wWOGrg,35.661141,139.727912,JP,Japan,Asia,Tokyo
zMSJw7pi6MH7R2ZIQa-Myg,38.9125759,-77.04487744,US,United States,North America,"Washington, D.C."
xWngeK3X1HNyXL9ntXkpzA,60.171208153479,24.936211640015,FI,Finland,Europe,Helsinki
av8ofnqIzk3h-oTWgXHTaA,43.372244444444,-79.724447222222,CA,Canada,North America,Oakville
xLLryk4LH4fgZ0vrXsFIAA,51.494172,-0.146898,GB,United Kingdom,Europe,Battersea
DWQyFYntkWP9zpScpm2lAw,43.09691598,-89.51154197,US,United States,North America,Middleton
IHEWRqh4LU29eyEiCxYmcg,43.300101,5.366565,FR,France,Europe,Marseille 02
MxL3ksUNM6-17oJce2RTFA,30.10673522,-82.64937917,US,United States,North America,Lake City
V_8PXTIw3GmBpZEdJcnCFQ,43.057293,141.341125,JP,Japan,Asia,Sapporo
ZWm6zSWASTQyemT7ojDXZA,56.81821,60.583633,RU,Russian Federation,Europe,Yekaterinburg
2ha6MLydJ1cYhTCUHK5l8w,37.674258055556,-122.115435,US,United States,North America,San Lorenzo
XUvTprox5XcgevfFrhLQyQ,33.92901274,-84.50892519,US,United States,North America,Fair Oaks
AbyeGiUSbtBAS7rqbcQsiQ,44.020919444444,-92.463927777778,US,United States,North America,Rochester
2pK7CmrWVmXT4yAd17SPCg,40.42094097,-3.71470427,ES,Spain,Europe,City Center
iStTIwaF4ucuEsB_VQ8xxw,40.4582275,-3.7007689,ES,Spain,Europe,Tetuan de las Victorias
RnroU9ZvaozRiUpoGglBHg,13.713504648058,100.56008112638,TH,Thailand,Asia,Khlong Toei
Z0E24EWzpWAuitDCa0pxHw,35.912409,139.38721,JP,Japan,Asia,Sakado
WxigV7VWB3OtdOO2Bv7DBQ,43.6881548,-79.6174854,CA,Canada,North America,Etobicoke
AxGI44fQi4vd2Js9ehFMYA,51.034036,4.475,BE,Belgium,Europe,Mechelen
Zfwfhuc19RPbPRq6z2aTFw,-41.28794502,174.76832072,NZ,New Zealand,Oceania,Kelburn
Qt7bxDcVJKNdbsnB7DfdBg,34.888766,137.35314,JP,Japan,Asia,Toyokawa
73EqbgwsL4tyhCBIA0xYSA,22.250426666667,114.172405,HK,Hong Kong,Asia,Wan Chai
zm8nwg9iddwGGgdTOFPPZw,45.47616435,12.25029434,IT,Italy,Europe,Mestre
N9bSA9lflpyyyEfdXFEn5w,50.81117211126,4.3824937064155,BE,Belgium,Europe,Brussels
to1BmpkuC3tb0ZPosyZ3ig,-34.6125284,-58.5270904,AR,Argentina,South America,Caseros
TzNAhXRGjNO0_2MM9Mpuxw,37.469888,139.849864,JP,Japan,Asia,Kitakata
WEPcHH5bliqB9SF1vFKMvQ,59.920955,10.766664,NO,Norway,Europe,Oslo
dR2vSaDB7Kq1W34ZqTkp9w,50.83347203024,4.4311008461647,BE,Belgium,Europe,Kraainem
vvS06nKvLYbjVrLUU4_90w,36.129636,-115.084737,US,United States,North America,Winchester
cYnS0S-c6LQUTnq713POmA,34.923437,137.53883,JP,Japan,Asia,Shinshiro
8icaKhZcsgRJZg-mf85qlA,48.859734044924,2.2790552693111,FR,France,Europe,Neuilly-sur-Seine
UE1_V8t4KJvHnQEsusPBTQ,48.24394115316,16.412525031005,AT,Austria,Europe,Vienna
3iccLjJIeZ8DQj6JyBYISg,43.651425,-79.367458,CA,Canada,North America,Toronto
4IGmCkkVD-AxlzVHAYyYfw,39.729807218537,-86.154485503212,US,United States,North America,Indianapolis
gCuv2VTbTyaGs1l5i4fNYQ,35.653094,139.754991,JP,Japan,Asia,Tokyo
TztjUbQtI4pr6aitUeT1kQ,33.877283,-117.919266,US,United States,North America,Fullerton
IZ3mj5IcxoWgCq63Iyfn5A,-23.566314,-46.684515,BR,Brazil,South America,Sao Paulo
WOmZ7c1TBIBWMA8y-0KOFQ,39.354493,-76.576196,US,United States,North America,Parkville
dvHAThmqrmJqEaTe5CpUKw,-15.806803,-47.951568,BR,Brazil,South America,Brasilia
IQSgIEs_5kaWoiupQeek8w,34.956033,135.76865903,JP,Japan,Asia,Muko
TcVl0UUi5lGGn4H7h2RC5g,50.077067588739,14.30474048888,CZ,Czechia,Europe,Hostivice
N4DAXXa3mjKi29YB-EZ7LQ,-30.042261020659,-51.232544656164,BR,Brazil,South America,Porto Alegre
9pR8DumVdGyTii43rU1X5w,29.763423,-95.50104,US,United States,North America,Hunters Creek Village
c2Q82UYB-No076bK_6btPA,35.371146,137.676356,JP,Japan,Asia,Iida
jM31zj67ADEHRrD1uvHAgw,51.514336,-0.084566,GB,United Kingdom,Europe,City of London
eZgNIWldNIGFjAKKf-klhw,51.131608185155,71.495179515685,KZ,Kazakhstan,Asia,Astana
rsCs90haG2V0RB6Ea_nT8w,56.11799895,-3.93449695,GB,United Kingdom,Europe,Stirling
4PI5_75RrOGXUl8C2pwvzQ,53.4012069,-6.2637882,IE,Ireland,Europe,Ballymun
OQNgMeuLq_EX7Ym3JMu4Fw,50.844071,4.345691,BE,Belgium,Europe,Brussels
QEDiRuwtsGOe7UGLiPR6Dw,38.903721608549,-77.053344767845,US,United States,North America,"Washington, D.C."
kz-TiPxcRh8gXF7MumRfQw,33.44765587,-112.08261853,US,United States,North America,Phoenix
xLRqeWLqMQFsCUkBCHMmjA,4.6202896813889,-74.074824023889,CO,Colombia,South America,Bogota
ZBzdV9x9U-T4r4MBMW6rzg,35.503485,139.480303,JP,Japan,Asia,Minami-rinkan
b0Ko4QZ4lcF2P8NkLIYxkA,50.838644444444,3.6076805555556,BE,Belgium,Europe,Oudenaarde
KhO8AGJkxu3_NigQSWjNFQ,-6.7573888888889,39.27605,TZ,"Tanzania, United Republic of",Africa,Magomeni
az5Vu0iPROeMfA2npH5-4A,57.9408035,12.5237806,SE,Sweden,Europe,Alingsas
Xe1bLCBAK8n-moNvOTMqog,4.6328201236111,-74.063894105833,CO,Colombia,South America,Bogota
Sml5X1ov4HAWpjp5oyK2dg,-33.867594444444,151.19599166667,AU,Australia,Oceania,Balmain East
7JnUammN2kJT6lOG14DBog,-33.886808,151.219543,AU,Australia,Oceania,Darlinghurst
Ykommogpbo45Wks_ZuRSpw,35.917367,140.096252,JP,Japan,Asia,Fujishiro
wjp_tG4Hyg4qhNK_mhMXzg,37.689442,140.474895,JP,Japan,Asia,Fukushima-shi
nMMCou_0sgmHGLod_ovp7Q,34.050356,-118.250451,US,United States,North America,Los Angeles
uHICA7gvbVBEA3E-Qa84dQ,38.885688,-77.021962,US,United States,North America,"Washington, D.C."
F9Gw_cCqdaX5fkFfepmdmw,51.795913,0.921098,GB,United Kingdom,Europe,West Mersea
0Y6iyzSFXrFemKXupjt5Vw,9.940339,-84.0828271,CR,Costa Rica,North America,San Jose
4cJSKOf8-esMkDnZqzZklQ,40.443317,-3.711491,ES,Spain,Europe,Chamberi
NRbsi8SFBqhYIH1SmbLWfw,35.002165,136.658597,JP,Japan,Asia,Yokkaichi
VIosVdj4xlzG2RPsLAO_XQ,50.04754267,14.45124585,CZ,Czechia,Europe,Vysehrad
Bipxr4n7D8ATNC6swpdyjQ,51.363233333333,12.267722222222,DE,Germany,Europe,Schkeuditz
yR5jD_R7fIyTJm4GhI4tsg,51.331044444444,12.390675,DE,Germany,Europe,Leipzig
fGUtaIBjHSXh3wDBVAFF3w,45.536844,-122.630658,US,United States,North America,Portland
dd7uC_JL7JtsWMwgKdY8mw,52.63831009157,-1.1084310058504,GB,United Kingdom,Europe,Leicester
5R0csfphhchg7Xt7Krb5ZA,51.515269444444,-0.091730555555556,GB,United Kingdom,Europe,City of London
CFKmsJBNfof2tGqQb_g7cA,47.458267759924,19.052283055556,HU,Hungary,Europe,Budapest XI. keruelet
UtOUH4Bt6yW99z2SJD9JQA,50.078826882214,14.404272965346,CZ,Czechia,Europe,Mala Strana
ayB3hWWJEj4smCbj5Mln_g,22.219483333333,114.210435,HK,Hong Kong,Asia,Wan Chai
k2fvDYG8zpnZgOHTvtypDQ,37.475018,140.391556,JP,Japan,Asia,Motomiya
UBKquv8GJ68wCAaJjOQKwQ,-34.906191666667,-56.200988888889,UY,Uruguay,South America,Montevideo
Cg7XAEp59heLH2SaeH1O_g,-17.8112576,-63.1617068,BO,"Bolivia, Plurinational State of",South America,Santa Cruz de la Sierra
klrFi15yG2gCTQPfEertHQ,38.813905,-77.04256805,US,United States,North America,Alexandria
KuhfdQlhHmZw21xLXCAWEA,38.12521984,13.35527128,IT,Italy,Europe,Palermo
l8XkgpkqSbELeIw3LJxc1g,34.9427837,135.7125786,JP,Japan,Asia,Muko
FQdKVzkww2zxndjvdjnFgg,-34.58890523,-58.39077278,AR,Argentina,South America,Retiro
p5M5ZO6sQ6sNKz7sFmvBng,35.354735,138.98863,JP,Japan,Asia,Gotemba
oixSUPQ-13xb83kaUis3JA,35.343054,138.979711,JP,Japan,Asia,Gotemba
o1bLKgyhyY6Ar3wWWannkQ,33.993366,-6.839079,MA,Morocco,Africa,Rabat
qFW7U1TuNeWgOOg7zhBFSA,38.96272569,-77.01588935,US,United States,North America,Takoma Park
ZSXBBqi9UJdQvJRn3zhkqA,-37.8011281,145.1587166,AU,Australia,Oceania,Blackburn North
sqMgLkszA0-zK7168sNsuQ,56.421551,9.404253,DK,Denmark,Europe,Viborg
_0P04ZWQtMtPMwx3lgLdWA,41.154388,-8.626883,PT,Portugal,Europe,Porto
J997xUVuD1AeRd80WOK7qA,-17.8061491,-63.2124245,BO,"Bolivia, Plurinational State of",South America,Santa Cruz de la Sierra
eQ8CbqAuHRvBv5YQOrbJOQ,60.16234869,24.91039589,FI,Finland,Europe,Helsinki
PDwmBxqMHKgwvNr90TvoNQ,43.045512,142.651897,JP,Japan,Asia,Shimo-furano
uPTn3CqY4cu52aV3pHfr5A,52.401680666944,13.046637978333,DE,Germany,Europe,Potsdam
qiqDLJ8cfYRU7YWcr_Jg0w,47.505007996224,19.070983780548,HU,Hungary,Europe,Budapest VII. keruelet
I4ha7FzwcST0drOZa9jnJg,40.438803,-3.693142,ES,Spain,Europe,Chamberi
jfoEfulBv-MNA8o5juOmsQ,33.5241082,-112.0994645,US,United States,North America,Phoenix
4AFnYQ4ubgG5PGLYOpfwrQ,25.0843067,55.1979033,AE,United Arab Emirates,Asia,Dubai
Bu4UC1XSmRUr2YWl33wtIw,40.4713534,-3.7105552,ES,Spain,Europe,Tetuan de las Victorias
3UGJMqvLUNh7ELSv28dYEg,42.353456,-71.059253,US,United States,North America,Boston
wmLF0m3kans8REnd4XKlxQ,33.4203885,-84.1729064,US,United States,North America,McDonough
qXulgFkhPN1b540bfGUfpg,59.3385283,18.0444566,SE,Sweden,Europe,Stockholm
emMEGDw8CnOM6Nv-sTBcTw,51.69625613,-4.94014723,GB,United Kingdom,Europe,Pembroke Dock
-hmu1FE9MafhXIYgqW89-A,50.10414722,14.58882391,CZ,Czechia,Europe,Cerny Most
he3agy17ccPZYlfpQWFO1Q,-33.92985405,151.15642856,AU,Australia,Oceania,Arncliffe
P3v_5i8KZS-ZeZ5AW7NFXA,50.82704683,-0.13473551,GB,United Kingdom,Europe,Brighton
gBUQ-qJs2kTMifWEG5SEhw,60.18048117,24.94781726,FI,Finland,Europe,Helsinki
mURdvO8w-pV8dqsqLntWCQ,43.518591666667,-79.877447222222,CA,Canada,North America,Milton
aZYPstTk90i_6K8FEQFo_g,45.42839501,-75.71661262,CA,Canada,North America,Ottawa
bNgGuWCqjl4LjlaQ9JPvKA,33.98051061,-84.55873667,US,United States,North America,Marietta
29Kwey4TTRKPTxSXZLsi-Q,35.151593,136.897469,JP,Japan,Asia,Nagoya-shi
G7SL3pKar5rYB-m5Jh-isQ,32.72992974,-117.14717867,US,United States,North America,San Diego
I-XECF_7frJYdRPxDMq5tA,35.476832,139.710055,JP,Japan,Asia,Kawasaki
vSNDb8v5TS6sMgJvqZufHw,38.909056,-77.255826,US,United States,North America,Vienna
eMD8OdouRmaHtdbQOQgH4w,6.2481581,-75.5810447,CO,Colombia,South America,Medellin
C1FShQ8A6zQdhh2QMFBZRw,40.6293863,-74.0766195,US,United States,North America,Bayonne
8kwjZFPzFpiP-lBWF_gt6w,55.949656,-3.192747,GB,United Kingdom,Europe,Edinburgh
_ncL9fEPz6S__wnapNxzAA,37.525097,139.918594,JP,Japan,Asia,Kitakata
Nm008LErIUMFR0vIbS-h_w,-27.48114803,153.01206447,AU,Australia,Oceania,South Brisbane
wn9n5GzGIreX8Zh-pKpU_Q,52.236077,21.021823,PL,Poland,Europe,Srodmiescie
pxk20aIXE_zvG5sdsqDUQg,42.053328055556,-87.690023055556,US,United States,North America,Evanston
m7JESBYBkdF5tV4i3xsClg,48.201539451193,16.373772111536,AT,Austria,Europe,Vienna
wG_KUY743OkU5T39SdXb1w,36.023609,140.305467,JP,Japan,Asia,Inashiki
T1vvpVpHweHZlwsuBmS3Ow,48.212360269997,16.374656079997,AT,Austria,Europe,Vienna
Z5w3KXi7b0B5XlHwAe3sdg,1.300183,103.845846,SG,Singapore,Asia,Singapore
Dax5hN4gArn2Q9VlVFmblA,-27.436476,152.943345,AU,Australia,Oceania,Ferny Hills
fQoSHlRKUQFTQ2owxJDW7w,40.751943,-111.86578633333,US,United States,North America,Salt Lake City
W66_i3NBc8bUFcprV9SMRg,29.60670161,-98.60007543,US,United States,North America,Shavano Park
AsbwGPdF6qt5I8aNfL7gyw,34.969052,138.382882,JP,Japan,Asia,Shizuoka-shi
6BdqyMuIlQIp4HtFmFjYig,43.025958333333,-88.036902777778,US,United States,North America,West Allis
LSvEIFiW3tqMIWnsNhsi4Q,34.95541639,135.75198755,JP,Japan,Asia,Muko
NsqQXecaobRwTjjV0qwGiA,43.701333,7.272821,FR,France,Europe,Nice
40k06pvYPOOsDXidUhMLxA,45.436992114167,-75.703180208611,CA,Canada,North America,Ottawa
8HIEYREVtNobE_cuaZ0UWw,52.355293,4.84285,NL,Netherlands,Europe,Amsterdam
VMUVLw_IL49ZlCrDP628GQ,-0.210455,-78.437455,EC,Ecuador,South America,Quito
Acr2JbvvwzMw8jvnMNA0VA,53.4040647,-6.2766041,IE,Ireland,Europe,Ballymun
guo31K7JGz0YBTIYCkW-8A,50.019799496177,14.406948396229,CZ,Czechia,Europe,Modrany
bRHzexLVpc90XzS-fQVLKA,40.488268,-3.697508,ES,Spain,Europe,Tetuan de las Victorias
pb0bhzO_3EJA43JuKE7ZMA,-36.91730337,174.82411958,NZ,New Zealand,Oceania,Tamaki
vQ22j5D-LdnBeHoTEtCmoA,-43.536464271374,172.62447898206,NZ,New Zealand,Oceania,Christchurch
ZR1Te5lSc8I8LAY07TH_HQ,4.5327143353461,-75.664202447855,CO,Colombia,South America,Armenia
1Wk0QXAM4ePOrdvwoL6VIA,59.979483,10.994808,NO,Norway,Europe,Lillestrom
g1m7azN-wt_9-2ptH5TTBQ,36.7387302,138.0856287,JP,Japan,Asia,Nagano-shi
IhtdrDifIGk2KVQXbIp6xw,40.4651624,-3.7191189,ES,Spain,Europe,Tetuan de las Victorias
XvTo9_ydIC03womUIlGK4Q,50.093244,14.397962,CZ,Czechia,Europe,Mala Strana
THzdWiePiNn3LjxPtePuNw,-37.809538888889,144.98670833333,AU,Australia,Oceania,East Melbourne
zIa42cgedZ6Elyn6ty4Vxg,30.5058874,-87.1625273,US,United States,North America,Ferry Pass
Sx2ZJfxcWHWQjkI36xZAIw,39.66940437,116.34851081,CN,China,Asia,Xingfeng
0HwPe3WZoAV8C31Vp0t2ew,48.865849,2.384219,FR,France,Europe,Le Pre-Saint-Gervais
bblejp-QMgSRRiJD1KWnTA,35.971352777778,-83.919538888889,US,United States,North America,Knoxville
YHkOjK9b6tVHODBJDatMEQ,47.9302519,-122.1003205,US,United States,North America,Snohomish
N0Clw0XXQi7RpuZMI9agOw,29.78480189,-95.66907242,US,United States,North America,Mission Bend
tPJ-zxLuqp4Iux3adOhSsQ,-37.7958091,144.9733783,AU,Australia,Oceania,Fitzroy
e0acaSbMuSghrBLrnPG0YA,38.13123,13.360465,IT,Italy,Europe,Palermo
8xrhHOMq9-P4Wx9QQCBjRg,48.84518327,2.27660605,FR,France,Europe,Issy-les-Moulineaux
0BnTnWw-k6k8n5BtvusKbw,36.037616,140.22526,JP,Japan,Asia,Ami
Nmea5mxEswea_OGit9z_8g,48.827313,2.300958,FR,France,Europe,Malakoff
qmepsEbEA52-OJbXuUBwoQ,22.457437,114.148787,HK,Hong Kong,Asia,Tai Po
FDFMQMwdHw1r5mo6sMbs-Q,60.17059418,24.91261758,FI,Finland,Europe,Helsinki
oKlb5xxOIpOsvHdgwn6kkw,47.391755555556,8.5272305555556,CH,Switzerland,Europe,Zuerich (Kreis 10) / Wipkingen
P-pwQKg8qbsJk6-Gn2FNcQ,52.371148,4.912841,NL,Netherlands,Europe,Amsterdam
cAcdmuHwbTw9DLUvK__zkg,-34.90541933,138.5320548,AU,Australia,Oceania,Findon
u136m63c3H-dHKAk8Ua5yQ,52.3738627,4.883192,NL,Netherlands,Europe,Amsterdam
oAxL-ANiYkkmLaw2XfvJLw,-34.609392,-58.37641,AR,Argentina,South America,Buenos Aires
jNqP-shFuacamGVkM0rTRw,1.298686,103.848294,SG,Singapore,Asia,Singapore
DjHwA6ha25dg8koyfKIh7w,55.843048369019,-4.256674049621,GB,United Kingdom,Europe,Glasgow
Zf9sVlCCC-rfjokx6gGboQ,53.3425467,-6.2645679,IE,Ireland,Europe,Dublin
lhcO4Mis5abhkD2onf3ljw,35.607675,137.181157,JP,Japan,Asia,Mitake
vhkXIKoumeTWtM_q3V8kQw,-33.923586814402,151.18399061161,AU,Australia,Oceania,Mascot
AiuMtN3yIZtkRF-eMJtIHg,51.5946671,-0.6302908,GB,United Kingdom,Europe,Beaconsfield
1GyeWFxH_NPIQwgl0onILw,38.713261666667,-9.1395583333333,PT,Portugal,Europe,Lisbon
OJQeCZd77ZYD1_sf46mDEg,35.816122,139.92571,JP,Japan,Asia,Matsudo
tNgZaegvdBVV8UkAjtSOAg,51.5160333,-0.2264922,GB,United Kingdom,Europe,Hammersmith
iCRkbpZO6YTI9Ki992zJ-Q,37.793288,-122.398976,US,United States,North America,San Francisco
KZVGWJ9PScdmjRSt4QPaDw,50.0542536,14.51567538,CZ,Czechia,Europe,Vysocany
jfnBX3JcqE2EHzq8f5Kelw,25.889076,-80.150538,US,United States,North America,Bay Harbor Islands
BoCWkvoYfuHTM13zFWUovA,40.760609,-111.874214,US,United States,North America,Salt Lake City
mZlbhcLUQqBkowkhbsItEw,43.432427,-79.7742695,CA,Canada,North America,Burlington
UjyCzANXCV_ubapp7686OA,51.32771823,12.39879179,DE,Germany,Europe,Leipzig
lwph1ZYJ-GIVUfhw87A4_A,-23.10173065,-47.22930582,BR,Brazil,South America,Indaiatuba
6W5OjIqpMDfPWudZKaxQqg,36.14609,140.21076,JP,Japan,Asia,Ishioka
wzVLZJIouGOGpnuRv7yFyg,41.888374,12.494018,IT,Italy,Europe,Rome
BIj9SDnKy6TCuvwgeroIFg,47.397251,8.530981,CH,Switzerland,Europe,Zuerich (Kreis 10) / Wipkingen
EdRo8u-DBmTItvJGRp4RUA,52.46432345,13.33562028,DE,Germany,Europe,Steglitz Bezirk
8ar13V_6c15rK13fXKBElg,39.77949554,116.54500131,CN,China,Asia,Jiugong
3BsjwktSq0pw-LQmogl5YQ,33.530982,-112.052748,US,United States,North America,Phoenix
Al9RTAUkkb_knL7oPAK47g,47.625517622711,-122.35608457162,US,United States,North America,Seattle
q0GhQpk20wJm1ba1mfwJmw,47.7047717,-122.3553412,US,United States,North America,Shoreline
-kOISu1NOUW937bAk00V9w,35.082445,138.858212,JP,Japan,Asia,Numazu
kbdmXDP-6X_gr71jaEPLmw,-36.88658,174.700014,NZ,New Zealand,Oceania,Rosebank
s9HgxGejiBu5fVVlVGsu7g,-13.15982274,-74.22497906,PE,Peru,South America,Ayacucho
OPE9PtLYIJhEPf_ZOSiMZQ,35.575694444444,-82.567694444444,US,United States,North America,Asheville
uvlDoFzSjqkOq78bvrL1eQ,-43.534346729101,172.63579450687,NZ,New Zealand,Oceania,Christchurch
5faiV0rFpkAzI2HDufA65A,48.880135,2.359953,FR,France,Europe,Paris
VeAcTG8eW2_aYAgmF9fPow,30.351978,-97.591057,US,United States,North America,Manor
Sd0Q9GO4Ia4BWavfBGi6_w,47.437833,8.570634499972,CH,Switzerland,Europe,Glattbrugg / Rohr/Platten-Balsberg
EJY3sZPxjeKRmOpw9KSLhw,35.14577,138.865614,JP,Japan,Asia,Numazu
IRwKB3qyzqCzxQPJRNwBkg,36.077774,139.642022,JP,Japan,Asia,Kukichuo
Aq6RaMtY-m4HQqoAlaodPQ,40.635086388889,-74.294954722222,US,United States,North America,Winfield
xs3odfESq_eTJc5Hgr5pfw,64.104658333333,-21.887441666667,IS,Iceland,Europe,Kopavogur
lPtxRnrF3EfAnpz_GApn1w,-29.2986836,27.4766934,LS,Lesotho,Africa,Maseru
sB86Hmz2cuoUgVxC4I7kYQ,1.321116,103.823299,SG,Singapore,Asia,Singapore
TFWu96wg80WOLo4g8IjmrQ,57.14695492,65.55259972,RU,Russian Federation,Europe,Tyumen
REuoV8LgmWMSwwIGdlinWw,35.414344,139.320421,JP,Japan,Asia,Isehara
ajmsKGdNcY0SocBqtXp7ZA,34.012223,-6.852781,MA,Morocco,Africa,Rabat
v8OVi-SR18xD7DZEoHERVQ,39.325823,-76.615296,US,United States,North America,Baltimore
mufadSgFQMhcSdJYEVKajg,3.1348607,101.71923153,MY,Malaysia,Asia,Kuala Lumpur
gLcCgsjwyf1YNLTZTX5h-Q,30.4685004,-87.3041644,US,United States,North America,Bellview
_dSsQg3QHNkJeHv5knS7Dw,51.49447796,-0.0802469,GB,United Kingdom,Europe,City of London
veslR-xDL3-pjRzXeS8-BA,19.490817,-99.133541,MX,Mexico,North America,Colonia Lindavista
hz1aS9hMnQs76wP53RG-dA,13.746386084822,100.54439066377,TH,Thailand,Asia,Ratchathewi
tBR_ilFVTgSoKnaewhAmGA,-37.986232,-57.544614,AR,Argentina,South America,Mar del Plata
-J0nkDaw7C0woFaCoUKZnQ,40.759981,-73.967602,US,United States,North America,Manhattan
aItEAEAV4hB4f56Oj4XFTA,35.0443,138.490241,JP,Japan,Asia,Shizuoka-shi
e7GRgrtX1ggk2qDTWQX66w,36.152917,139.980498,JP,Japan,Asia,Ishige
_MWhzKeTVxfXGYsANf19iA,42.3499,-71.058473,US,United States,North America,Boston
v8oObg7kqsJW5VuOJ00G0g,34.037855,-118.261958,US,United States,North America,Los Angeles
CSwDuPmPOanEpP8vDNIurw,55.688055,12.54171,DK,Denmark,Europe,Frederiksberg
QQp3ag1701TkdgJyL2EN1g,36.103368,-115.172798,US,United States,North America,Paradise
w5KFKsu8cSRyj5BX_Z7rYA,59.89433936001,10.757094719973,NO,Norway,Europe,Oslo
7T9Wrc_GjqXARIVoQDtCfA,40.5974899,-74.0927627,US,United States,North America,Staten Island
E5XyvQ19ZpRKWVYleEMsHw,51.462492,7.078735,DE,Germany,Europe,Gelsenkirchen
C_P_Z-mnUfXe0TelDD0FwA,52.387263,4.8993390000001,NL,Netherlands,Europe,Amsterdam
4yzUS-zNqbBrfYv3w_KEhQ,43.553236111111,-79.697477777778,CA,Canada,North America,Mississauga
FG62nkTs2BXMUot017076w,52.16054,5.404687,NL,Netherlands,Europe,Randenbroek
E5BJMHmkB85RXpcuSV8uXw,52.250082,21.007903,PL,Poland,Europe,Warsaw
PS1kEEnwwCgsCOdfSSk1wA,-36.890143,174.759747,NZ,New Zealand,Oceania,Auckland
gdZStUXM39lvt8dDTLqAPA,35.683044,139.789321,JP,Japan,Asia,Tokyo
MohnuqS6QfLbEb486-Ut5w,52.22772,21.001654,PL,Poland,Europe,Warsaw
G3VKp11dHC3VF7v6SJ8uaw,59.922014,10.715356,NO,Norway,Europe,Oslo
Y_PBluj5vJdYnfV6N8qxSw,24.706608,121.174526,TW,"Taiwan, Province of China",Asia,Daxi
-gQj6MFElvWSGDLGgrZpmQ,47.182305728851,-2.1505462063153,FR,France,Europe,Saint-Michel-Chef-Chef
Zuw1UneI7eVG278tQjNtOA,-34.9086212,-57.9579322,AR,Argentina,South America,La Plata
RqoppncqOWckXBXUE2kofg,38.90106803,-77.05701794,US,United States,North America,"Washington, D.C."
WE4AE8GzPsQM052CLJ4nFg,47.505854400806,19.07222581096,HU,Hungary,Europe,Budapest VII. keruelet
x2o4BPQM3O_XR6vS7L8MQw,-25.42657527795,-49.267924327514,BR,Brazil,South America,Curitiba
ZKhMCBlWsmL6zcx1oqpryA,-23.512263055556,-46.690511388889,BR,Brazil,South America,Sao Paulo
y60iN5arr4FyynmkDeziqg,43.048289,141.470498,JP,Japan,Asia,Ebetsu
GCBqObaR0kchcWZuCvOzPA,43.073428,141.405453,JP,Japan,Asia,Sapporo
RxawVahjL7iXx-zB3q00gw,-27.449685,152.946658,AU,Australia,Oceania,Taringa
Kh4zFhiEHaAJKEb8nOqWAA,53.494318155572,-2.2150698769838,GB,United Kingdom,Europe,Blackley
Z5EUwFhuDnM6YrRqOvXSIw,59.36240174,17.99905316,SE,Sweden,Europe,Solna
_Ba86akFyq30eg3aJI8lng,42.868997,140.748072,JP,Japan,Asia,Niseko Town
jPf4K7hZUN8l3_JZgb08cA,-22.9706864,14.4996113,NA,Namibia,Africa,Walvis Bay
ZB3RGov7DwBTr6VL3zl5wA,47.49890462961,19.080520458519,HU,Hungary,Europe,Budapest VII. keruelet
WRyo_v1zI-5IiEuXTfaDWw,-27.414277,152.956811,AU,Australia,Oceania,Ferny Hills
dvuqzBjSjywEPhcA3K0CzA,52.37811,4.89117,NL,Netherlands,Europe,Amsterdam
kRis0RukInealTAM1SDxDQ,52.490641666667,13.333080555556,DE,Germany,Europe,Berlin Schoeneberg
HD2gu9Jz7D88F4BlEERbpQ,22.372211951228,114.11013543606,HK,Hong Kong,Asia,Tsuen Wan
N8BJ7dTU-03iZt5Zw7wdTw,52.384235,4.694857,NL,Netherlands,Europe,Haarlem
c7oD34igepEi76HuUR1tcg,33.95889161,-84.54314053,US,United States,North America,Marietta
TlIv7YW99nPbokYdbp_mqQ,-29.999150555556,28.153560277778,LS,Lesotho,Africa,Nako
KKDRp9iAiHlHw2u7XcYKxA,45.66806018,12.22511955,IT,Italy,Europe,Treviso
eHfrh0ioqhfvyym-ZVJOkA,3.489026,-76.493702,CO,Colombia,South America,Cali
Lsh5P728lz6murHbNkHhmQ,35.047762084444,138.51613482917,JP,Japan,Asia,Shizuoka-shi
fqd6UANZNQnVs2qKkZgL6A,33.87657332,-84.45630436,US,United States,North America,Vinings
W6sy_t07bjJAxRbLKa1LYw,51.500478,-0.116838,GB,United Kingdom,Europe,City of Westminster
sVjEKYQ2zrT9DvV2jkHh0Q,41.9028013,12.4972656,IT,Italy,Europe,Rome
d9w1YfVFdY-si9eb09VpqQ,34.126812,-118.091582,US,United States,North America,San Marino
pZ3Ij0k1Q0KK8Nf3-TgtpQ,36.080989,140.200421,JP,Japan,Asia,Naka
QPdZPTGMhbCeua2XOXIniw,33.553016,-112.082577,US,United States,North America,Glendale
sLhpQMqfnl7-wnpt79tTWA,-37.815388888889,144.99078333333,AU,Australia,Oceania,East Melbourne
5NRtkU219muas5qb_5yBZQ,48.852208,2.369726,FR,France,Europe,Paris
xl-EPFO3QfAJiZ2sSaZ5HA,1.362137,103.780158,SG,Singapore,Asia,Singapore
zQnPJ0lmNabQOpbKJZ3n3g,34.939853,135.7117385,JP,Japan,Asia,Muko
CyGZYdtCXHAUIF_bvlEk5w,33.2714563,-84.1022586,US,United States,North America,Locust Grove
T0pz5D1LB3vOGk3erd0KaA,43.641569968417,7.1385030601589,FR,France,Europe,Cagnes-sur-Mer
HNiCB5Yjy6PCuqcrS8N1bA,37.613068,139.882541,JP,Japan,Asia,Kitakata
LSUZHkj0utqzsaTzlAuUlA,43.378766666667,-79.766019444444,CA,Canada,North America,Burlington
8446-5wKg19t3pVr4qPiIQ,34.975937,138.395452,JP,Japan,Asia,Shizuoka-shi
VLuFJRwHqZkwkojvUIXKTg,-33.893127,151.207064,AU,Australia,Oceania,Redfern
RwQaY61jZQPPbqBkRUncTg,48.19281265,16.35525994,AT,Austria,Europe,Vienna
s2wOALW2vpODdUYughdaAA,33.993056,-118.473259,US,United States,North America,Marina del Rey
br3TLOPGwuOEN6t4QC3z8g,48.18927364,16.41121164,AT,Austria,Europe,Vienna
fWcyKUpAGc2VaSs-wtVwDQ,51.350475,12.284861111111,DE,Germany,Europe,Schkeuditz
-xh1oIBGFpKz0J8nOBbeMA,48.8010092,2.333373,FR,France,Europe,Arcueil
vZa-JaVmcA4TNmrZMbTAVg,47.6910562,-122.3446161,US,United States,North America,Shoreline
d6dgw6Il9Y21-XwjxWLlrw,42.350953,-71.062695,US,United States,North America,Boston
7dzpAz74BOm7fjRNiecMkw,61.174680731624,-48.447427291211,GL,Greenland,North America,Paamiut
QOoxanJMdFRhsTdFxZ8rCw,52.206766,21.03104,PL,Poland,Europe,Mokotow
dPlysg5voHAIMInF9GVjEA,45.4395554,-75.7142733,CA,Canada,North America,Ottawa
yAnlWgFZDTjSpedZnmeCnA,35.683157,139.789171,JP,Japan,Asia,Tokyo
9ber5wERCE1z0uQYODtsXA,-27.45667218,153.03145037,AU,Australia,Oceania,Fortitude Valley
X9z72LPeoLvaBov5GgvELw,33.9531127,-84.65663128,US,United States,North America,Kennesaw
tD95ABJTAaen8y6Vf4kW8w,43.659232,7.190037,FR,France,Europe,Saint-Laurent-du-Var
hY6bpnbMpVq3r6BWR2NvuQ,50.889265,4.7310766666667,BE,Belgium,Europe,Leuven
83ONhfmTDvaVzxcekIyp3Q,51.34492,12.376717,DE,Germany,Europe,Leipzig
zNhzTeP1lWtmnxhIVsvWKw,33.5052463,-112.0474024,US,United States,North America,Phoenix
yOcTiEZk7XSWefg_MXXB3Q,39.382542,-76.578777,US,United States,North America,Towson
kjreTSorkeYrPBNMZhwSFg,52.3875757,4.9085165,NL,Netherlands,Europe,Amsterdam
0r6JSdkXKAAD7vKa_FAqZw,51.50172,-0.17337299999997,GB,United Kingdom,Europe,Bayswater
d24SCHcZGUF-gCDL8hJH9Q,47.504444690421,19.090128885582,HU,Hungary,Europe,Budapest VII. keruelet
ZpF15NecT8ZM82G1J5NJhw,34.886926,137.463282,JP,Japan,Asia,Shinshiro
kwogNNBuvmHUlS59fSBauA,41.91986893,12.46971857,VA,Holy See (Vatican City State),Europe,Vatican City
1e85s5_1ZlIyViktPa2pIw,51.57536357,-0.09845998,GB,United Kingdom,Europe,Harringay
l_6gXEU5XCGQN9uBZxoaiw,43.059152,-87.971296,US,United States,North America,Wauwatosa
dd8Awa3ovMS_b-InhNCW-Q,39.79195676,116.51327224,CN,China,Asia,Jiugong
kUUkp_f5oqlkmR0iDxp64Q,50.837485,4.3414416666667,BE,Belgium,Europe,Brussels
MFpVkDtqyCDd8vji7ck3EQ,42.361128,-71.053146,US,United States,North America,Boston
AIOH18yhmaEneva3MJNvGg,39.320121,-76.4548,US,United States,North America,Middle River
TkpDNpSYbkhhfjMu3US6_A,63.431684252109,10.359492052128,NO,Norway,Europe,Trondheim
qBOeVt6LjwGZK8AYsL1egw,35.089568,136.672059,JP,Japan,Asia,Tsushima
xoD7WpaAbNysvynOn6slrw,-12.053632,-77.037424,PE,Peru,South America,Lima
u3RRAcic_3Brj9m3XyDLXw,1.305307,103.824421,SG,Singapore,Asia,Singapore
KjZXnU33x24D1K9UiCmY5w,-43.535264863416,172.62566333042,NZ,New Zealand,Oceania,Christchurch
wgorUgbzY_mEFVGdOj1gqQ,-37.798852777778,144.98330555556,AU,Australia,Oceania,Collingwood
1x2rU_0GGfskEMiyB5SDiQ,38.900904,-77.051653,US,United States,North America,"Washington, D.C."
GO_5LlPUe8XXO_jjxoxN2Q,42.375537,-71.064309,US,United States,North America,Boston
2nWa6gaRL1XtQzgCSI7oDA,-34.58990083,-58.39371285,AR,Argentina,South America,Retiro
wsmfmOFwl9ENGQMgPLjjlw,49.005868333333,8.3495216666667,DE,Germany,Europe,Karlsruhe
vxrk2N5FOKYP6vzuY7gpHw,12.99385401,77.59716405,IN,India,Asia,Bangalore
b98EsDwnglIE__7jBkfkVw,41.94301,-87.639862,US,United States,North America,Chicago
O5C893OIZ8gYU20v4ZFP4A,45.52364031,-73.57651695,CA,Canada,North America,Montreal
JVZXmffBYSaPoeNBDHa5RA,-37.790583333333,144.99981666667,AU,Australia,Oceania,Clifton Hill
8XtQbq05g2cknPhZKlUFhA,48.19397496,16.38532628,AT,Austria,Europe,Vienna
DwsI8Y-ls4FKbwYhsnqjVw,33.90276581,-84.48718925,US,United States,North America,Smyrna
gMDszPQCGHHoAHpJLa-vRA,51.577996944444,-0.34263611111111,GB,United Kingdom,Europe,Greenhill
vY0_qx78e9BBzFFbWUkNNA,34.862997444673,138.01828616916,JP,Japan,Asia,Mori
82mt0Ytrr1hvH_iyTzskzw,39.309632,-76.652194,US,United States,North America,Baltimore
IHmz8UxZ9cHR04RCeLSlGw,51.344825,12.325730555556,DE,Germany,Europe,Leipzig
Ai1sh6NHDeBx8hYXNGSxXA,55.7422035,37.62222311,RU,Russian Federation,Europe,Moscow
6LIwpzIhgvw6aXxNRvR7jg,35.10318,138.922198,JP,Japan,Asia,Mishima
LKcOAMgSWmEJ8ai_GmJbAg,4.537285,-75.669531,CO,Colombia,South America,Armenia
YtyKDasjkA0AI0ddYCeqhw,34.734665,135.736059,JP,Japan,Asia,Ikoma
owxSs6c0bx1DERu0K-3ABg,-33.842986111111,151.06131944444,AU,Australia,Oceania,Concord West
pXywqTEMob4F9u3tVPs_aw,-23.567036388889,-46.688933055556,BR,Brazil,South America,Sao Paulo
C_RAeaA4nXNIGHlO4PEx3g,35.654258,139.745991,JP,Japan,Asia,Tokyo
qqLEaVgTor3-7n9TK_AZ_A,-6.7773333333333,39.265308333333,TZ,"Tanzania, United Republic of",Africa,Magomeni
MmhIz3OpP5O5bGSYXGL-cA,51.349261111111,12.352369444444,DE,Germany,Europe,Leipzig
otl4aOdev-sSbo0m2qw6WQ,41.8907522,12.4997064,IT,Italy,Europe,Rome
fPgMcGjLVnKfUeE_xCV88w,47.492911209072,19.07823024064,HU,Hungary,Europe,Budapest VIII. keruelet
R8IDyPmmxajh3dp5UV9RWg,35.089478194722,138.86511518639,JP,Japan,Asia,Numazu
w0Nq4YWH1mBzF2JAdunBgQ,51.47673462,7.4307133,DE,Germany,Europe,Dortmund
EJDylABDjFh-cYtCyE0N3A,-43.523891451734,172.63023612705,NZ,New Zealand,Oceania,Christchurch
VvHsAH2oSr9yrDkOpQJqBQ,50.901438888889,6.0267416666667,NL,Netherlands,Europe,Heerlen
HlrT5jFg7kAd7aKnPoWv0w,40.749779,-111.88116,US,United States,North America,Salt Lake City
DLGGWJMiAIE4ObEC103EPw,47.491111597046,19.043883914128,HU,Hungary,Europe,Budapest I. keruelet
lQ-SdXIQceFtnz4c-ScYfA,44.951666666667,-93.288047222222,US,United States,North America,Minneapolis
meqgcd3It39DmZFCf0wSZQ,51.225866446132,2.9264472270612,BE,Belgium,Europe,Ostend
UJex4zIs4stcxyxvu6ciEg,-12.045094444444,-77.030875,PE,Peru,South America,Lima
vBRid0FEa-7VRmsDa-jssw,42.350931,-71.067182,US,United States,North America,Boston
Zm9bMQdWFXHD0eieANQOMQ,35.102318320278,138.85775752361,JP,Japan,Asia,Numazu
gE2E84TnFEPApZQKeXO1HQ,32.7031652,-117.1459534,US,United States,North America,San Diego
4q7e4mr4cexToMhlwkJY3g,35.102647,138.863817,JP,Japan,Asia,Numazu
9nIYf897ZJdpJs60fhLW3w,12.9696361,77.6197894,IN,India,Asia,Bangalore
wdzyvm0piZc7TwXg5dbcjA,53.478860207833,-6.2046024855226,IE,Ireland,Europe,Swords
ubwEKxq9HwroO2Hqi_jy4A,22.301805,114.167967,HK,Hong Kong,Asia,Hong Kong
eIiZd5kUsOYHtv23FgRMCg,40.57724711,-4.00056291,ES,Spain,Europe,Galapagar
l7qWDZetkczA6XxqBCok8A,-44.67934968,169.07762633,NZ,New Zealand,Oceania,Wanaka
pBgLyPKE60kRflVj47M5Rw,42.342805,-83.051834,US,United States,North America,Detroit
p-Q5bW-9kEAI5Vh72RILiA,35.660601,139.760422,JP,Japan,Asia,Tokyo
8C_sdTyjsakCkW2ec3RSJA,6.8180433,-5.2755416,CI,Côte d'Ivoire,Africa,Yamoussoukro
d2yHdFsSZVR4PJejwY7QjA,40.455172,-3.690289,ES,Spain,Europe,Chamartin
mR_CidlX1RULl5bGOi_lbA,24.69551709,120.91633281,TW,"Taiwan, Province of China",Asia,Hsinchu
2e6izLe7sq4MnBIGksUSPg,48.819776,2.236985,FR,France,Europe,Meudon
qw_o4YD0jS-pNzjlMnuvxA,-33.431219731129,-70.586849749088,CL,Chile,South America,"Villa Presidente Frei, Nunoa, Santiago, Chile"
jZcqpB5XyiVfPDGkbidSWQ,-34.600409,-58.381614,AR,Argentina,South America,Buenos Aires
9sMVBYQQLEnG-uVGqfoJOg,50.115898,14.493953,CZ,Czechia,Europe,Strizkov
wVezPxDOSDD5QKTlRrS0Qg,53.361691119903,-6.2596228500048,IE,Ireland,Europe,Drumcondra
bAWLYv-dhrGp9kuzlH2zSg,52.403312,13.062779,DE,Germany,Europe,Potsdam
87HbqlvHzXTY5eWZYmEBAg,33.950612,-84.5304523,US,United States,North America,Marietta
ENWcyJGTuHf4o8mYnS6l5g,59.92116,10.751608333333,NO,Norway,Europe,Oslo
2t9tTkHpuYf5AVIfRH2GFQ,53.356414520056,-6.2649634400208,IE,Ireland,Europe,Drumcondra
npp4BvJGl8QTI3rCaXPziQ,-34.90420554,138.56593752,AU,Australia,Oceania,Thebarton
gFsJTaPyxnnLoPj6_WM8Mg,43.17356368,77.02620337,KZ,Kazakhstan,Asia,Almaty
8S-NFkTrtvVPV3HjDAR4bw,41.903178,12.495685,IT,Italy,Europe,Rome
qYSxEk6je3ZH2cJkEkzFkA,34.959789521944,138.38995733861,JP,Japan,Asia,Shizuoka-shi
sZk_YqFTAUoUv7rZSCieoA,33.9320956,-84.4002014,US,United States,North America,Sandy Springs
d-oDx26H1yJmC6iHnPJiVw,33.414118055556,-112.18656805556,US,United States,North America,Laveen
fNYEPL04_lz-9oumOwtdAQ,47.940727,-122.197631,US,United States,North America,Everett
FF8zEfJOCjUc6DHmHof4Sw,51.513386,-0.158703,GB,United Kingdom,Europe,Bayswater
fcNlfAAdErWq-DpMDEhs1Q,38.12354751,13.35423986,IT,Italy,Europe,Palermo
Y99UY8fl4B9FOTZRAGH_6g,34.033741,-84.5502043,US,United States,North America,Kennesaw
ot_nWKKqVsJVrLyVkmTRzA,39.776618471369,-86.146802231669,US,United States,North America,Indianapolis
V2lN8X1ZBIUbxCIEY93Ycw,46.946595,7.435673,CH,Switzerland,Europe,Bern
I343M7GHYZOIf8NbaBu-Eg,35.971885,139.983018,JP,Japan,Asia,Moriya
7OK5KrFd9Ve9Fs5amqcQhg,43.629938888889,-79.684905555556,CA,Canada,North America,Mississauga
q-otIFLLO-wCKcLLy63nmg,34.01338953,-84.49550351,US,United States,North America,Marietta
bvU3zoWVAbWSXhFtbji3Ng,55.941455,-3.215431,GB,United Kingdom,Europe,Edinburgh
lyKrcIYZWGa_H00zDo5rUw,39.81894115,116.50092134,CN,China,Asia,Jiugong
D8iCejZl3AqF7cgaDICBAg,48.7967836,2.02334584,FR,France,Europe,Bois-d'Arcy
Rj4phN6fPfZbbFjweuPOvA,12.97437858,77.57272471,IN,India,Asia,Bangalore
IOXKHTTt-dAgrVtMXsUGQA,35.670573,139.798997,JP,Japan,Asia,Urayasu
ObIAeingy6lz7L5XS7X7dA,35.85928,139.965652,JP,Japan,Asia,Kashiwa
_KYYAItRn3X0FSiRqMOJUg,12.130978927345,-86.280193003574,NI,Nicaragua,North America,Managua
FqPw6fdpTB6Dlidd_HsEMA,44.612369444444,-79.666152777778,CA,Canada,North America,Barrie
E7RcvV25J0bPB2XMzu3YLg,33.89449406,-84.53983923,US,United States,North America,Fair Oaks
63B8VdNHii23jy9_xCNCXw,41.911158,-87.63031,US,United States,North America,Chicago
ib0RQjd6pLfs7cO-OMLbqQ,30.3955106,-97.7449264,US,United States,North America,Jollyville
zsOKqvbe8BVjqsa-cwJKbw,34.858404049818,138.01310093246,JP,Japan,Asia,Mori
ubf-h2vutGIppoa7D-nkeQ,52.16332,5.403043,NL,Netherlands,Europe,Randenbroek
Bi5Bvc-0zNruG-vXPgNklw,43.050638,-87.971751,US,United States,North America,Wauwatosa
cYfse-fKPYPG4AmCjUvqvw,-34.590021,-58.400668,AR,Argentina,South America,Retiro
p1i6t95s4AjZr0q9zG7e1g,38.715653333333,-9.1416733333333,PT,Portugal,Europe,Lisbon
RG54yX3amGZraeeZ8fjS9A,33.917278,-117.962182,US,United States,North America,La Habra
pIWMj3KbW-lYQuGw1lMlcQ,53.483054721728,-2.2577072773129,GB,United Kingdom,Europe,Hulme
6RhFKAOYs-izRGlWKQ6wXQ,-33.42276285,-70.57984558,CL,Chile,South America,"Villa Presidente Frei, Nunoa, Santiago, Chile"
0RAR6R-Dxo-YSXhucEdjxw,51.338019444444,12.336769444444,DE,Germany,Europe,Leipzig
jKKd9VUoLYCyvgLbnM5D1g,43.421672222222,-79.760877777778,CA,Canada,North America,Oakville
d6m_HJFNkR4CAYsgVYpqbA,51.500402488746,-0.074096275493503,GB,United Kingdom,Europe,City of London
Fau3ybaTE-9u5jxbutbgoA,10.790847710002,106.79153661999,VN,Viet Nam,Asia,Quan Hai
jWZiDNaZzUXtdWY9tCIU1Q,50.888824798206,4.3354314980069,BE,Belgium,Europe,Bever
wfjtNQlGpy4gel7_54jZ6w,49.261942,-123.143576,CA,Canada,North America,West End
Y1Urfm1C3vEX982F6I3iKA,18.257565,99.478471666667,TH,Thailand,Asia,Lampang
sU6Jm00DBmEKNgYr19hjvA,36.19205,140.257952,JP,Japan,Asia,Ishioka
c8gxiaoGYO8Qccpt6VEdfA,2.978903,101.776968,MY,Malaysia,Asia,Kampong Baharu Balakong
JTGHguEj7107EQHjbxGhwQ,34.02717895,-84.41953539,US,United States,North America,Roswell
DNJLGsG6HD_C8KTH3KZ12g,60.238345,11.768001,NO,Norway,Europe,Skarnes
RhlBcauczcLjQ64fgEXuaw,56.161398,12.829335,SE,Sweden,Europe,Strovelstorp
vP-KMlYvYdqJyDteXGpInw,37.58004,-122.38049305556,US,United States,North America,Hillsborough
vv_y_ym2hbPcpicFaeDT8A,-15.790246,-47.887065,BR,Brazil,South America,Brasilia
1qEEAcl5uuoZgG1EBWsDlQ,1.333277,103.814363,SG,Singapore,Asia,Singapore
3ZerKYgnTfZMLILJM-M5yw,41.8970184,12.4993572,IT,Italy,Europe,Rome
c6N5sDCMByfPnkhSoNhI0g,35.659587,139.800687,JP,Japan,Asia,Urayasu
HI4WSMjoPGOx-tjFg2eg-g,53.36357785,-6.23431228,IE,Ireland,Europe,Fairview
CfxbU0r2SFhmDmHj4_WUOg,22.59321131,88.40236675,IN,India,Asia,Garui
SZGXwNZqp-dgWwDFbjsn5Q,51.509251,-0.127388,GB,United Kingdom,Europe,London
VjWjL8aVWE-2M19zmrgYuw,46.936655,7.464845,CH,Switzerland,Europe,Bern
aHogR7F2FRbXo4UflU-M3Q,36.13469,140.077702,JP,Japan,Asia,Tsukuba
hdvYzudTLABBX_mXzYdfGw,50.048887737312,14.415098973889,CZ,Czechia,Europe,Branik
ZKX6XOMgkM4kyxSXSojmlw,44.999480555556,-93.241094444444,US,United States,North America,Minneapolis
jf2HS3F3Anf9z7dQ6UpoIA,51.51149099,-0.12068385,GB,United Kingdom,Europe,London
MR5gNkFlk67KJlDepJVe7w,59.329632319166,18.077766895294,SE,Sweden,Europe,OEstermalm
ndFOn7bzUqx57ny84i6XJQ,33.4861036,-112.0736802,US,United States,North America,Phoenix
Q1yG5FO5g7M5fDncjW1mYg,59.936352777778,30.300202777778,RU,Russian Federation,Europe,Saint Petersburg
JSmd7VpS0nXmXob3I-0GBg,-33.861414,151.208665,AU,Australia,Oceania,Sydney
znnsy2DptUci1pvngXHVig,51.486524,12.0434406,DE,Germany,Europe,Peissen
i2QDy32FDCPgV8a6yPLh7A,29.7106,-98.44857,US,United States,North America,Timberwood Park
GhNO9zYEPoQX1NbCmoKv4Q,43.079344,141.2683,JP,Japan,Asia,Sapporo
gNuJFRDVmDNTmfKrK-55AA,60.1653362,24.9461062,FI,Finland,Europe,Helsinki
lLCTiY-sDU-xaxOkOGoQ0w,39.912354592234,-86.105305105448,US,United States,North America,Meridian Hills
U8PiIbUQf4ITjQt500MfzQ,-43.53078292,172.64566362,NZ,New Zealand,Oceania,Christchurch
4Q6MQc2iGlx5EZ0eClueeA,33.84628688,-84.42880316,US,United States,North America,Vinings
sYdQiZJkpJIrJdV1JWEL6g,49.0616175,21.343966388889,SK,Slovakia,Europe,Presov
jnlGbhI2rab_E-KwiZd-lg,51.335363888889,12.307125,DE,Germany,Europe,Leipzig
HsjlyTaNvyNWjjqHW2EK_Q,10.52855723,-66.98159832,VE,"Venezuela, Bolivarian Republic of",South America,Maiquetia
szMjJpvQx3eAvYuUbm8xPw,-33.818641,151.019372,AU,Australia,Oceania,Harris Park
UnGPU6IE3uFyqLtEnRbM1g,59.84775182,10.47523641,NO,Norway,Europe,Billingstad
2h2jSQz0moHv1g4oeLjzxQ,12.124342190048,-86.277206063177,NI,Nicaragua,North America,Managua
vsTvVXGxNEQ2dddmJ1X9WQ,37.980921,23.783616,GR,Greece,Europe,Zografos
HPMz0YW-law_Gv5cuEXFDQ,33.86488617,-118.12721337,US,United States,North America,Lakewood
NAtwJe5zfIzJLVHGK8_wKg,33.987721,-84.4882279,US,United States,North America,Marietta
pU6ERC7Dmxlwzg49Cv8tJg,39.394304,-76.54185,US,United States,North America,Parkville
x_h8ylgymTpqoJ5O4itqBQ,50.1181243,14.4986259,CZ,Czechia,Europe,Prosek
YjMCvFO45-ANyrmhZhVVHA,56.652986,23.681052,LV,Latvia,Europe,Jelgava
CuYDllg70Z1moLuaos_fFA,29.421194444444,-98.460944444444,US,United States,North America,San Antonio
uxFqIrSP70EKrnXf486dGQ,50.857148,4.361909,BE,Belgium,Europe,Brussels
2E5AKX5IUFDbEMMfvxTS3Q,37.51744322,139.94853087,JP,Japan,Asia,Kitakata
Gq9PsBIznxEGDl95r5XqZw,48.8156461,2.3500604,FR,France,Europe,Gentilly
SGFDMHZu6BHxQUz3foNrPg,35.651778,139.799483,JP,Japan,Asia,Urayasu
7y0dUNyHtdsFugn0uASWpw,22.274543333333,114.17389,HK,Hong Kong,Asia,Wan Chai
nUWJTMWKRDH8cxJsf5VMVw,60.1605229,24.9143298,FI,Finland,Europe,Helsinki
EmXVRDo6KIMcpqM0gfl40w,38.86182248,-77.0921066,US,United States,North America,Arlington
VDl5EXbOue-tN7q9xcLJyQ,35.351658,139.212666,JP,Japan,Asia,Hadano
FWcm8fWWtpKDRAD_yHFGDg,40.772807,-73.9325468,US,United States,North America,Long Island City
N_jEVVprroVXf1_HF-fQlw,35.810561111111,-83.948988888889,US,United States,North America,Eagleton Village
digIlgGw-6NOpjElqbnpGw,41.893447,12.504785,IT,Italy,Europe,Rome
GKMwQR0Jw6rbZLUNtkfrVQ,59.907299092037,10.818936450999,NO,Norway,Europe,Oslo
e61oY0uoxtUx0se1oZZgfQ,37.178581,140.827762,JP,Japan,Asia,Iwaki
hkP-bYqm6FQU-dOHtw7C5A,40.413615189291,-3.7073545802259,ES,Spain,Europe,Madrid
-l29t4vaKyFZWKB1bWLZog,34.933541666667,-83.735908333333,US,United States,North America,Hiawassee
-rIuceFCk3AAriTwEuwAPQ,50.8648419,4.6607021,BE,Belgium,Europe,Oud-Heverlee
ZlQD5JYxV6PVId2IkC5C1w,47.7582815,-122.2544112,US,United States,North America,Kenmore
zrQL7Qj0a9ypINDTW-9MXw,30.2335063,-97.8743451,US,United States,North America,Barton Creek
mI2LTnAUyRDADaqgBXLsYA,1.310402,103.836778,SG,Singapore,Asia,Singapore
1RYHMNJAp8x9JexwBgZd1g,50.1153706,14.6128615,CZ,Czechia,Europe,Horni Pocernice
GaNNeMccOyCG4iB303zgTA,8.95752433,-79.53632749,PA,Panama,North America,Ancon
ANSq-WPWUk0wFfMDuuh7LA,-33.698079,150.533947,AU,Australia,Oceania,Hazelbrook
3pO6x_ScawsTIR9vJNpXIw,43.613985,-79.7251107,CA,Canada,North America,Mississauga
yJCIR59MwJwb8p8O1yxl-g,-33.435883,-70.629989,CL,Chile,South America,Santiago
hx4mISX3AdP8QvuK5ETiHA,19.417413,-99.09788,MX,Mexico,North America,Iztacalco
cj_qWPmqqoZXgGIZnYf3MQ,-33.429887854106,-70.583234131336,CL,Chile,South America,"Villa Presidente Frei, Nunoa, Santiago, Chile"
9AAiL3L0SPh0ANryR1hHRw,50.8509302134,4.2363087336607,BE,Belgium,Europe,Dilbeek
bEAV5BFJ1r4GWgILxIr4xg,47.7875161,-122.1993,US,United States,North America,Bothell
wR5QztL1GfOSV9Yhfd15HA,40.747983,-111.893666,US,United States,North America,Salt Lake City
eJkOm0fnjHehkvfamd9MKw,43.716180555556,-79.592658333333,CA,Canada,North America,Etobicoke
UhlQ8w3D7WiyOF_nMH7dlw,37.382922,140.405191,JP,Japan,Asia,Koriyama
szL9_r8FZfxSwx7ZXp0h9Q,35.221433333333,-80.842755555556,US,United States,North America,Charlotte
BwR9dYV1Xd9rQgzgCtHvdQ,59.31336859,18.09930717,SE,Sweden,Europe,OEstermalm
9NpLNcRHSSr46-gU-ROFmg,35.082107,138.855779,JP,Japan,Asia,Numazu
boZGqQbNGYALPF2sTDZ4AA,40.446714,-3.704176,ES,Spain,Europe,Chamberi
kECi68TWjy0j1tDG7BQeMA,59.952573417686,30.301104588434,RU,Russian Federation,Europe,Petrogradka
uJ72IZ4MHFK9COXOpfgW_Q,-43.568072,172.635415,NZ,New Zealand,Oceania,Christchurch
bx2Y3cJu09T7LM8uyQ9e2Q,42.356718,-82.987299,US,United States,North America,Grosse Pointe Park
oXEuR0ugu59dztsGZQIotg,50.04679628,14.48299571,CZ,Czechia,Europe,Karlin
8404UtpIF0el5KScR4jMzg,37.500274,139.883798,JP,Japan,Asia,Kitakata
LNoFQTY2PZk9SGO_lB5PIA,35.657016,139.784439,JP,Japan,Asia,Tokyo
hKC_fup_kfh8piU15I0Lmg,52.405243,13.072881,DE,Germany,Europe,Potsdam
mtko_uFDfyet9GiQ-0S9iA,48.26846165,16.4037885,AT,Austria,Europe,Langenzersdorf
ul774afav_etjuXET-8Z5g,50.09502217,14.38174473,CZ,Czechia,Europe,Mala Strana
fmSd98Oe60wPL6rFPhD0vA,35.566632,139.764398,JP,Japan,Asia,Kawasaki
0V8P2kRlDYQWt76HuysCzg,43.665857,7.206958,FR,France,Europe,Saint-Laurent-du-Var
52zdGPUoerz3Y_9t1ug1Ew,35.659896,139.724115,JP,Japan,Asia,Tokyo
5bKnH9X6X5qWM6qb5ZQM8Q,39.66971117,116.3714127,CN,China,Asia,Weishanzhuang
cjfcPnSvJ4oC8vzgWwYRrQ,-37.8166021,145.0129695,AU,Australia,Oceania,Richmond
18fF9l5GYMwlEOSmidXumg,33.868718,-117.919746,US,United States,North America,Fullerton
tX17PMsWFijLIke-Mak_vQ,43.026475,142.449352,JP,Japan,Asia,Shimo-furano
87Hrby9n4kDpOOYhR4mKww,1.339945,103.972738,SG,Singapore,Asia,Singapore
_WSaINulT16wGxJObjYz1Q,53.34422635,-6.26608988,IE,Ireland,Europe,Dublin
_SFV9WjMjF8HXWDju47rnA,35.051292526944,138.52473097972,JP,Japan,Asia,Shizuoka-shi
BfSOVKCEDt0Te8a23DyzFQ,22.371508,114.113385,HK,Hong Kong,Asia,Tsuen Wan
HLiqhxJh-ULcFC3EaIYt6A,-33.88508768,151.21263297,AU,Australia,Oceania,Darlinghurst
IH5BsqdpLKMNT2_v5V1z0Q,39.307194,-76.601664,US,United States,North America,Baltimore
aQtRdJ64HnjaSAGxL63ACg,37.3811069,138.7893493,JP,Japan,Asia,Ojiya
PJwHoTXTz4XHrY6P6g15zg,59.301574903223,17.993786931038,SE,Sweden,Europe,Arsta
RPA2jHNfR0Ra8rSDYLVIgA,37.73387,140.436744,JP,Japan,Asia,Fukushima-shi
eJJlfzf_o7kNemJDrAzkug,42.381798,-71.068257,US,United States,North America,Boston
0qBy7R2vDFLyiqcZCopZNQ,58.439354,11.303932,SE,Sweden,Europe,Hunnebostrand
FOI-yqURNPNq5YlVFfe5Mg,-43.4721885,172.6173925,NZ,New Zealand,Oceania,Christchurch
zTJ_9xmutqMzmbD2xiPYPg,44.963105555556,-93.307952777778,US,United States,North America,Saint Louis Park
DlW3h0sM3UXi0_CSc0y81g,43.64212627,-79.40106402,CA,Canada,North America,Toronto
236Va6kAUWR3Q5kd0ih76g,43.659913888889,-79.390447222222,CA,Canada,North America,Toronto
BD4St4ST2VKzEuWEQiNEJA,39.959863,-75.165521,US,United States,North America,Philadelphia
ZHkXaY0gaFxHwyqwuWVorg,-22.9290911,-43.1772327,BR,Brazil,South America,Rio de Janeiro
y_dcDkhfKhbsDKx6PrPc5w,-41.30420961,174.79158963,NZ,New Zealand,Oceania,Wellington
4Y5U2biFo4uWNWJdKOMxDg,41.005279,28.978671,TR,Türkiye,Asia,Eminoenue
X2csDjNV5XmCVOd0v0b-Tw,47.376666666667,8.5383583333333,CH,Switzerland,Europe,Zuerich (Kreis 1) / City
AzWRsx76k4cJrSkRyAotCw,37.661904,140.429181,JP,Japan,Asia,Nihommatsu
AVKUrv7-rAu7hqqBzSZlNQ,40.441615,-3.701521,ES,Spain,Europe,Chamberi
qClmTy7hGpT-OYOhvOojbQ,52.263503,4.691479,NL,Netherlands,Europe,Hoofddorp
_m7i-oQEplsprwl-XsPxPQ,-34.8654539,138.5118216,AU,Australia,Oceania,Cheltenham
IB4limFyhL2jKwgoKE4YkQ,37.177429,140.719178,JP,Japan,Asia,Iwaki
ejbCWT4sHo9y6vQ6p2aABw,45.42813044,-75.69057092,CA,Canada,North America,Ottawa
yFAfPDtos3d_UVqpXgIe_g,52.09131,4.39384,NL,Netherlands,Europe,Voorburg
mhSh2iOJoefKFCxWO6x_Uw,35.372995,137.678577,JP,Japan,Asia,Iida
s6DnSHu_0ET5d8mWD6fNWg,51.530127,-0.124087,GB,United Kingdom,Europe,Barnsbury
v7lDv42VzRmn3A9HgUvMmw,35.116699127778,138.32688409444,JP,Japan,Asia,Shizuoka-shi
ckZ7OASWZF5rEqYgUyX_gA,43.2609566,141.9583402,JP,Japan,Asia,Bibai
8hhpKw71ALui3Sfsh3TiGA,-6.7914361111111,39.279783333333,TZ,"Tanzania, United Republic of",Africa,Magomeni
i-Uh2GFgz0oHUmHyXILJ6g,-23.566418055556,-46.650525,BR,Brazil,South America,Sao Paulo
WTNKW_A6ih85IxVwqwYTcQ,45.723038888889,-94.951666666667,US,United States,North America,Sauk Centre
eA0o4N1Pj9b5irMXvQO11w,40.756332,-111.902758,US,United States,North America,Salt Lake City
niLvh78xKkuoR216YCTIyg,-33.889589,151.202844,AU,Australia,Oceania,Redfern
ptH6KcPqHhxJc8kOB1xthQ,42.359918,-71.112375,US,United States,North America,Cambridge
TbxX0VX-G5KkuhoVYHFgZA,33.988875,-6.827556,MA,Morocco,Africa,Rabat
stuxhvfBJixSEWtztbUK0A,43.657693,7.167135,FR,France,Europe,Cagnes-sur-Mer
YavEd9Vf489uUj3vWe9iPg,52.346684,4.920022,NL,Netherlands,Europe,Duivendrecht
jSMbhMo1RSP0TPQzok24NA,55.706374,13.238587,SE,Sweden,Europe,Lund
TeuvJR4DQbI7eyJ1L1vt_g,48.845920766038,2.4387326485683,FR,France,Europe,Vincennes
cKk6874RMkZ6R_uSJcll5g,52.3513213,4.8423903,NL,Netherlands,Europe,Amsterdam
yRmxs0SK6cClWt8LNsvj4w,1.381542,103.892936,MY,Malaysia,Asia,Kampung Pasir Gudang Baru
b4BHyAcFd6b4I8AJhcjbiw,35.123834638056,138.5108624725,JP,Japan,Asia,Fujinomiya
mbcLDSPGJRT3ICPizZAFtA,50.868723333333,4.7055116666667,BE,Belgium,Europe,Leuven
Arz2_SK-LAoDeXB1yo9M0Q,28.98947487584,-81.713250456394,US,United States,North America,Umatilla
eEQ3dQ0UU1Kf14z81WknqA,51.338572222222,12.329808333333,DE,Germany,Europe,Leipzig
ENVNwtVUmOeFjunk2o4fqA,5.383995,-3.9933141,CI,Côte d'Ivoire,Africa,Abobo
wAJrGbw37lfKcDGMSzbXSQ,-34.591544,-58.405046,AR,Argentina,South America,Retiro
-rlM3yr-iudN8OrsY0YkTg,40.4285179,-79.9775153,US,United States,North America,Mount Oliver
XlBpqNjfwhmVCTnHjNVRHg,40.71509,-74.013096388889,US,United States,North America,New York City
RbPYtx_eZXys6_rhbek_9g,47.922309,-122.0979904,US,United States,North America,Snohomish
ZSqrxbSMv3Z_4zAYMV2XRw,52.509664,13.374179,DE,Germany,Europe,Tiergarten Bezirk
bEhMFTyG4bhksVYM5cBNag,63.438981569261,10.405899835377,NO,Norway,Europe,Trondheim
JEhHCWn0Lx2shd9LNVxyeA,-41.442140409885,147.13325110185,AU,Australia,Oceania,Launceston
K5N14LshsAQxSmc2sxxlhw,34.801868198007,138.13570274519,JP,Japan,Asia,Kanaya
aFWuj_m4nGoq3-tDz5KAqQ,55.59277313,13.01974556,SE,Sweden,Europe,Malmoe
G8LDXxta9cfbZNDFb7_-8A,46.946571,7.426664,CH,Switzerland,Europe,Bern
oPEMhhf3jtJItWlMQGSV9g,33.4278699,-111.8902327,US,United States,North America,Tempe
2mV1XwuPgGM2XnndYaRx7A,51.6315935,-0.1627044,GB,United Kingdom,Europe,Hadley Wood
J_wZAfUIDx4btKvPkKt9Yg,36.130722,-115.083113,US,United States,North America,Winchester
TYcr5ZCm6D1NNwku_RUFhg,48.19141146,16.42004568,AT,Austria,Europe,Vienna
EnS-GAWD6N2_zGsnZtJv2g,55.879936,-4.23472,GB,United Kingdom,Europe,Glasgow
Qc-noFnpoOVaQ3DE3SlJRA,33.7546878,-84.3905329,US,United States,North America,Atlanta
yG89_9Inn3NLkj8zPftlUQ,33.4947796,-112.0739071,US,United States,North America,Phoenix
zA6yb4TUKkIrun00dc0CwQ,29.7467,-95.441993,US,United States,North America,West University Place
e-SKbauA2EMHkU5pC5Cyzg,36.195821,-115.128837,US,United States,North America,North Las Vegas
Cwp40gckSlaXriFXJJMmTw,45.419952,141.673187,JP,Japan,Asia,Wakkanai
djSMHhcecsRRYhHH8fkC1A,33.9891995,-84.4648384,US,United States,North America,Marietta
MVuC7PtCKnOzEEKwNWFj5g,59.923976,10.768242,NO,Norway,Europe,Oslo
gFn_5hX7oJZRermckO8fFQ,-37.827236111111,145.01199166667,AU,Australia,Oceania,Albert Park
FZc0UFTx0olq66AAsMlidw,30.6104727,-87.3196188,US,United States,North America,Cantonment
-UV1Qnye_oHy_YAsVHFN3w,49.27314383,-123.10130703,CA,Canada,North America,Vancouver
uGlZUb9e1jZuFxUYluhcRQ,36.704785,138.1383909,JP,Japan,Asia,Nagano-shi
F917Cdm3Bn1T8fkhJizEsw,22.419373,114.063988,HK,Hong Kong,Asia,Yuen Long Kau Hui
Wuc2ITM_mXbRPSPx1YHAMA,37.7802826,-122.4129685,US,United States,North America,San Francisco
whu9soLHtH8g1yCzV4FPZw,40.4341112,-79.9732604,US,United States,North America,Pittsburgh
ydMLj7aYus6kIq878XOnuQ,37.322683,139.291831,JP,Japan,Asia,Tochio-honcho
nd7CepxASIL6EXNifnivEQ,-12.072223,-77.036378,PE,Peru,South America,Lima
gpVNTVUgOrGFUzG5NMsZcg,40.046171,-75.053002,US,United States,North America,Palmyra
EwHYWvWqJ82jIQr7B0sUcw,32.710552,-117.159008,US,United States,North America,San Diego
RqJ5w59f2WMBkEAL54mfYA,35.669386,139.774268,JP,Japan,Asia,Tokyo
hsOiXg67m2v64lvNwUOoTA,33.326551388889,-112.43249472222,US,United States,North America,Goodyear
2oKbkw5mOHN3K2WEiggzDQ,-37.808448769029,144.96878917868,AU,Australia,Oceania,Melbourne
zxhTgLWATypPiY13altgXA,35.035901544722,138.38005308056,JP,Japan,Asia,Shizuoka-shi
09H7HMDpbjsTx0HPVSq6SA,43.667188888889,-79.388480555556,CA,Canada,North America,Toronto
C-69n6ZOIeVBpkBS9Vy86Q,38.914933333333,-77.093038888889,US,United States,North America,Arlington
mHxu_oxJSebpZipilgJFpA,36.022547,140.293879,JP,Japan,Asia,Inashiki
OzrGgkff1SmNbAfEEllIxw,34.667063864078,138.0447662492,JP,Japan,Asia,Kakegawa
-Yt5ilokytLEj4h6ZQeikQ,32.717949,-117.155541,US,United States,North America,San Diego
3FXO4pgrnP3hqCCw4A8kZQ,36.352358333333,-88.848830555556,US,United States,North America,Martin
rSeDdyDxtqvppUf_ltaOOw,34.9504493,135.8105236,JP,Japan,Asia,Uji
W6mUwyZdUebnvJMDcvGTHQ,55.958506,-3.184168,GB,United Kingdom,Europe,Edinburgh
rwWu-J0XePbNVsdzLA49qA,46.94013,7.42348,CH,Switzerland,Europe,Koniz
dtJS30722h1gaKTE3adUYA,45.41112086,-75.6842018,CA,Canada,North America,Ottawa
oRjv6kzVuvVJDA4Uh539Dg,22.252161666667,114.17823833333,HK,Hong Kong,Asia,Wan Chai
R_kPVbE1sUoVb4cLQO_dlA,-43.508977742787,172.61895520182,NZ,New Zealand,Oceania,Christchurch
_nM6V5HOEVhQYwJI0SmL4g,47.613419621011,-122.34664097729,US,United States,North America,Seattle
hkKXK-QdQSX4XYyW7p4NUw,42.361249,-71.064882,US,United States,North America,Boston
OyicYFbGVh0hldLZw-iKzg,-18.9806506,-49.4517499,BR,Brazil,South America,Ituiutaba
6bwD3BSbAIBhv6UsuqDMQw,51.343519444444,12.386408333333,DE,Germany,Europe,Leipzig
KiC9eH9j1XWtLMnhS4WiOw,47.821954,-122.246952,US,United States,North America,Martha Lake
lNReIebut12C0rHu5bwUQQ,34.896013,137.440629,JP,Japan,Asia,Shinshiro
mZlKFiU-tna8KkucoEG1PQ,51.4417275,6.9896891,DE,Germany,Europe,Essen
znT5pl1-bDVlTNRKNcHojw,35.646262,139.676067,JP,Japan,Asia,Tokyo
cYiA75zdxMB7VLpjQfqgXw,50.081006687475,14.445899810937,CZ,Czechia,Europe,Karlin
VGixr6kT0UX42QHvPMxTrA,55.441417,13.83543,SE,Sweden,Europe,Ystad
GsFha_Q6P6W20xOk2GE2Kw,42.338415,-83.022115,US,United States,North America,Detroit
tvuLEUzzYYlkA_L_du12Rw,12.98911773,77.55599801,IN,India,Asia,Bangalore
D3KDv3dKLxQGIpKuie-Fjg,45.5615267,-73.576399,CA,Canada,North America,Saint-Leonard
0wcA84wys1Ag1X-_L8PreA,4.5378101424146,-75.67812631607,CO,Colombia,South America,Armenia
Vm9LZkDcuHKcXndjpeylpg,52.508358669925,13.377917511454,DE,Germany,Europe,Tiergarten Bezirk
89xg5BafaI6_7KFpFxI0rQ,-15.829171,-47.905265,BR,Brazil,South America,Brasilia
rVm425Gszn8TmN_t1t3KeQ,38.88920713,-76.98915344,US,United States,North America,"Washington, D.C."
8o6ZXhP5e3Jv0ytBE9DpOw,40.8737735,-73.538855,US,United States,North America,Oyster Bay
q9_S3nlnQkZJnyZaNzInzg,49.4405674,8.34889377,DE,Germany,Europe,Mutterstadt
kD6WUU57dze7l6OAzhElkA,39.311322,-76.609437,US,United States,North America,Baltimore
wrKHFdGF02arEeAPz3rw2Q,41.925618,-87.646508,US,United States,North America,Chicago
KlBVv_qGZreCCmu-68yarA,47.391661111111,8.5321305555556,CH,Switzerland,Europe,Zuerich (Kreis 6) / Unterstrass
fvN6yZPeltdLx3d5fAUKiA,43.0419,141.461844,JP,Japan,Asia,Ebetsu
46P_SNQCh9OfgyPRsRj6oA,-27.448061,152.979537,AU,Australia,Oceania,Milton
QLIZfRZk1cN4oIdpFlXM-A,39.390565,-76.560119,US,United States,North America,Parkville
ygivMukarP6QYeBK9B9BsQ,41.4033155,2.19849054,ES,Spain,Europe,Sant Marti
SgZtMl1zupeqdT-LXXnYug,38.940485,-77.176482,US,United States,North America,McLean
eA05VPo9Z6ZKbJwouOoWMw,45.50851867,-73.55401113,CA,Canada,North America,Montreal
4iiQzPoGLHOE-Falk5Z9cQ,50.8866754,4.7246461,BE,Belgium,Europe,Leuven
GCAbNAB-zuq6hc-DIkTVuA,43.81431917,13.01151419,IT,Italy,Europe,Rosciano
qrDMpwOEuMJWMtNMO53d2w,59.32030596,18.07044016,SE,Sweden,Europe,Stockholm
V5hfT7LKzooZuCIgcQwf1w,35.89774,139.958808,JP,Japan,Asia,Kashiwa
Te87x8FHS95A7aXmRp7Vcw,25.290461,105.634206,CN,China,Asia,Xinzhou
xKUId2cijkTWZ0akhrPDKQ,40.4711558,-3.7020545,ES,Spain,Europe,Tetuan de las Victorias
Pg2u1xWY5uUXarzmYOlBcA,36.041477,140.208143,JP,Japan,Asia,Ami
ZTopP1eR752fRRtkVdsK0A,33.544196388889,130.46985305556,JP,Japan,Asia,Onojo
hf2QGmB3ULp0yw7WanicuA,35.675855,139.755402,JP,Japan,Asia,Tokyo
lIYCcBPlNAhb_kUb9dGhAA,35.199681,138.358788,JP,Japan,Asia,Shizuoka-shi
EbbixNMy5HuWYtIwr6ph9w,35.445704722222,139.62882638889,JP,Japan,Asia,Yokohama
qsbtDACHsjuy-hMB-Q9w5w,-15.8395898,-47.9664886,BR,Brazil,South America,Brasilia
MuyZCPpk158e0Ida8MGxqw,50.949683333333,10.707547222222,DE,Germany,Europe,Gotha
cMBntYTeK_nWNHtKuTcqFQ,-17.8417186,-63.1961656,BO,"Bolivia, Plurinational State of",South America,Santa Cruz de la Sierra
2XfnUDVnl8MWf-UPVnAkng,53.343467279916,-6.274393,IE,Ireland,Europe,Rialto
gMeIw-oFy4rZMqSMtLd6Rw,52.363347222222,4.9017222222222,NL,Netherlands,Europe,Amsterdam
mrS3aEXXjgiIu1Estb0Jwg,24.72280041,121.0928366,TW,"Taiwan, Province of China",Asia,Zhubei
E1WQuDiZ7l-ITWXKwLXMnQ,30.44342919,-84.28306759,US,United States,North America,Tallahassee
wLubd13D8eTE1z2F6AX3yA,52.392569444444,13.035191666667,DE,Germany,Europe,Potsdam
z7Pipl5qGcFkmIYP_0qcfA,33.421971388889,-111.996265,US,United States,North America,Tempe Junction
aDGgd8XrU8TncdOvz2s-Kw,47.483883798122,19.030688870698,HU,Hungary,Europe,Budapest XI. keruelet
ME5Y_enkRvyMK940tDeWTw,37.663864,140.603119,JP,Japan,Asia,Fukushima-shi
l6nfP8qI6MEWNp3mPfLFrQ,35.116032,138.613613,JP,Japan,Asia,Fuji
94WIiQAWj6XvwUbHtP1oxQ,48.828862,2.246177,FR,France,Europe,Boulogne-Billancourt
H2iVkukZXoZYFHQN90-r5Q,51.512831,-0.16137,GB,United Kingdom,Europe,Bayswater
LJoJtWyACUzvpet6f-c1kw,-34.8949276,-57.9874987,AR,Argentina,South America,La Plata
yjG7OCj0fqbNJqvjdt5emw,35.0677442,138.8775303,JP,Japan,Asia,Numazu
IxHzS1qXYkAiPQdlZJW95Q,41.37692352,2.08923411,ES,Spain,Europe,Esplugues de Llobregat
1ZHUITm7qKMJXv7zbkhEMA,48.872656,2.376441,FR,France,Europe,Le Pre-Saint-Gervais
nPe7sj8xClV_guWa_RetaA,12.980352,80.251187,IN,India,Asia,Perungudi
eNMCPef69NiyPz9i28RrOQ,12.15133394,-86.27413194,NI,Nicaragua,North America,Managua
27CHiSvw8jP_rbBZF2xMGQ,36.6739867,138.1115393,JP,Japan,Asia,Nagano-shi
1Teb9w_ZQXmRtpTBDEYNWQ,47.640825855952,-122.34658502832,US,United States,North America,Seattle
JpXu2gQEVgtmfnNv7m6aHQ,56.997944,24.280614,LV,Latvia,Europe,Bergi
ZA32QFKoaxTm9OFoBuLx7A,58.364601,11.249287,SE,Sweden,Europe,Kungshamn
uEpYgQl7d69ye1kiqLoqwg,-30.073716089081,-51.20869746694,BR,Brazil,South America,Porto Alegre
BcQT3sG7BQVj3kUKXY2cwQ,35.312691388889,139.62503972222,JP,Japan,Asia,Yokosuka
hOet8tAPYyr3tCrpDcu8YA,48.23292,16.145463,AT,Austria,Europe,Gablitz
dgnZ4w7j0jIuTQRenHZHqQ,-41.29599816,174.78019622,NZ,New Zealand,Oceania,Wellington
cg4NtzhGLCrL2-uztYhjkw,61.665793,9.704854,NO,Norway,Europe,Vinstra
9Gad_3CzbPOlUtgdAa0okQ,-6.7795277777778,39.240891666667,TZ,"Tanzania, United Republic of",Africa,Magomeni
WqKvcgOxIC2kq24FEMgRcg,51.491305232048,-0.13783687725663,GB,United Kingdom,Europe,London
vAr1wdtUj6spQ-uKfzmBYQ,-22.977033333333,-43.219046666667,BR,Brazil,South America,Rio de Janeiro
3uQlNaY-1en9s7y9Ar8rCA,36.412965,140.419162,JP,Japan,Asia,Mito-shi
2HgOY0lgFzgDVwvvXjizGw,52.19415999949,20.612967219204,PL,Poland,Europe,Blonie
LfG4_AHoOM4wsUXdKLuiGw,51.32400271,12.40058731,DE,Germany,Europe,Leipzig
a0vGGO5MIsQW1K_-sulhAg,60.164970716068,24.953160434961,FI,Finland,Europe,Helsinki
-1Z28Rrc91syhk-y8Bp_cg,37.763329,-122.452332,US,United States,North America,San Francisco
3QGrbE-oHh3tWLP4kyenEA,43.672488888889,-79.380902777778,CA,Canada,North America,Toronto
CuIHBFhcfc5ssQnmT3vTiA,48.826125,2.219467,FR,France,Europe,Sevres
1jpT7CLVcjgV8dZvDkGykA,42.348575,-71.061618,US,United States,North America,Boston
VA-sNWDRMeSZ2T5Qk-F4Jg,50.932216528573,4.0304490893653,BE,Belgium,Europe,Aalst
Nbfl9-W2wzmTrhHcVpneiA,22.314737,113.939865,HK,Hong Kong,Asia,Tuen Mun
pjwWI9pb-QdWy_3HslbXSQ,40.832939,-73.86167,US,United States,North America,The Bronx
B-dEl7NUOi0iH4Iy8Bm6fw,40.761482,-73.966535,US,United States,North America,Manhattan
nvFz6x-wbdSLLbArtshApw,33.8485494,-84.4838268,US,United States,North America,Vinings
Ygzrvx9ATE9AAw3OihO-ww,35.817672222222,-84.028769444444,US,United States,North America,Louisville
P2GgWsxOXdWQi3puNuf1Zg,35.049560526389,138.42469140889,JP,Japan,Asia,Shizuoka-shi
jvfjj-qJtcIqbr1CBiuIRg,35.662983,139.764914,JP,Japan,Asia,Tokyo
FAEoH1cyXHTJPPvZZlRcBQ,35.649096,139.803203,JP,Japan,Asia,Urayasu
Btca5mmB8EJ8Mn7TKTi_EQ,46.978774,7.463082,CH,Switzerland,Europe,Zollikofen
7WfR4OHGzkeSDYflD-3qrg,55.6843333,37.5518266,RU,Russian Federation,Europe,Semenovskoye
4YW5EFkeoDiiTl2bOrMhAA,-29.31575692,27.47328886,LS,Lesotho,Africa,Maseru
B2niLOMrpy8AgXHzJoMMpA,1.305008,103.83034,SG,Singapore,Asia,Singapore
egU_QlAWb53g5cAenua4Cw,-27.436738,152.931308,AU,Australia,Oceania,Ferny Hills
WpNi1jcAGe0eQVGMRK1sjA,34.776392,138.014822,JP,Japan,Asia,Kakegawa
Kq_PxiUfRm_k3GT22osmiA,-34.87433282,138.58746087,AU,Australia,Oceania,Prospect
ZhVr8OGng-ustNRyj6hm7Q,38.884458333333,-77.023877777778,US,United States,North America,"Washington, D.C."
Wjj2TK9oTUKvV7pvBdqS9g,-33.793964,151.135002,AU,Australia,Oceania,North Ryde
ti-GeualyMzwozEitOIltg,10.50869663,-66.91841103,VE,"Venezuela, Bolivarian Republic of",South America,Caracas
TEC112KBoG_e5Z73nAy70g,39.961094,-76.732184,US,United States,North America,York
LyrfLKTP4qXYFBKqYBnF1Q,47.39259102,8.53814164,CH,Switzerland,Europe,Zuerich (Kreis 6) / Unterstrass
CVLdfrfRFTbzxNhXYh2LBA,35.643084,139.670626,JP,Japan,Asia,Tokyo
RS6K6zBvfKh8ynM2ckV-gg,51.489098,-0.11137,GB,United Kingdom,Europe,Kennington
eUcJY7TIgJB6ewfHbuELUg,59.457442,17.923911,SE,Sweden,Europe,Sollentuna
nFD1Wzd62QWVfbdnP8z1JQ,37.496982,140.146739,JP,Japan,Asia,Inawashiro
ow6DGWzoAZRLeAodn_dkTw,-22.9122732,-43.1922629,BR,Brazil,South America,Rio de Janeiro
e6q7D1ROtrDm3VnC0F_oDw,43.646358333333,-79.366002777778,CA,Canada,North America,Toronto
wJXsacNtoVf12yiLwvCZ4Q,47.488186,8.593452,CH,Switzerland,Europe,Embrach / Embrach (Dorfkern)
nwqY0Sz1sHPDRNc6nYAbZw,35.1101424,139.0865467,JP,Japan,Asia,Atami
qBt7RKR33hGFTFMU3FhWiQ,47.226687,39.713989,RU,Russian Federation,Europe,Rostov-na-Donu
wyJFkZML1rGcSSX6Z1kcAA,8.96273039,-79.54120639,PA,Panama,North America,Ancon
WJ35_f7m_yilsnZ3lubTqA,41.32299311,1.71616595,ES,Spain,Europe,Vilafranca del Penedes
YfLQgFUmYVCleJsUW8hs7Q,13.773530535278,100.57354613194,TH,Thailand,Asia,Huai Khwang
vVIrhHbYjQWmBJ9HsoFjUw,50.8440884,4.3780415,BE,Belgium,Europe,Brussels
vUgt2GZdtqR0eo1zyXrwMg,45.47098935,-76.68283799,CA,Canada,North America,Renfrew
KSazlnf2TWN4KWA6noKL9g,34.779959,138.019388,JP,Japan,Asia,Kakegawa
kCUaE6C1zYhtw4VZrtKcgw,36.418798,140.424877,JP,Japan,Asia,Mito-shi
yNY0mDfHx_74Za1A1XfK0g,43.427878,6.741881,FR,France,Europe,Frejus
NJ_4kBBdK1d1oTuWKkiGBQ,38.94604273,-76.97815442,US,United States,North America,Mount Rainier
79Xy5yPfi212nuzSYu1gwA,41.44921303,2.22426171,ES,Spain,Europe,Llefia
LvCr3pXcTkF-B1Qfil4MxQ,51.443055,6.973493,DE,Germany,Europe,Essen
uNhp1BDr7wPW3NQBbJt07w,41.39944716,2.17867477,ES,Spain,Europe,Eixample
uSW1v1zmu7ut6FVd_2C4-Q,-33.697494,151.292728,AU,Australia,Oceania,Warriewood
Uc0iXso_IzuN6PH1Qhyxyg,47.497807,-122.202179,US,United States,North America,Renton
D-yLWIi0zoV0NsyC4PjIgg,-20.839191517,-40.728003959995,BR,Brazil,South America,Piuma
b6xCK4gQPcvGGI-L23mwEw,47.50650394,19.05506971,HU,Hungary,Europe,Budapest VI. keruelet
RR9HFD-2phUkbTxjbfIMaw,44.977338888889,-93.275733333333,US,United States,North America,Minneapolis
3w4VXK8IPOd2dfey66kk8g,50.8522648,4.6955154,BE,Belgium,Europe,Leuven
wjcUBd8mVA0peeOnxfYhdg,27.9362146,-82.28851185,US,United States,North America,Brandon
tTsVhidFPVz904fXH7idTg,42.8966877,141.8576002,JP,Japan,Asia,Chitose
NWLZ7-Y4p-XiHzBY8IyrZg,27.8935861,-82.294646,US,United States,North America,Riverview
6R0B7xfXbebdlzkTtmR3QA,32.709343,-117.160386,US,United States,North America,San Diego
fQKVipQ2EP87dlG-rUG1dQ,39.968068,-74.909964,US,United States,North America,Mount Laurel
aYv8cxrg-78AwH84Vagnqw,39.303399,-76.628479,US,United States,North America,Baltimore
DfhDDvgGM9QrCeY4rEceww,37.913894,140.070132,JP,Japan,Asia,Yonezawa
1XlegCS4uM1tMjj_PFW5vg,29.51938933,-98.5605877,US,United States,North America,Balcones Heights
bFfA0hji-IEkqVVj-UEs-w,45.40886693,-75.71016413,CA,Canada,North America,Ottawa
Isv7IHuE4QJWcK5Q5yaRyA,51.33189736,12.39586882,DE,Germany,Europe,Leipzig
b8LkVdta0t-0IZ5rBRe1Qw,39.7919658,116.5132992,CN,China,Asia,Jiugong
SCg3UPSMb2TdNz_hma6Jhg,51.504786111111,-0.10175555555556,GB,United Kingdom,Europe,City of London
wkGyJ7ME9NNIowX5iKG2pQ,22.303348,114.17297,HK,Hong Kong,Asia,Kowloon
qlQtoH35RQQGtBwsU2fNjQ,43.060668,-87.973332,US,United States,North America,Wauwatosa
vMej2IlVgJLnc2VLusg9ag,35.040199,137.011816,JP,Japan,Asia,Chiryu
B2tnH-IAZQLBBumdKhzb0w,45.424656,-122.633674,US,United States,North America,Oak Grove
8D4EZDv8ndZeIuW5RcwoXg,35.150051,138.904166,JP,Japan,Asia,Mishima
ltAKRO284vP0mzJfHyjx5w,33.53825426,-112.0475483,US,United States,North America,Phoenix
apEJzx0WtYXMKwNPMPZbCw,50.07500035,14.43036913,CZ,Czechia,Europe,Stare Mesto
eJpamLmLOVQQHFMEBnv5Yg,48.886985,2.24328,FR,France,Europe,Puteaux
7iv_IT1yOoP_SQsIlA7a5Q,40.8727852,-73.5295532,US,United States,North America,Oyster Bay
YsxQPlKcFMT_XgVq2fidMw,-6.8301416666667,39.227152777778,TZ,"Tanzania, United Republic of",Africa,Magomeni
yC3TVwuhVodo79hx9mNGgA,-33.699736,151.015553,AU,Australia,Oceania,Glenhaven
3S_QfB8AHCGEx4YEAbTVGA,47.516870484687,19.081801213324,HU,Hungary,Europe,Budapest XIII. keruelet
gZOtNrkycOYg3rYs_a23ww,33.6400982,-112.0864069,US,United States,North America,Glendale
Tplgw59jvQ4_lGvsBOpJcw,50.8872385,4.7061645,BE,Belgium,Europe,Leuven
0oyZr1qierUzY8mMMc8nYQ,38.97031706,-77.07880036,US,United States,North America,Chevy Chase Village
ola7io7bM71c8Cqu4IBYjQ,40.5087312,-3.6698469,ES,Spain,Europe,Las Tablas
FtJy74gRiKdfZOhU5V6k4g,-27.448095,152.999686,AU,Australia,Oceania,Milton
OOPJWmDeFPXydUfC1UBOhg,38.12858227,13.34985481,IT,Italy,Europe,Palermo
5xX_cHrjK3vZkjdmVSsr5A,14.586897,121.061069,PH,Philippines,Asia,Pasig City
mzgWozxqZi4i41RZtEgNVQ,40.8632993,-73.872171,US,United States,North America,The Bronx
8ggWafheaIwL0GhaF52sqg,47.6415647,-122.186416,US,United States,North America,Yarrow Point
D-8tSptfzxrh8pFq5ad1qQ,4.530978,-75.680303,CO,Colombia,South America,Armenia
dG_EWtUh_mfLnDRWqvDGDg,33.5167846,-84.36338596,US,United States,North America,Jonesboro
fNqn9h8-8AcmmhtwfHVvBw,52.372148,4.844556,NL,Netherlands,Europe,Amsterdam
BsdSYwp2dAEtXFARX6LS5w,35.162811,136.890802,JP,Japan,Asia,Nagoya-shi
8yyBpkd4R0kgoVvx4bxWHA,34.999133,138.43103,JP,Japan,Asia,Shizuoka-shi
joLasMJEgscBDVBTAdeptg,-35.299208333333,149.18087777778,AU,Australia,Oceania,Forrest
rSC5MFUl-o-itH1sZX4ztw,35.650227,137.15677,JP,Japan,Asia,Minokamo
L7ogtfdVT8NlPqDzkvUQ-A,52.03607,4.373039,NL,Netherlands,Europe,Ypenburg
aqu5E-2_DFKBWU8ofm0PCw,43.29532836,76.89242414,KZ,Kazakhstan,Asia,Almaty
L_KypTcR-OwNXki9wKvPhg,41.880929,-87.617912,US,United States,North America,Chicago
tkWdDlSruLApQj-J44GrhQ,35.667735,137.423099,JP,Japan,Asia,Nakatsugawa
6bx_Z1UL47sI4Eg9vzBnAw,40.4648326,-80.0697081,US,United States,North America,McKees Rocks
hETnQ4gOVK1MHDN9Ifju9g,43.030201,141.43593,JP,Japan,Asia,Sapporo
04QwehzaLPW4Nn0Kco-4rA,41.50492983709,2.1385597241898,ES,Spain,Europe,Cerdanyola del Valles
L75ZPhCpLv-kBK0sgkaQtw,39.294678,-76.619752,US,United States,North America,Baltimore
nqAstGY_jVjgBpyl4OZtGA,45.52127371,-73.54744159,CA,Canada,North America,Longueuil
AFHGPu-vfjKXe9M4GY8K7w,43.6416553,-79.3923554,CA,Canada,North America,Toronto
65zi762Q79FjQxqRuMsQ2A,42.40113,-83.140093,US,United States,North America,Highland Park
Oz7XazD5B3qpvKcBmv3q5A,35.64803,139.67925,JP,Japan,Asia,Tokyo
OwScQjnUvufsPwQ2STeO0g,40.74148,-73.97541,US,United States,North America,Long Island City
z-YQiuwBhzscwVXukTiObg,36.00391,139.913916,JP,Japan,Asia,Iwai
OUjkGT_4bBqYvlu2fP3nIQ,42.367502,-71.08138,US,United States,North America,Boston
ClupGRwSoUauxL-guI6eIg,50.535403,5.813162,BE,Belgium,Europe,Theux
KhkOVyYivfQuiymV2SHYPA,-33.88783289,151.21142718,AU,Australia,Oceania,Redfern
dQ6HZ1EpWIadvYh8fKnwjQ,49.058211666667,8.9501333333333,DE,Germany,Europe,Zaberfeld
Me4WVqwFISZ-Y8r1sOdwwQ,27.93764347,-82.29867965,US,United States,North America,Brandon
a_KakmC30MWN9emgH7JTeg,50.885685236014,4.3331221635436,BE,Belgium,Europe,Bever
eL9bRrYHGI56iauYUnuA3A,-15.8417999,-48.0426585,BR,Brazil,South America,Brasilia
yely3X9sTiKE_skqh4H_wA,51.09838411,4.38432144,BE,Belgium,Europe,Boom
SmH3Rgg4BGY7vA8PpHN6uQ,47.477929377928,19.047946538776,HU,Hungary,Europe,Budapest XI. keruelet
01mPjfB0VDVfNBZJOxPLyQ,47.391888888889,8.5318555555556,CH,Switzerland,Europe,Zuerich (Kreis 6) / Unterstrass
hiroiE-ZtV_KO7v2vjbqWQ,50.07022252,14.37402329,CZ,Czechia,Europe,Mala Strana
FWiI2zx9mXUkvhDZGrmmrA,34.961965145556,138.35760820472,JP,Japan,Asia,Shizuoka-shi
oIH-SoSUlrHnVC_A4a6nlg,52.375901863587,4.903129270907,NL,Netherlands,Europe,Amsterdam
2dUUdESNqgXC2CW0gHWY7A,41.914094,12.488306,IT,Italy,Europe,Rome
VvGIKR2RYffVKlZadwhSQA,47.625467915799,-122.35668255252,US,United States,North America,Seattle
bOdZ58N4yFsCMc13W_C5hQ,35.000635,138.407295,JP,Japan,Asia,Shizuoka-shi
MdEZDTOGdOrHCm0KjnPmnw,29.55143451,-98.61489539,US,United States,North America,Leon Valley
gX1XI4_xW6CM9OGfFvxrKw,2.937703,101.695359,MY,Malaysia,Asia,Putrajaya
Dm7HFPAj-AkWhWj6ppzD-w,37.45171484,139.84356527,JP,Japan,Asia,Kitakata
QjUxCWlHmPL1kLYzi7qqIw,39.394572,-76.544574,US,United States,North America,Parkville
RphqPqnpgZMf7uHshk56xA,50.86117078,4.33829816,BE,Belgium,Europe,Brussels
MWdJVIXorduOr01iDIn3gg,39.962024157867,-86.150643406436,US,United States,North America,Carmel
2y4VLmSZ3MHP7Q0RX9GUaw,52.09016,5.1534416666667,NL,Netherlands,Europe,Utrecht
T7Y4eVVGNljZoHMgBif6Hw,29.62717215,-98.46165571,US,United States,North America,Hollywood Park
VRMl9MXonxdGCMQy86EfiQ,53.483319045044,-2.2575629409403,GB,United Kingdom,Europe,Hulme
iCOWKRYu4zHYp0k0-mAvCQ,9.9581096581093,-84.110525049062,CR,Costa Rica,North America,Colima
LWyC0lVU5IAbQ9QKagKhSA,51.514138888889,-0.10508611111111,GB,United Kingdom,Europe,Clerkenwell
b_vUikPDMyvwRfTjLWif2g,14.659735,-17.43428,SN,Senegal,Africa,Dakar
Y5u3tsaYxGHus9qe1BSR4Q,39.782419502735,-86.167622543871,US,United States,North America,Indianapolis
ZfK6OY4YsxtjtLQ67z0W-A,52.374658,4.890494,NL,Netherlands,Europe,Amsterdam
pJp7_MAP6Y7CIRo8uQUmqg,29.5548972,-98.2637605,US,United States,North America,Schertz
Jk87cegFJJZ02frVphw2gw,-15.80328327,-47.89155329,BR,Brazil,South America,Brasilia
ZIOcoqIR72TZ8UU2tT3D3g,44.971372222222,-93.227088888889,US,United States,North America,Lauderdale
MugNerCyUTF1wkeXeM59_Q,46.213343333333,1.169675,FR,France,Europe,Magnac-Laval
K4RbQwciMEnpfMXDdDEHIA,-42.875926,147.33412,AU,Australia,Oceania,Hobart
tjzTB1JxUGIqkSnM81R_hw,40.441442,-3.697544,ES,Spain,Europe,Chamberi
yUhqFV7w8RwpPQEmX4RO6A,41.883248,-87.64444,US,United States,North America,Chicago
7HAZ7GqOH1Q8_4kCzDpdjw,35.216748,138.925451,JP,Japan,Asia,Gotemba
YKEgOTAj1E12BbaRYWmLbw,40.415248,-3.723935,ES,Spain,Europe,City Center
JUnFhTpLrcr3ez66W-00HQ,48.844286,2.3422,FR,France,Europe,Paris
VshhTUeIgjS4ufU7mTWyhQ,42.976965,142.892079,JP,Japan,Asia,Otofuke
QgTe34uw6kbvMra65eB5Dg,40.833469,-73.860512,US,United States,North America,The Bronx
w-XEZhFtU0qMVSM0yZcpmg,40.714413,-73.961414,US,United States,North America,Long Island City
xmHJXTR7ZF0oDIBKkrSoow,35.66235,139.654718,JP,Japan,Asia,Tokyo
WWpWPioeROpPS4NW9MRt4g,49.2670071311,-123.11436373744,CA,Canada,North America,Vancouver
0iqciYYgHJQWe_fL-lqVxA,59.342483,18.038659,SE,Sweden,Europe,Stockholm
wMsPN5ceFsPvvfY2nnOzKw,1.319939,103.840501,SG,Singapore,Asia,Singapore
39lpA8KNVpIcORPTVzrS2w,38.89869124,-77.02189615,US,United States,North America,"Washington, D.C."
DHDnIjZ0LKI-68H4iAZ1NQ,55.70469,12.526169,DK,Denmark,Europe,Frederiksberg
dt3sIkkj0Tj1qAkMkMR_Tg,41.145815,-8.613912,PT,Portugal,Europe,Porto
9nloPfxnIel8SyJkAGtFhQ,51.880343,0.928991,GB,United Kingdom,Europe,Colchester
aoJk1kVlRnpxN5-6CCx-cQ,60.17209207,24.93057103,FI,Finland,Europe,Helsinki
scMjxR2H9Wz49d_LMMa2Rw,45.064780555556,-92.808944444444,US,United States,North America,Stillwater
7Xb7JMZp6YmSR-nECcWDew,13.751336842,100.531670067,TH,Thailand,Asia,Ratchathewi
XhMXI1o3VtiviR4fVgsjtA,35.551599,139.785297,JP,Japan,Asia,Kawasaki
n_qyiKwNLET1eECgmqGmJw,40.7563359,-73.7410173,US,United States,North America,Lake Success
_3JWmnl2ILeemJ9qoxHJCg,42.352736,-71.059629,US,United States,North America,Boston
dUbXp8f0ULKyEBsFX4xJVA,43.649594444444,-79.392394444444,CA,Canada,North America,Toronto
9DVM9Goi3BXeeLEw99sYew,43.65013116,-79.39675959,CA,Canada,North America,Toronto
45NvJWmIDWlNW9CPE8L01A,-1.4290983564933,-48.45365472451,BR,Brazil,South America,Belem
lKPg0SsYd2nS0KMX8UCcFA,38.90428,-77.023768055556,US,United States,North America,"Washington, D.C."
LcErJo0NFssx98KuyF4VpQ,-28.0318525,153.39148684,AU,Australia,Oceania,Clear Island Waters
SKypS9o2AZ3Em37Kg2t4xQ,36.177102,140.071452,JP,Japan,Asia,Tsukuba
nwGeQm38kJaOy76VURg46w,36.054019,140.21535,JP,Japan,Asia,Ami
IL6MqL0pQnxgzOlsczvgjg,37.817436,140.391404,JP,Japan,Asia,Fukushima-shi
qtcg6OMaJWH7IqT2C64BuA,40.713277273305,-74.011071831431,US,United States,North America,New York City
TeylJkbGwk9JO4UeXlVyMA,50.075337,14.429268,CZ,Czechia,Europe,Stare Mesto
DjiyZt7DTMjGJh0sv6VpWA,-23.545329,-46.697268,BR,Brazil,South America,Sao Paulo
sVSHnmnNtIFUYjoPNkTZ3g,-22.064028,-44.934878,BR,Brazil,South America,Caxambu
mzgRZ4JiE3qma9OfK7TDHA,34.857523543717,138.01215681963,JP,Japan,Asia,Mori
i90t77JS9JZcSS2ctZk2Dg,-34.93185828,138.57006295,AU,Australia,Oceania,Thebarton
wWJb4GPbjo9hoFTmFvvs5g,33.8585554,-118.0845357,US,United States,North America,Artesia
ZFH2PsJ012oQNTK_cEOxVw,48.846428,2.341105,FR,France,Europe,Paris
RwsAnJXuQSnYz1Gemi2y4A,34.97299,138.388145,JP,Japan,Asia,Shizuoka-shi
cvribo-h_A7WQNW6ROfFfA,41.87112303,-87.84233936,US,United States,North America,Maywood
481_PNb39ix_Cg90Bcct2Q,35.840808333333,-83.968413888889,US,United States,North America,Alcoa
H1Tyfg__GtQ3L1zg8wn1jw,35.16446,138.908068,JP,Japan,Asia,Mishima
K5uP8yHBytcZ8yf4waChDg,63.430498149962,10.405219879994,NO,Norway,Europe,Trondheim
meAE4pXL8UD22PbhXheA5A,13.746216217046,100.5416294441,TH,Thailand,Asia,Ratchathewi
nuZc5O_ZuaFcFC0peccaSw,50.10895256919,14.574857698938,CZ,Czechia,Europe,Cerny Most
dWduSZNe5D_GazjGbNQqwQ,50.110656739148,14.506458505536,CZ,Czechia,Europe,Prosek
a8KSotT59A4O1lT-UtTvWg,35.007809,138.402575,JP,Japan,Asia,Shizuoka-shi
O3LieXBeROx83Qwc06McKA,43.657941,7.19922,FR,France,Europe,Saint-Laurent-du-Var
0YNU9HxEXdaEf5T-TogA2Q,24.20950638,120.58148428,TW,"Taiwan, Province of China",Asia,Taichung
T0RfviF8bio68p3Uqnya5g,35.67865,139.782605,JP,Japan,Asia,Tokyo
1ffGFRuqtcBnV082QifruQ,55.742483,12.495155,DK,Denmark,Europe,Buddinge
eCCuL9AWqnOnwszrfMlE9Q,39.79619627,116.50411528,CN,China,Asia,Jiugong
ha7oC5bnMjcdXUtordxfGQ,37.669900388889,-122.11086450002,US,United States,North America,Cherryland
cBJVnhQYSsbcHXcG-aTRkg,-22.94240839,-43.18092778,BR,Brazil,South America,Rio de Janeiro
XOuQJvteCpq0b4mlYhpHIw,38.91547597,-77.09278117,US,United States,North America,Arlington
09FtYCV0NYtNHIM9ZIkjKg,53.343419,-6.307362,IE,Ireland,Europe,Greenhills
AmJLH9mlbYSqIFtDkQvw9w,39.87634332,-75.25972351,US,United States,North America,Folcroft
vkmofyIkBHVc3OAb9Yoneg,41.9029774,12.5042525,IT,Italy,Europe,Rome
uKJkfUwpE7jkf5ekaDqldg,40.780024,-73.984682,US,United States,North America,Manhattan
chWH4Fj_k-QtpQnuhC6FvA,35.025078,137.067793,JP,Japan,Asia,Chiryu
XoX3HC--gApLxHcmnwyg7g,48.84862,2.3490420000001,FR,France,Europe,Paris
GIQpc2IrAm58tANSNH4U0A,19.69631,-101.1787475,MX,Mexico,North America,Morelia
eRn7ek_siMgolNU3JHwhtQ,50.86266143,4.69676305,BE,Belgium,Europe,Leuven
3fO5yaRjz10T2cAqjALXGA,52.010144444444,4.3696027777778,NL,Netherlands,Europe,Delft
aR_1PNPVMM6hvyaRAlyAEg,22.225063333333,114.21428833333,HK,Hong Kong,Asia,Wan Chai
z615WCsFY5ZFmu4l5BADUw,33.4415107,-112.07770733,US,United States,North America,Phoenix
-oQam8nRcx1ZPK4fUpiaQg,35.653549,139.746684,JP,Japan,Asia,Tokyo
bdVw3ht5no3Itw5eQVSpzQ,40.753377300084,-73.992580142868,US,United States,North America,Weehawken
pm5MiRqn9awF2zULo6rtEQ,33.9124964,-84.3569023,US,United States,North America,Sandy Springs
YIpU5zjq_TkjR6byS_jzvQ,43.169374,141.084905,JP,Japan,Asia,Otaru
uQ4zoUsEhA8QYV8px_rIug,51.49231,-0.098269999999957,GB,United Kingdom,Europe,Kennington
HRsWuDC_kX9JHFJMsqYgng,49.66935286,8.62691946,DE,Germany,Europe,Bensheim
wObgeYLI4983w9ZrIB5Rtg,41.920681,-87.704653,US,United States,North America,Oak Park
M_xgEU8A82waKWy8WM7YrA,35.047268,138.921224,JP,Japan,Asia,Mishima
5mU_hJnXn7wrFJseDSSxcg,52.39039996,13.0827793,DE,Germany,Europe,Potsdam
THR1JfeoixE5GZmtHj0wYA,36.287452,-115.179518,US,United States,North America,North Las Vegas
Z9Piaj5LwvwHmP1UGFnTUA,43.300956,5.380708,FR,France,Europe,Marseille
DDheGpNMGpXnRW1MjG_JRQ,52.402912,13.07046,DE,Germany,Europe,Potsdam
qJrGbxHv4VYeCQkFB6DMzQ,37.4584773,139.8416616,JP,Japan,Asia,Kitakata
PzkHc43IoYGEFytmb9dptg,8.98879762,-79.49825564,PA,Panama,North America,Panama
vnqNZBFnb_g10PFYfrJW8w,44.96270555,-93.26126217,US,United States,North America,Minneapolis
UpthknpEKE22BoA2ANsmeg,50.86513673,4.34005122,BE,Belgium,Europe,Brussels
E88e8qywiO19fV9FYLrDPA,35.229099551111,138.34588173778,JP,Japan,Asia,Shizuoka-shi
XaTcyKQtr_Yu598FY39ERQ,-27.436476,152.942826,AU,Australia,Oceania,Ferny Hills
oJ4DkK4xSfEZufRbI9Te9A,23.87504509,120.5241591,TW,"Taiwan, Province of China",Asia,Nantou
V0W-Ebt2FW1XMubaHW1zQw,1.4144156854985,103.84211943658,MY,Malaysia,Asia,Kampung Pasir Gudang Baru
Vc7TxSG-JGnnXXycTveP2g,40.826705,-73.946598055556,US,United States,North America,Edgewater
Z0n76fpBc7eZe5l-oVmW4A,33.4471001,-112.0756377,US,United States,North America,Phoenix
Y4railRfo6C94qZb4Tjg_A,43.053371,-87.971719,US,United States,North America,Wauwatosa
UcUYO0r4Umy0XUz0jlkkyQ,35.643134329901,139.67394168717,JP,Japan,Asia,Tokyo
9cvPDS8gjL79ZSy_PRgDpg,47.402433333333,8.5352833333333,CH,Switzerland,Europe,Zuerich (Kreis 6) / Unterstrass
ZuOAw9O_85uUHdyP1Y6vdg,33.5257735,-112.0650893,US,United States,North America,Phoenix
n2NA6NrSBtBOZpjvZg0A5w,18.771716902876,99.067900793422,TH,Thailand,Asia,San Kamphaeng
x-ARUmUNZ-I2a5Yu-0EJbg,39.90532938564,116.44365256903,CN,China,Asia,Chaowai
Ocqxx-dKKW3_yFK-6gKUKA,43.694182,7.193241,FR,France,Europe,Saint-Laurent-du-Var
g6o-X6vsKVF1p9ZRPKUeeA,-33.8862134,151.1533042,AU,Australia,Oceania,Lewisham
IcnUBBAI7ACm3qBtEFAHDw,-27.47080188,153.02577221,AU,Australia,Oceania,Brisbane
JVHC1CtC9jh0Bqrmlfp0PA,12.12600103,-86.29013254,NI,Nicaragua,North America,Managua
2EBw0CQVB_4OkErHDzRh0Q,34.056819,-117.869031,US,United States,North America,Walnut
iuiCyKf67flbs7By_jNfJg,33.988958510037,-6.828238960114,MA,Morocco,Africa,Rabat
8GTHbMifglGC9Bt01l8Qtg,-23.65461,-46.690958,BR,Brazil,South America,Diadema
VzYwJ0nn7aR3NSM9uH-xbA,55.796547,37.796228,RU,Russian Federation,Europe,Izmaylovo
d6wWkwyVg2bNvRwM0sBKgw,35.304109,136.910945,JP,Japan,Asia,Komaki
aNjuLyTgHyqVv9dlN7Of3A,44.983388888889,-92.755658333333,US,United States,North America,Hudson
4NyyLeSiGBRM1QouE7VqfQ,48.855173,2.33968,FR,France,Europe,Paris
4VwfkhmTM0cL_22fJ_JHZQ,48.853304,2.338509,FR,France,Europe,Paris
HZ2B88ScrbA3MPWQPkyW9A,41.972794,12.539621,IT,Italy,Europe,Colle Verde
l_Zgl9D7W7sw0UfyYisKnQ,37.911705,140.098328,JP,Japan,Asia,Yonezawa
hVWg4VVTYzObCQUrZClNpQ,-6.7945361111111,39.21945,TZ,"Tanzania, United Republic of",Africa,Magomeni
m1wwnFwmgbu0crrhqKGm1w,50.849428333333,4.4017416666667,BE,Belgium,Europe,Brussels
r2vQiQ87T5_2XUQVygu54g,25.75104886,-80.20298412,US,United States,North America,Miami
qHJPQMqrrh-pYnWiuU7uPQ,-41.28693942,174.77710368,NZ,New Zealand,Oceania,Wellington
US0gtsWPu1P52ZyBJIcGXA,43.415286111111,-79.712797222222,CA,Canada,North America,Oakville
e-Q1YL65gFvMkEGa31OPRA,33.580539722222,-112.39386305556,US,United States,North America,Citrus Park
Bes0bZajfc_PpyDu4v1Hzw,40.441515,-3.694352,ES,Spain,Europe,Chamberi
efLFy9MER8DDP7nYezi5qQ,35.065217934444,138.36028137028,JP,Japan,Asia,Shizuoka-shi
WrK3djjpxNEVh1F-4T1XAQ,36.066973,140.219769,JP,Japan,Asia,Ami
2fukbtiFiXM2MavTCafYmA,50.86274,4.6788033333333,BE,Belgium,Europe,Leuven
XENBsVS33xfrY_TmKLU0HA,23.732442,90.385252,BD,Bangladesh,Asia,Azimpur
Mk4OLW9i_egcv-j74KQq6Q,10.47272997,-66.96430365,VE,"Venezuela, Bolivarian Republic of",South America,Caricuao
60MdkTfmioz_KKedT3ccfg,42.35237,-71.063036,US,United States,North America,Boston
hyTVNVifRZLWggOIMXHxXg,35.158339,138.902722,JP,Japan,Asia,Mishima
9G3g-2rDZqClnm05qQlsGQ,-43.384988,172.656135,NZ,New Zealand,Oceania,Kaiapoi
t-b7C0oTSguz4okUEAImtQ,-29.31629909,27.47708988,LS,Lesotho,Africa,Maseru
bbfNQHuYLehPra3l-WZJRg,34.039898,-118.259452,US,United States,North America,Los Angeles
DsL_JOGuQe1tE-DwNIQ_vg,37.0457081,-119.7164909,US,United States,North America,Yosemite Lakes
ZTVRYL_tkuxSR5DoE5WC4g,10.00523145,-83.95826366,CR,Costa Rica,North America,Ipis
8anx4_eW_MnMjbJcTYSM8A,42.394514,-71.085744,US,United States,North America,Somerville
3fcvSycO-SU5HTQAYWTJeA,40.745204,-73.958449,US,United States,North America,Long Island City
ZqyLkoG9GEGG9tntQMkosA,40.838864,-73.615371,US,United States,North America,Glen Head
i90Z2kT2tPqJSkg8svhndw,51.510705,-0.13412700000003,GB,United Kingdom,Europe,London
jmyCvISiEGd2UtEs4xQIbg,47.493137461133,19.070846568793,HU,Hungary,Europe,Budapest VIII. keruelet
AhaTeI8N1FY8gItHZJ-lEg,34.95696212,135.76830027,JP,Japan,Asia,Muko
UjkUNEMoOMe29DmxMSqSSA,37.342403055556,-121.95278638889,US,United States,North America,Santa Clara
Ow51YuZqc1gvZvU1bUnjAw,41.88396354,-88.02012704,US,United States,North America,Lombard
aPIQEnOcBsBoQbZvOOb-vA,34.9427651,135.7109885,JP,Japan,Asia,Muko
inSaHpy4Yrk3As0OCa3Sgw,35.169543,136.901469,JP,Japan,Asia,Nagoya-shi
nBi54nM2jWfB_MxtfIrv-w,-41.29485526,174.78059337,NZ,New Zealand,Oceania,Wellington
JSUhOgpQQaGqyKu-jNUeLw,49.269044,-123.100686,CA,Canada,North America,Vancouver
hGawYo2PqR_AmfcscN34ww,43.658846,7.163015,FR,France,Europe,Cagnes-sur-Mer
835lsJfwP84UuFtcIsj7LQ,34.680889,135.826753,JP,Japan,Asia,Nara-shi
wCdYEhfIBR3cvnHyL7ZeWg,43.682533,7.233457,FR,France,Europe,Nice
A_LzY6bCsmMXYDbNhRVLng,36.222222,140.28303,JP,Japan,Asia,Ishioka
Foc5KuKDb8j-AoL5rhk1oQ,55.60110542,13.00677719,SE,Sweden,Europe,Malmoe
cy0MQPEmgOCneA3b9e6z0A,52.367628,4.876852,NL,Netherlands,Europe,Amsterdam
DwT3i-IhPcArJD2vqQ5vjg,37.666754722222,-122.10704138889,US,United States,North America,Cherryland
rkgRtK8ON2cI0HaFEb-Zfw,50.862968333333,4.6940533333333,BE,Belgium,Europe,Leuven
Xzq5X5cP9GH7q0RzQX7csA,40.7573754,-73.7391633,US,United States,North America,Lake Success
7I-mXh1n2_zNrPfjDfEBuQ,42.354052,-71.058549,US,United States,North America,Boston
_2TmVR1rYfo6VWCO5Ke4wg,34.01253764,-84.54839138,US,United States,North America,Marietta
q5_N0Fc4DEw-DjuI5qUn5w,35.040773,138.375464,JP,Japan,Asia,Shizuoka-shi
sBunEj3EReZ-F77Hk9LJ1w,35.015313,138.474322,JP,Japan,Asia,Shizuoka-shi
m1PCzClgrREcehIqo9NMpw,51.500313,-0.11657,GB,United Kingdom,Europe,City of Westminster
Hvc9duWYY0k5nJ02CGtugw,40.7199808,-73.7829643,US,United States,North America,Jamaica
IfjDE0gvzxEjHEtRRARF0Q,36.236164093007,139.57521057126,JP,Japan,Asia,Tatebayashi
gaHVHrPqGx2B9-cT-9sb3g,51.454739,7.042701,DE,Germany,Europe,Essen
F1ath8-JIZ0qr37Tfeblxg,52.09326911,5.11541049,NL,Netherlands,Europe,Utrecht
gg1xoVjwPNBln426OngxuA,50.912859,4.433648,BE,Belgium,Europe,Machelen
GGUNXO7RgSSoMF68AVH7ig,36.727746,139.686084,JP,Japan,Asia,Imaichi
VOif6qKSWA4xGe6ZBSrp2A,-2.91048027,-78.9856031,EC,Ecuador,South America,Cuenca
Z3na-liHQyHVz0zCLwfOdA,12.12897149,-86.26587952,NI,Nicaragua,North America,Managua
ZhEyLYcAjxqEVTGLTXaItg,39.407172,-77.429233,US,United States,North America,Frederick
Y1_m2ZIJoC73-3XGTBIRUA,-15.8295085,-48.0523425,BR,Brazil,South America,Brasilia
jr5tX8IrUx1b6JGw7TzGPw,50.099114957404,14.468527094924,CZ,Czechia,Europe,Liben
JYr2kVPIKb9KIAzGm8Qq9w,35.15644,138.879396,JP,Japan,Asia,Mishima
gWq-94rX8M6EvDkepDlSXg,-43.529519288448,172.60607901079,NZ,New Zealand,Oceania,Christchurch
Y8K3VLrD7169r9ByWZziYw,44.958605555556,-93.307561111111,US,United States,North America,Saint Louis Park
enebs6MSt_PmDCKkldbLSQ,24.810477,121.257453,TW,"Taiwan, Province of China",Asia,Daxi
NB5zQenAt9-Y_ynlubfxzA,53.0673394,15.658474,PL,Poland,Europe,Bierzwnik
Ko8zQNaKMiU7tWVXuS2fnw,6.550340098965,101.27918062021,TH,Thailand,Asia,Yala
DWoB0ROYa6HD_slYo8jOEw,52.26839262,21.00072851,PL,Poland,Europe,Zoliborz
nSQLG3dn7ZD_uoiwZhMo2Q,54.592375,-5.925572,GB,United Kingdom,Europe,Belfast
XQuNR2iPk1fOd3Y1FOw-Xg,51.512772085307,-0.22540427064291,GB,United Kingdom,Europe,Hammersmith
eGd3bxhugmDv0Yw3Rl5nhg,35.658363,139.778537,JP,Japan,Asia,Tokyo
RQh5exRs_Kxnu-I5Vnaxaw,34.979191,138.41034,JP,Japan,Asia,Shizuoka-shi
3kcqZK7_FBZnAhq-lE4U4Q,43.6547007,-79.3630573,CA,Canada,North America,Toronto
l_KXhZii-uEM_sTNFqimBA,-37.83348865,144.99133397,AU,Australia,Oceania,Albert Park
y7XEeJUOQljBOSKyjW971A,47.54513375,14.88332985,AT,Austria,Europe,Eisenerz
X5PN2Q0o-epcO1vaNTZLlw,19.425838,-99.172068,MX,Mexico,North America,Polanco
ebHqiIRMu_UjubAqTIWG5w,35.972430555556,-83.923125,US,United States,North America,Knoxville
qjM7KRF0s5_NyVJFcyJjcg,18.7618067,99.029534,TH,Thailand,Asia,Saraphi
JFSM1abIpujhpSc6C83yzA,59.321260776791,18.072223429037,SE,Sweden,Europe,Stockholm
a56B5auoakHt4c7WSMzplw,33.531116388889,-111.96658805556,US,United States,North America,Paradise Valley
pDQXyKzd7fLTArd-8ASrDg,39.33985,-76.629077,US,United States,North America,Baltimore
He63qL1TJLNpNmmRCBntrA,48.208633,16.219336,AT,Austria,Europe,Purkersdorf
vBjOuBA1_xFZxUHY_qZtAA,41.871464,12.496189,IT,Italy,Europe,Rome
3qmDcHvPMvvQKOayYzCQCA,-12.97968457,-38.50287149,BR,Brazil,South America,Salvador
Y2V2xZLzeTGMNM0JWqwGNQ,-33.895674,151.223808,AU,Australia,Oceania,Paddington
Mp2TWchTY8gkV3fH1nTo0A,47.488233659535,19.026816283133,HU,Hungary,Europe,Budapest XII. keruelet
3zxGaV92D97WHtrRpc-L2w,45.436766666667,-75.659736111111,CA,Canada,North America,Ottawa
8kdJYqpj5OGqKaL6LSvc4w,-38.011883,-57.555648,AR,Argentina,South America,Mar del Plata
fJEQ907fbOGo8ayyJy80uQ,52.21522174,21.03026241,PL,Poland,Europe,Srodmiescie
yY5rUOHH1UMaZv94-oheWA,-34.89589527,-56.16723293,UY,Uruguay,South America,Montevideo
UAOfh2NgAAiu-CmS8-Sx8Q,34.0675305,-84.2612181,US,United States,North America,Alpharetta
japT09fwyd8NDtOl2mhQBA,38.9084222,-77.07602185,US,United States,North America,Arlington
eWmtQQyjRBHeY1lzbcuHzA,33.9011439,-84.47459919,US,United States,North America,Vinings
EZJTbIpLNOfHnw3DvA1NEA,57.6439441,18.2928955,SE,Sweden,Europe,Visby
zfFX-Wt_ZvPTXLBn1-ZwCw,42.355895,-71.069131,US,United States,North America,Boston
HwBonTfmkfIOANA1O7B2OQ,22.282192,114.180529,HK,Hong Kong,Asia,Wan Chai
deH_p9KQpjayEkZ0urosVA,53.605645,10.070886,DE,Germany,Europe,Steilshoop
qy2e4U81ET53lVFnUbPd_g,35.613014,139.589923,JP,Japan,Asia,Chofugaoka
w6P-bhxqLU7eqlbb53VbAQ,36.176793,-115.143004,US,United States,North America,Las Vegas
weu-nG4xi80y_Ygr6eE7ew,-33.794585,151.18968,AU,Australia,Oceania,Chatswood
b5cE7bCM8s4ipW-zOkY3rA,-36.818716,174.61419,NZ,New Zealand,Oceania,Rosebank
PLMNZM25wa9UhrFXtuGkaA,54.7742663,-1.5715574,GB,United Kingdom,Europe,Durham
Xu4GrfE1EQfO5-MFrTug9w,12.985844,77.592988,IN,India,Asia,Bangalore
OB_uP2lnUx3u7zPPEO1FvA,56.13879885,-3.94345224,GB,United Kingdom,Europe,Bridge of Allan
LP05DCkbjWuxUGvZkfsvRg,37.800116,140.266693,JP,Japan,Asia,Yonezawa
eOeDnCacMp-41NVHZprBXg,-37.82585,145.00254722222,AU,Australia,Oceania,Richmond
518tcJ3hR-DuR0vXpAy81Q,59.304021,18.00353,SE,Sweden,Europe,Arsta
HFvU1BvPow28JhYOX_14hw,-33.440757164078,-70.62435105443,CL,Chile,South America,Santiago
ObfP81hSfI_z6ZwLkb_AcQ,47.602166,-122.324733,US,United States,North America,Seattle
9Uzun-TCSPwkRdM-UCoK6g,37.797666921023,-122.40070040259,US,United States,North America,San Francisco
IUC9AegCOY57lnwNlIiSZA,37.450763,139.824739,JP,Japan,Asia,Kitakata
wu37qBRs1dK6TOp7JWv8ww,51.4389249,7.0603561,DE,Germany,Europe,Essen
_7CeLOWVbUdGKNuBoOtwvg,6.2373969,-75.5708178,CO,Colombia,South America,Medellin
FYOX4rVV6v8HQW_7_nLwgg,42.416308,-83.140729,US,United States,North America,Ferndale
Hkry9mqUOo8aTc0RkiPDLg,29.51511989,-98.56680754,US,United States,North America,Balcones Heights
cpmwMk4nj7zY3CvotoJwPg,40.7426926,-73.9576809,US,United States,North America,Long Island City
W1R_b6Wz-_V0_JJsoma9Ug,39.431689,-77.008061,US,United States,North America,Eldersburg
2wDcFSrON-q7gPjzDfOw2Q,55.698847,12.529747,DK,Denmark,Europe,Frederiksberg
KdwzYlpNZEljy0P-slZZ5A,33.8944808,-84.3286849,US,United States,North America,Chamblee
HypfplE67fo5uiIhceWq6w,59.861180288776,17.647143602371,SE,Sweden,Europe,Uppsala
IgPKyUGOLtDbWrhrNe2xPQ,51.336097222222,12.400569444444,DE,Germany,Europe,Leipzig
oO59tmw_RecOjg0SHHPZlg,47.382341666667,8.52965,CH,Switzerland,Europe,Zuerich (Kreis 5) / Gewerbeschule
a0TJFhNKAixyz8gAm9fONQ,35.015091195,138.28038618111,JP,Japan,Asia,Shizuoka-shi
zO2iJa82ZWUnAz3j2o18fw,35.660584,139.760628,JP,Japan,Asia,Tokyo
DklapLJph6WMMoglu4uzKA,-41.432597615826,147.15063336965,AU,Australia,Oceania,East Launceston
UcQQJrBqDCrkX98g_xrA5Q,35.434439,139.614879,JP,Japan,Asia,Yokohama
VuOFbiRFneCs9CIcPgjVjA,43.632242,7.122363,FR,France,Europe,Biot
vdaB9cZciCAJMEKf6Jb-2g,50.043413970908,14.439042286895,CZ,Czechia,Europe,Hodkovicky
THWWTxIA4Rewdo049mYEHQ,47.411866666667,8.5377805555556,CH,Switzerland,Europe,Zuerich (Kreis 11) / Oerlikon
qVOOsxPWuA0DI6GOs10ZAw,40.45833151,-3.70020449,ES,Spain,Europe,Tetuan de las Victorias
duFPdYNdNOhtZkQtSP3HIQ,-43.53320988,172.64312825,NZ,New Zealand,Oceania,Christchurch
PftDS-VbBkqr17Kpdjkk5Q,41.751124,-88.017567,US,United States,North America,Woodridge
HfdbDYfrNraywdQzHAH8ow,-33.90231612,151.20335861,AU,Australia,Oceania,Alexandria
d_eiTe0VhPgBqA-IOvR1pA,51.034458078005,4.3599744553625,BE,Belgium,Europe,Kapelle-op-den-Bos
lL7dDIuyh3DpyOqnLC448A,51.462773,7.061186,DE,Germany,Europe,Essen
pcyyVy1jUvVJWO6QK5-eVg,37.082507,140.194199,JP,Japan,Asia,Kuroiso
T7VkCp1quzfbnWEJ5d6rDw,37.600765,-122.41915805556,US,United States,North America,San Bruno
MrcB2imRZzEDnSLWCeQI2g,35.019809,138.41825,JP,Japan,Asia,Shizuoka-shi
4sji6q06rDD3fbXaYuA7LA,45.43433284,-75.66596103,CA,Canada,North America,Ottawa
2Zmmq8u0tDHyuavKnDYDWw,1.307247,103.811717,SG,Singapore,Asia,Singapore
qV87USRRsFcKm5edOpirIQ,40.759573,-111.865356,US,United States,North America,Salt Lake City
ScYXkE0EwlbX2hLgT7Z4iQ,22.329242,114.178499,HK,Hong Kong,Asia,Kowloon
qiE_wG3-ULCOiN5D8hNduw,29.481509,-98.470237,US,United States,North America,Alamo Heights
g4CmFkx9kt-7pKletRr23A,43.44132152,-79.69246214,CA,Canada,North America,Oakville
mgS0L7e3-GA8pxEO4MZWJQ,51.52003987,-0.11937036,GB,United Kingdom,Europe,Clerkenwell
jEgdRfPn6TGW28jZY9ocPw,34.9427652,135.6960067,JP,Japan,Asia,Muko
sbvmmf16PkwM6n0sJmw-Wg,52.254054,20.993927,PL,Poland,Europe,Wola
omkwETWS84c3ve-ENXL5BA,42.366584,-71.058935,US,United States,North America,Boston
xU-mNRH87In-j7ki5eBYqg,-27.466792,153.025458,AU,Australia,Oceania,Brisbane
24duBNzA49DVh3dHIyRpcQ,35.169619,136.892488,JP,Japan,Asia,Nagoya-shi
IDLfSMdqURLjEjk_cv_4Bg,48.819095,2.287505,FR,France,Europe,Vanves
m33zdlZ8EkaOIDVAqEgGXA,50.8838716,4.7203516,BE,Belgium,Europe,Leuven
ILvFy4WzjW1UiaQ-RByezA,52.37796,4.896026,NL,Netherlands,Europe,Amsterdam
rbPNqyb8NHL6CsIAaJsCBg,38.97035123,-77.08237543,US,United States,North America,Chevy Chase Village
E1fW9YQ1i6wFQS1MFkH1dg,41.2944049,2.1030242,ES,Spain,Europe,El Prat de Llobregat
LXkhsAiWasy7VTYr-1S-ag,51.2124339,9.6954345,DE,Germany,Europe,Hessisch Lichtenau
NxPtGt032tyZF2WrZXjOzw,41.146441,-8.617381,PT,Portugal,Europe,Porto
SvK1DEezBle08y0EnWTT2Q,43.302634,5.37941,FR,France,Europe,Marseille 03
FAV2ftuhG-ljjML7aKkD0Q,35.964572222222,-83.927594444444,US,United States,North America,Knoxville
PHsnAKPVLCHIchAbN0ntzw,40.439291,-3.712102,ES,Spain,Europe,Chamberi
OpGJytkWwwWThNWNiDPM-Q,40.7695539,-73.9351526,US,United States,North America,Long Island City
2RuLAjqPnojRoffOmyHkUg,51.322927,12.393142,DE,Germany,Europe,Leipzig
8PAsXUiyw-bdqMEL5axDVw,35.88894119,139.55819117,JP,Japan,Asia,Kamifukuoka
a_hKk05FcTQvOMV2L1n1Dw,-33.3994085,-70.5895614,CL,Chile,South America,"Villa Presidente Frei, Nunoa, Santiago, Chile"
6igAZkpPOOTvbkwVkBz32g,43.595661111111,-79.588675,CA,Canada,North America,Etobicoke
E2AXqDVfUYR8b5rTmXt0uA,55.59868657,12.98217155,SE,Sweden,Europe,Malmoe
B4Btuec01xRT9HnUX4RNXg,13.765583569167,100.5073070525,TH,Thailand,Asia,Phra Nakhon
d9eAJl5N-m0Q5l9hcag3Dw,39.67418096,116.40717732,CN,China,Asia,Weishanzhuang
a6uFPg4sM8gclLAiF8t-UQ,47.357666208409,19.047218402848,HU,Hungary,Europe,Szigetszentmiklos
qmw98donJ8M_ZTiJkC49MA,40.7545896,-73.9490468,US,United States,North America,Long Island City
sRKkKlwyzG_GCE7AwC-3Mg,-25.4536532,-49.2444934,BR,Brazil,South America,Curitiba
f7g99sOArXNC8fzk6K79CA,52.091191666667,4.383955,NL,Netherlands,Europe,Voorburg
6wlRAcyxa4lw4Hg4_cn0Sw,37.39270755,126.95514559,KR,"Korea, Republic of",Asia,Anyang-si
6DRZAoWes2q50XBRTz8dcQ,39.948566,-75.152775,US,United States,North America,Philadelphia
PDJgse_Z9BFy5gUpMx07cg,19.424643,-99.184491,MX,Mexico,North America,Polanco
i2rih75a1dxYJrjlj7aHfw,53.747363872826,7.4770665820688,DE,Germany,Europe,Langeoog
yFWyLxYPp9C2KryjNqMpfw,35.161683,138.930842,JP,Japan,Asia,Mishima
B8us7fIegpDX1usB_WGI8Q,29.42471719,-98.48889667,US,United States,North America,San Antonio
wPTgjXQESHfLt6sbyXfnlA,46.80211,-71.228654,CA,Canada,North America,Quebec
2poL2Jo5e8R5mYy9aKoOKg,34.8332064,139.0751945,JP,Japan,Asia,Ito
qiBvatS0jlevcSCAXM12gw,39.282983,-76.520847,US,United States,North America,Dundalk
GuWI4b6nmNgwnhZnKkYNBA,51.92721251,4.4387863100001,NL,Netherlands,Europe,Delfshaven
B46Yeq1Njjo2EoiQF7WfSw,-43.505304252715,172.62709790738,NZ,New Zealand,Oceania,Christchurch
7zgCEGUNiY3U0oPid9mE9g,1.42185739,103.84967509,MY,Malaysia,Asia,Kampung Pasir Gudang Baru
I_PlLW-qUqSFeZjGqKf0Vw,35.801516666667,-83.944205555556,US,United States,North America,Eagleton Village
0agTvBdoGVCc1mQyQy2ohw,35.137619,138.661277,JP,Japan,Asia,Fuji
7byzJmyz7HQS_mY2g2W4QA,36.388599395733,139.67440795898,JP,Japan,Asia,Tochigi
MshKrlckYDmSiclokui_-g,-41.432079857214,147.14619069652,AU,Australia,Oceania,East Launceston
S7AMEtURu041Z8LbDvMHmA,52.3876,4.901202,NL,Netherlands,Europe,Amsterdam
78WHRGl2_vYCjReXHvUZew,47.507141106762,19.086175728589,HU,Hungary,Europe,Budapest VII. keruelet
C1626g3YMuyPGeCZudgGfg,40.41700494633,-3.7093287976453,ES,Spain,Europe,City Center
lWP3GKF9JQ93bbC-FV0RDQ,34.940828,138.320387,JP,Japan,Asia,Yaizu
WocnMCQpcwL19HMt_IsS4w,35.016273,138.395717,JP,Japan,Asia,Shizuoka-shi
tysdy9bk816bPaGu-vHsig,36.823739,139.71607,JP,Japan,Asia,Imaichi
CWFhBYFEgXUQ9x3dV7Jd2A,34.95465839,135.77742118,JP,Japan,Asia,Uji
vpZe3zjEm1rBINXMCmK-dw,43.702,7.27512,FR,France,Europe,Nice
hhedKmIUbXtDMaXNTWtJdw,35.2690902,136.9074154,JP,Japan,Asia,Komaki
XJUMGnAdQmBnMy4P0CtVHw,42.371084,-71.07662,US,United States,North America,Boston
L1Uc7_GGSpmTPbffb44V_A,-12.073211,-77.036281,PE,Peru,South America,Lima
SDGm6_VBVDZUa0ZyTk9i0w,1.379774,103.89685,MY,Malaysia,Asia,Kampung Pasir Gudang Baru
bIFXlQP0v8MfE8Dq5kk_4A,47.6191781,-122.1855738,US,United States,North America,Bellevue
7SPMOtVBWPy0SEJu7Jq5gA,37.489125,139.930683,JP,Japan,Asia,Kitakata
3jOSBSdEYQxGqqUpWDC73Q,34.04932840554,-118.25613750026,US,United States,North America,Los Angeles
45qQGMGIFqkT88kKplDWIw,34.752682987635,138.21012144921,JP,Japan,Asia,Sagara
zauoFML24dIswW_Y0XfBdg,47.676084,-122.206904,US,United States,North America,Kirkland
8FgB8vgfwVi-yRum0M35Nw,-34.6142133,-58.5247322,AR,Argentina,South America,Caseros
GJQAV2MN9ptVev_zt_zdIw,51.477689297365,-0.10713837252592,GB,United Kingdom,Europe,Kennington
JZoc5VGfVcfPZq7CdAT7JA,37.348953055556,-121.94831805556,US,United States,North America,Santa Clara
JcV9So8xlsvGO7Jqrn_EkA,56.653429,-3.782783,GB,United Kingdom,Europe,Pitlochry
Vc054zq-JSmqDfOStavz-g,32.7314805,-117.15090082,US,United States,North America,San Diego
Prdu23UxzVJ8EsrzPlNoxA,22.278526,114.160092,HK,Hong Kong,Asia,Central
xqLexdDiiquiWcgYB5a70w,38.90237954,-77.04875464,US,United States,North America,"Washington, D.C."
HPo9FMeAN8rEe5uVAbCeaQ,-27.418095,152.984073,AU,Australia,Oceania,Everton Park
iO6xIei2ca1sQR5WraI-dg,37.593816,140.456638,JP,Japan,Asia,Nihommatsu
zq1yxtSN9CpuBMKqzUsWNA,-33.91183777,151.1939975,AU,Australia,Oceania,Alexandria
5njuyDdufE4VNPPjiaNclQ,36.016328,140.30703,JP,Japan,Asia,Inashiki
9-wHylUQQT_S4DISc7OgUA,34.062296,-118.348438,US,United States,North America,West Hollywood
A_HndhsAqX-6VdY90Hn-cQ,10.41314959,-66.90898597,VE,"Venezuela, Bolivarian Republic of",South America,Baruta
3wqV9Pyoxt9CGOygZErH8A,22.282794,114.181806,HK,Hong Kong,Asia,Wan Chai
El9OyyIoLPz6Cc5G84yxhQ,55.951449483847,-3.1914483655147,GB,United Kingdom,Europe,Edinburgh
w4pSm9nitnGCktUdL0N1qA,-17.8081659,-63.1561599,BO,"Bolivia, Plurinational State of",South America,Santa Cruz de la Sierra
tDzu-dtptycLK1JHbD2WiA,39.359517,-76.474598,US,United States,North America,Rossville
DiaoVCap0pTHnmtv2Jcg5A,37.736166388889,-122.45995138889,US,United States,North America,Daly City
nrEuM0LdHJbxCnksrHIn_w,34.691237,137.563302,JP,Japan,Asia,Kosai-shi
JU82NwbLM0RozA0L2tj8ZQ,50.87002,4.6847316666667,BE,Belgium,Europe,Leuven
d4eZnvakIhHXbVe0ukYpDg,43.408702777778,-79.738738888889,CA,Canada,North America,Oakville
zKTVcMU8Ust07hOjcb30ig,36.181101,-115.140235,US,United States,North America,Las Vegas
eN45sGkH4r1fII_rFB-U0A,43.301404,5.38065,FR,France,Europe,Marseille
lJvup1hNUzKaxFYnF2zcag,-27.444864,152.951919,AU,Australia,Oceania,Ferny Hills
pi1nI6PGtaDVA197tHA07A,55.683845,12.587236,DK,Denmark,Europe,Christianshavn
hgErdNUZ_yVIy4nc-2G4IQ,33.9703602,-84.54232547,US,United States,North America,Marietta
XA2HHr8KyEcE7o704nM5ig,19.4279585,-99.1796396,MX,Mexico,North America,Miguel Hidalgo
ECx2AvhcDEgFFcc4HXghgA,-33.428830172498,-70.597274154425,CL,Chile,South America,"Villa Presidente Frei, Nunoa, Santiago, Chile"
1gDpsUfmwjf49TN_JnlSAw,47.619964177695,-122.35270978893,US,United States,North America,Seattle
L-MeZvMzVlH8wY30KDbKfQ,37.526626,139.834856,JP,Japan,Asia,Kitakata
cf7VKgz8cj3SXsFB5NFW8g,42.358556,-71.052806,US,United States,North America,Boston
BnA5lOPhqcTIOL_AVd0NLA,37.921941666667,23.74734,GR,Greece,Europe,Argyroupoli
6vjnUWOZ72hk0oEPrnYN8g,33.90185931,-84.4506095,US,United States,North America,Vinings
QjnQo-UI28M-F-TPVdglkA,1.314602,103.852262,SG,Singapore,Asia,Singapore
IP2C91SQp3pHA2pbFwji8g,42.912802,143.049581,JP,Japan,Asia,Obihiro
61pk4tz3PHmfDkc8VBBtsg,55.662447,12.576835,DK,Denmark,Europe,Copenhagen
ht-634r6yQBxwr3gZEoBbg,-33.893269,151.221422,AU,Australia,Oceania,Paddington
Fiyb3CoycY5mwzCChNBNjw,42.411072,-71.087814,US,United States,North America,Medford
928X61J9z3FE_U9hWyeKRg,55.873442,-4.190546,GB,United Kingdom,Europe,Stepps
AHZD_LVI2wlS_bYFrNz1FA,47.6208714,-122.18844401,US,United States,North America,Bellevue
vzd5o868kRv_nCQlBgi9DQ,51.5262721,-0.1134903,GB,United Kingdom,Europe,Clerkenwell
9vs9-Y61SevbBUWCJgwAQA,55.773427,12.524241,DK,Denmark,Europe,Kongens Lyngby
lAEHJVK8bVTNytF8VSqqIQ,54.603049,-5.924524,GB,United Kingdom,Europe,Belfast
MLavo-gOLMV-qtsy6CDFUw,35.690239,139.772293,JP,Japan,Asia,Tokyo
-hpHZbw6Jxohec96hWum7A,22.281098333333,114.16261333333,HK,Hong Kong,Asia,Central
QhpPOJVjS3g0mtyxd0bm_Q,40.758386972222,-82.515979583333,US,United States,North America,Mansfield
XJM7RixVusV1ninqZ2TpLw,40.438507,-3.696279,ES,Spain,Europe,Chamberi
z08IMlL82smEa8PgngT2eQ,1.294931,103.849919,SG,Singapore,Asia,Singapore
y6RvJ6_jOSp2v03Vq9aHHA,41.89016475,-87.84141824,US,United States,North America,Maywood
dWILlwYkChNUGpQWx45Uug,34.79031426037,138.01273702124,JP,Japan,Asia,Kakegawa
dKU-D3rNQFkTkUxqhPpgpA,43.6484369,-79.6213171,CA,Canada,North America,Etobicoke
zCbtd7vVqS71aUXGlHzeEw,37.307393,139.921552,JP,Japan,Asia,Inawashiro
f4oQotrOBQVbymAaoM5QYQ,39.300951,-76.616447,US,United States,North America,Baltimore
EE2PFzELYCycW5FIscLi6A,-23.557362,-46.661193,BR,Brazil,South America,Sao Paulo
aH1YjtYuaghzVuWqdXWl-A,-12.070801,-77.037722,PE,Peru,South America,Lima
a_b3kaOdT9i0uZogfUBoMg,43.659575,-79.653158333333,CA,Canada,North America,Mississauga
w-EpMuRYanSno5i-fADCUg,55.716989,12.538655,DK,Denmark,Europe,Frederiksberg
cF38coJobuqu_cZrTel66w,35.654906,139.743903,JP,Japan,Asia,Tokyo
R2jywAIROrlPKkGXTQkEWA,-34.91139,-57.9546927,AR,Argentina,South America,La Plata
7hToYrWCg8ojYTWGCX-H1A,10.47129797,-68.11113464,VE,"Venezuela, Bolivarian Republic of",South America,Moron
6-JN82oUGsmjWgd4GufU8Q,45.5152504,-73.55893159,CA,Canada,North America,Montreal
7M_u9BIFVxPFEGmYZASPLA,40.709698055556,-74.332621388889,US,United States,North America,Springfield
8M85EH_RusWxx_8vELahpA,47.71338154,-122.3276779,US,United States,North America,Shoreline
FUOniCQiM8dYlU8zwVsQEw,44.94844751,-92.88052171,US,United States,North America,Lake Elmo
3WPUYKcIISLiqKxkq7cw4w,18.274413333333,99.481228333333,TH,Thailand,Asia,Lampang
Lnkr6_VMUCXbtK0PhcKj3w,43.757175,142.329879,JP,Japan,Asia,Asahikawa
1B52ZBHc8AzLxOqgzcOXrA,33.58235574,-111.95370252,US,United States,North America,Paradise Valley
SRQF6f9lL6f0DnP7NXVXLA,43.071782,141.336236,JP,Japan,Asia,Sapporo
EKVeCk-m2OaA0HxeUNS-VA,52.345908432284,4.9145719330421,NL,Netherlands,Europe,Duivendrecht
fRmluyETMDlb9oVcVe8Bow,43.304959,5.365252,FR,France,Europe,Marseille 02
E7Vta3ehMEcqp-00aRu_xQ,54.5972091,-5.9302505,GB,United Kingdom,Europe,Belfast
L3lMwBi-fI4Wu-NGXQwTeA,47.611581966216,-122.3363506197,US,United States,North America,Seattle
gs46ImCkvqW4kI3jt4rZSA,37.762579,140.497844,JP,Japan,Asia,Fukushima-shi
5wgs8GhgiK4aFOiLPnwYkg,41.45418726,2.22390272,ES,Spain,Europe,Santa Coloma de Gramenet
pIFGjhn6ct9Q9X1B8ysjVQ,-22.90772172,-43.18163351,BR,Brazil,South America,Rio de Janeiro
brwKugqKDPgkBEACrhRehg,47.9542677,-122.1953204,US,United States,North America,Everett
Y8xxUzJ7odJxkd4odiEz4Q,13.748822193333,100.57029294778,TH,Thailand,Asia,Watthana
ua1s7FBfcWPIFS6M6BmShw,51.4417387,6.996335,DE,Germany,Europe,Essen
Xmn6V7H0zwpkutjlAJ6X8g,40.473566,-3.673011,ES,Spain,Europe,Pinar de Chamartin
gZ9RoGcLe-IK5_yqahZC6w,39.306195,-76.621052,US,United States,North America,Baltimore
vHa2lwgD6jgAKkvsS1woHw,18.781445,99.00305,TH,Thailand,Asia,Chiang Mai
q3jNNR2fS0oyjBq47TK-YA,41.889417,12.495165,IT,Italy,Europe,Rome
5LgGmrclsdrWuSKSLaa-uw,48.86231,2.300975,FR,France,Europe,Levallois-Perret
eoXWjNqTWVcKCNM2x-piHw,35.647485,139.789431,JP,Japan,Asia,Urayasu
IbpJ07N8w60o4qzycvxlTw,38.715219,-9.139371,PT,Portugal,Europe,Lisbon
VXOkWbGuMYlPh9PbezMHzg,35.645659,139.803871,JP,Japan,Asia,Urayasu
mIBDeefy0lm1X0CKf4SKyg,35.0581755,138.8815821,JP,Japan,Asia,Numazu
VWtRTU6Pgtxll9diNi5sCQ,56.641383,23.696451,LV,Latvia,Europe,Jelgava
W4U9jdIUQyjZlVLMERk3vA,52.408743,13.054702,DE,Germany,Europe,Potsdam
rrIeABGN7W-yEM2aC22-hw,37.199398,140.466268,JP,Japan,Asia,Ishikawa
z1uGUfJJePu5QSFIBuXZGQ,50.084196,14.427526,CZ,Czechia,Europe,Prague
cRTMgHsmfmjIKMZRIpslMA,52.38875,4.891796,NL,Netherlands,Europe,Amsterdam
bZoxY_ycJfs4SJXiBinouw,41.40509851,2.19367092,ES,Spain,Europe,Sant Marti
Kkk-YHw-znw4PDTsDfkfNQ,40.480715,-3.685301,ES,Spain,Europe,Pinar de Chamartin
MQvAqH1Dp1nLJMO-Y346nQ,47.62419938,-122.35539508,US,United States,North America,Seattle
VY-lxl7BkBcxNNWymStYfw,35.3337636,136.399293,JP,Japan,Asia,Tarui
YHdfjuyzCS88sq-OgxsbUw,51.33,12.380375,DE,Germany,Europe,Leipzig
MEnEbXOVUUzSqKzWdNPycw,35.406026,137.676125,JP,Japan,Asia,Iida
hxdNQv2lx3dguLM0a1n9vg,50.05480706,14.45324,CZ,Czechia,Europe,Vysehrad
3g8ho4TYKtinTRc4knm_3g,30.6538346,-88.1179328,US,United States,North America,Tillmans Corner
hiLRnEAsIQb7eH5osF__NQ,36.182397,139.975201,JP,Japan,Asia,Ishige
Ix6j0o6FCbRp-c-6XoULSA,47.501585874707,19.055473990738,HU,Hungary,Europe,Budapest VI. keruelet
Wt1vhnTVsgo0Ch4ni1tNlQ,55.950083,-3.194973,GB,United Kingdom,Europe,Edinburgh
Hf3moOVg3dk1U5vVnIWGrw,39.67440635,116.40720781,CN,China,Asia,Weishanzhuang
rX4E0IJIT-I1uWZAedh8Yw,36.040565,140.204617,JP,Japan,Asia,Ami
elVo0Pn5UIWXixrHVYMAPw,35.671798,139.784321,JP,Japan,Asia,Tokyo
LvxaOpiRQX15ef8jHHitvw,1.299321,103.830076,SG,Singapore,Asia,Singapore
LKYNFSU0AksDiPobxhBYjw,11.92945595,-85.95382531,NI,Nicaragua,North America,Granada
otfJJmDlSD-PKVkjlivp_Q,55.611732619961,13.018235970005,SE,Sweden,Europe,Malmoe
sz0bH_9Wv482XCAjNNqJHg,49.48043482,8.46942948,DE,Germany,Europe,Mannheim
bgj1gFbysYstW8GaytNHqA,52.515323034219,13.385965656267,DE,Germany,Europe,Tiergarten Bezirk
TqvPFBzLC2ynUV2JgO8iZg,47.7184267,-122.1920142,US,United States,North America,Kingsgate
kpyGZtTfNn3Ln_ADb7OOMw,1.283174,103.836099,SG,Singapore,Asia,Singapore
9R5T3eIGAtzW0iwKY54uYw,35.658918,139.778041,JP,Japan,Asia,Tokyo
ewBSwnRuCC_Xkg64eHOnhQ,34.091898,-118.382086,US,United States,North America,West Hollywood
Hf40YDQ4Fv6b5fBamQHt_w,47.60238083,-122.3365951,US,United States,North America,Seattle
tENEkXVT_LiQtUxtFb-HzQ,47.409577777778,8.5378833333333,CH,Switzerland,Europe,Zuerich (Kreis 11) / Oerlikon
vXWBc0x_-BZJ6QgLyksN1w,-16.496895,-68.119611,BO,"Bolivia, Plurinational State of",South America,La Paz
_tyQwQmZxfvAZ8Bv6i9FNg,50.446841666667,30.523072222222,UA,Ukraine,Europe,Kiev
zVXpupZGsnRlra-kKhSohA,50.0701638,14.37103285,CZ,Czechia,Europe,Mala Strana
BT43i6mz-45yZx_z4UxU-g,34.9380458,135.7167879,JP,Japan,Asia,Muko
Z0D1xtILVkBKLVu1HT9jPg,39.440536,-78.977692,US,United States,North America,Keyser
N2m-MdJbDB15BABFwP3iow,-33.432228198343,-70.592488515262,CL,Chile,South America,"Villa Presidente Frei, Nunoa, Santiago, Chile"
IsbmQ3DbfGG7ZM8GH7npRA,60.15978933,24.91852642,FI,Finland,Europe,Helsinki
fFvTYb7D7sukSlGojvyBeA,40.725478,-111.882335,US,United States,North America,South Salt Lake
IpjDmLoiPov5NyVgqJU0eA,41.913516,12.466804,VA,Holy See (Vatican City State),Europe,Vatican City
Wo_eHpzrPxinRlauaJDRyA,43.21878101,76.96402619,KZ,Kazakhstan,Asia,Almaty
cQPmxsooUVcafvOdFBKYmw,42.11531199,-77.93866319,US,United States,North America,Wellsville
bKa6AEMBW8OEn2JDFvZJTA,35.447461,139.418009,JP,Japan,Asia,Minami-rinkan
PQ3nUG06LZixK5o4OQvIuw,34.9535086,135.8113777,JP,Japan,Asia,Uji
TraYwntcWLBRpWeRrIHUrQ,35.663734,139.76336,JP,Japan,Asia,Tokyo
-hUGu_wVAkoTya0Gp1cCsA,53.359448765405,-6.2616640515625,IE,Ireland,Europe,Drumcondra
v4-tkRPuuFKnQMd12G0VXw,-12.045315,-77.04301,PE,Peru,South America,Lima
YXE5FnryjbuHx7tECX6Sew,42.364036,-71.051152,US,United States,North America,Boston
e6qlpYSOCCUWvD-huko6Dw,-15.8309798,-47.8703161,BR,Brazil,South America,Brasilia
iCZ4Drl_h4sZDXPwu44QQA,51.457268,6.975907,DE,Germany,Europe,Essen
UveXL1uPx0kYcE2rVwXjKQ,48.21742436,16.37021601,AT,Austria,Europe,Vienna
AA0m5FhNrwxRoR3qDy-D6Q,43.301727,5.382382,FR,France,Europe,Marseille 01
g48JfflPbHuvhJ7O1Ngh_w,37.4524511,139.83480601,JP,Japan,Asia,Kitakata
1u_XW5RrYKPBy0iWkOub0g,29.92339062,-95.62787906,US,United States,North America,Oak Cliff Place
1YbW4V2NzHmzFEKLvwaE3Q,34.15207,-118.136324,US,United States,North America,Pasadena
OehIik9x6PvNzQBWuz1Msw,29.488051,-98.488852,US,United States,North America,Olmos Park
qcihtS0YmDzFkQZPHpQ89A,50.023106017153,14.439447643214,CZ,Czechia,Europe,Hodkovicky
MOwHGGqckJ1gq03VhsbosQ,48.001313,-122.110191,US,United States,North America,West Lake Stevens
vrxWeHfjpzzp2UEZ-KNLuQ,34.012807,-6.832788,MA,Morocco,Africa,Rabat
c9zLGDfS7KUg0l4X4UqrPA,51.48126661,7.44211041,DE,Germany,Europe,Dortmund
jjQ208pZEM1XvFPfQi7Q-g,42.303821,-71.150866,US,United States,North America,Jamaica Plain
PsfukR0aKuG8iRfFt2iAyA,35.36905,137.675091,JP,Japan,Asia,Nakatsugawa
0pYwuKfHQF1I5NJun09UoA,19.513319,-99.167062,MX,Mexico,North America,Azcapotzalco
yXQwDLQK_FhkRP8iRiPiug,43.296261,5.374077,FR,France,Europe,Marseille 02
IGVhy_OGTcG_hSxSIL1ZvQ,1.289709,103.834924,SG,Singapore,Asia,Singapore
J4y7NHs3poaho00liQSRLQ,47.638941882614,-122.34547970541,US,United States,North America,Seattle
XgO7O2fg7T4H8g6iMCtUcw,40.780375,-74.053996388889,US,United States,North America,Secaucus
dHpStsfm-yxJLYfeLTj7BA,60.18135,24.958505,FI,Finland,Europe,Helsinki
eQNYHM172H9hYa5Z9sMN7Q,35.117438770556,138.48187157889,JP,Japan,Asia,Fujinomiya
gfplLzYeuqOJtG0G0tDpEQ,47.509144674987,19.051426453516,HU,Hungary,Europe,Budapest VI. keruelet
rsG56Uv0G74qodKxhDbjfA,-0.22205833333333,-78.416858333333,EC,Ecuador,South America,Quito
mdlQIo6Y_c62JbiTzrM1NQ,-6.7786111111111,39.253305555556,TZ,"Tanzania, United Republic of",Africa,Magomeni
HtMU9nkDyOERBD0Wd031RQ,40.4590426,-3.6919548,ES,Spain,Europe,Chamartin
YEa3FtkIzhycxTvSGvsdJw,40.413917,-3.721803,ES,Spain,Europe,Madrid
tqU_BC_b6NWp0MJwYGGZ4w,51.30435665,4.95014178,BE,Belgium,Europe,Turnhout
htY7KUNgt14Dk5YLb5DPtA,48.220233,11.587739,DE,Germany,Europe,Oberschleissheim
ft4XIx1s1_tIKC5BuZkvoQ,59.90822005,10.48668254,NO,Norway,Europe,Billingstad
C1VOgX-Fl9ylrr81m-bmfw,35.285492,138.341025,JP,Japan,Asia,Fujinomiya
sEiDH55CZ_ItM1hCslF1Mg,35.567085,139.76347,JP,Japan,Asia,Kawasaki
G-DySkpgufE7fxFI6WNIdg,37.494855,139.904922,JP,Japan,Asia,Kitakata
0prnIEpc9K52pM85-3ErMw,51.513086,-0.162095,GB,United Kingdom,Europe,Bayswater
_69EblZbqXUcjYKu7myKDg,32.73118666,-117.15034506,US,United States,North America,San Diego
YjrHeKbJw29xWYOHAfZeiQ,30.249547,-97.755212,US,United States,North America,Austin
MiLo5SxnUMeLs3COYQ09FA,-33.795341,150.990281,AU,Australia,Oceania,Northmead
NxbIwAB3syRjhMURTxLC2A,50.913029466552,4.4557064677878,BE,Belgium,Europe,Machelen
VXTtTMeeCghG-aPUSBDKqQ,-34.91327475,138.59863048,AU,Australia,Oceania,North Adelaide
T0fzKyRxc5TCUJ6Dfxhu7Q,32.71973105,-117.16748792,US,United States,North America,San Diego
YrJQs_W0FAY6zqrZPZw1PA,-13.00226462,-38.5216679,BR,Brazil,South America,Salvador
77TNsaYi7EKsW2oJf1VWFg,33.515433055556,-112.05029305556,US,United States,North America,Phoenix
Ti2tGyBPhUKTJR07cpOPPA,47.6860492,-122.3606699,US,United States,North America,Shoreline
udoqp2Js30qZeNapH02w0A,40.713153003777,-74.007456321196,US,United States,North America,New York City
Dn7ad9UpYcjBfAVpEESYZQ,-41.437010447639,147.13428963444,AU,Australia,Oceania,Launceston
-uocR-Vc1j8eeDUF3H866w,37.669139,139.88993,JP,Japan,Asia,Kitakata
1Q7hEw4K52MUqo3W8-ygoA,48.878456,2.354049,FR,France,Europe,Paris
dwKwz1bbltHMDdIhzQ6R5g,48.19076537,16.40065893,AT,Austria,Europe,Vienna
7Y2EDQH4E9SPLX6Zds_0sw,50.451275,30.5255,UA,Ukraine,Europe,Kiev
0-g5x1x9t7t6_lmXUPFazw,48.8336390131,2.2432275707794,FR,France,Europe,Boulogne-Billancourt
4FyvuhN4gErUnqa9n3rwQQ,40.9096121,-73.577656,US,United States,North America,Bayville
FsNqHUhjvyo15RoVtvdSFw,25.2360096,55.3173368,AE,United Arab Emirates,Asia,Sharjah
GN7nB5pbb_Ds3xGpByEONw,12.98336602,77.56039146,IN,India,Asia,Bangalore
yG9pVkbOQ3BvUFFJZkIE_A,-37.8013434,144.9551351,AU,Australia,Oceania,North Melbourne
IL4yQGUn0LZCnpjohftDVQ,24.69085041,120.91323899,TW,"Taiwan, Province of China",Asia,Hsinchu
Fuycw0lc6ajb5XTJDCQgZg,40.60682946,-74.0767061,US,United States,North America,Bayonne
xOsznZ7vT5Vlnie0_rsCGQ,40.7787226,-73.8269579,US,United States,North America,East Atlantic Beach
g8nZql-TG6NITmZfJbZyBQ,37.53664514,140.07866018,JP,Japan,Asia,Inawashiro
NJaSzJ6oP8DNpLgIMlW_cQ,-33.435937097523,-70.63001319766,CL,Chile,South America,Santiago
-V5fGAIR2G__XTVqoz8coQ,43.305322,5.372043,FR,France,Europe,Marseille 03
U01qYTjrcJXmQPZvY7cNxA,41.888851,-87.644101,US,United States,North America,Chicago
YSYBHp9a3CNkjiXy_kpp-g,40.42873373,-79.93637152,US,United States,North America,Homestead
4m0Tw3BXAXNSx5I2e1qCMQ,-33.799768,150.926986,AU,Australia,Oceania,Girraween
3n1rwC4IClLxfD07tFvtqA,35.046125,137.193951,JP,Japan,Asia,Toyota
2rHQq95tI7tr3B34qxdshQ,-12.99635544,-38.46960793,BR,Brazil,South America,Salvador
EwoCJHQyYHgWkc1PJGKjgg,43.301886,5.381785,FR,France,Europe,Marseille 01
KzXO8YJi9jdH0eWNBELAyA,36.149049,-115.104352,US,United States,North America,Winchester
IOWxLOcI2wOtXP9woxr0kw,43.7889895,-79.3740778,CA,Canada,North America,Willowdale
AJTqhn4LA9XDuWsFEB0gmw,50.86347911,4.6916773200001,BE,Belgium,Europe,Leuven
5uzx_96laA0A_t7u3vRTyA,38.899964,-77.281249,US,United States,North America,Vienna
VrrR0cYt44VyhzWkngIXFA,59.301832334301,17.992299646139,SE,Sweden,Europe,Solna
ezSrR-3ZD2XPhRkijoaJFw,52.21359221,21.02214675,PL,Poland,Europe,Srodmiescie
cq-e26vIeu1ZscriUqpJVA,39.308767,-76.615278,US,United States,North America,Baltimore
7g7BtzZ9mC570nsTy3L1qg,43.703929,7.274787,FR,France,Europe,Nice
8UtERmXtCN1VfM0Lb4PZ4A,40.744371,-74.007364,US,United States,North America,Hoboken
beIBxzkR1zQ3DEvXOJ5uOQ,42.901142,140.752469,JP,Japan,Asia,Niseko Town
8GiHmzt-jQ2B22wkobN6_Q,50.862511666667,4.696035,BE,Belgium,Europe,Leuven
WsPxmmkVHBlVeG-uoLXmnA,35.955230555556,-83.935858333333,US,United States,North America,Knoxville
Go4ZUr-i1L0zkseqeL7zOw,38.91260604,-77.08407085,US,United States,North America,Arlington
UAa5ZGqTIPUaxiR9hutBIw,37.739773,140.451418,JP,Japan,Asia,Fukushima-shi
RNaKOydiqdvq6s5Jq113Pw,42.950967,141.235474,JP,Japan,Asia,Sapporo
5NYjBzj0OaRy4RlB4MTbxQ,41.44604246,2.2404651,ES,Spain,Europe,Badalona
zCbNhxCbe-t__DM_j-Sz4w,43.304742,5.374917,FR,France,Europe,Marseille 03
I0YX21dMTe2SnsBdIIBnwA,29.773613,-98.301063,US,United States,North America,Canyon Lake
ekDDzUGOuQK5woHHAUFFZg,43.701532,7.294544,FR,France,Europe,Villefranche-sur-Mer
177UqjbStkQA07PsZQT_XA,63.427527714498,10.403162155127,NO,Norway,Europe,Trondheim
Ny2rxAMoodoNqs2sPQFyVQ,-34.92159748,138.59906349,AU,Australia,Oceania,Adelaide
klMu_dd9NkrqEjYXRjMTrg,37.7960536,-122.4082116,US,United States,North America,San Francisco
goNbG6U6UXja9p6Us5xAnA,29.45501311,-98.48123649,US,United States,North America,Olmos Park
HZNoFQJYATImDTZeLzO5kQ,38.903575,-77.041761111111,US,United States,North America,"Washington, D.C."
ettE7wJ3L40w_OoC1q41TA,33.7630546,-84.3971158,US,United States,North America,Atlanta
mtOZDFN_r_XuLXGh9hWtfw,50.075863049938,14.419179520003,CZ,Czechia,Europe,Vysehrad
jPy7KR2hnTrFOyfLF1NDlA,33.8303541,-84.4315537,US,United States,North America,Vinings
AQmHkGHc1Weh9et7zOpzYw,5.3434233,-3.9880417,CI,Côte d'Ivoire,Africa,Abidjan
4AV4alueY4okMvyhIibeGw,30.02199451,-82.32070444,US,United States,North America,Lake Butler
jOOdYEkylQ_xmxaIxLhM0A,33.37295,-112.073188,US,United States,North America,Phoenix
W4xvYpsJb-Y0BtwIVW5P2w,35.160714,138.900479,JP,Japan,Asia,Mishima
2T2reH82rbd0z8gtmBekzg,55.7401374,37.61867402,RU,Russian Federation,Europe,Moscow
Or8Be3b3xf8VT4qFChz2sQ,1.318913,103.837825,SG,Singapore,Asia,Singapore
MPvV0H2Q0iCCCXCYgC9RXA,35.204782,138.915723,JP,Japan,Asia,Mishima
cgMByRlJXY8qgyRQMdN97g,52.389096,4.902251,NL,Netherlands,Europe,Amsterdam
N6px2WT5YJXUmKefxxbpFA,35.568963,139.409756,JP,Japan,Asia,Machida
p8a7FnCuGFU2ZX1N-adNUA,50.065249627059,14.393600206589,CZ,Czechia,Europe,Vysehrad
SwehR8ENo6GmWTlHX0ylFw,-29.313333333333,27.469252777778,LS,Lesotho,Africa,Maseru
4JxG_CWP-TwqsJvlhwiD6Q,45.411566666667,-75.725975,CA,Canada,North America,Ottawa
xFnkjqdswOYIOH0wTYoG1w,52.0387105,0.7334726,GB,United Kingdom,Europe,Sudbury
cYNNyFOs7s0SXYuQBObLhQ,52.413517,13.091501,DE,Germany,Europe,Potsdam
YIp0jSul_P_H8y-HjZhWbw,48.7749019,-122.49654644,US,United States,North America,Bellingham
JCXu9RAFpMBWEIgeSo4AeA,51.528062,-0.181003,GB,United Kingdom,Europe,Bayswater
3Tz-rjTFD9hdXy9xsaZnCQ,52.063666666667,1.1519972222222,GB,United Kingdom,Europe,Ipswich
xwZj6Z-b2VcT7g7DJsALzw,50.445869444444,30.521886111111,UA,Ukraine,Europe,Kiev
1ZVr4WwP3wSKYu16SLIvDg,40.4284745,-79.965416,US,United States,North America,Mount Oliver
pgOpshg1ERwpA7WXy55JGA,9.9354418,-84.0512111,CR,Costa Rica,North America,San Pedro
qkvWtsfOGL4LFUZvopl3Vg,30.3824404,-97.771576,US,United States,North America,Jollyville
uydWQ-TTzdola536oV5n0A,34.993864749722,138.37021056806,JP,Japan,Asia,Shizuoka-shi
P38lFwqH4N2uZ60PFGuMOg,47.46087773,18.95877893,HU,Hungary,Europe,Budaors
p-12RSeIRcOFPlliWv9i0w,47.4755421,-122.2838087,US,United States,North America,Riverton
jR--6aSdVlcCaovQDXbJOg,33.787572222222,-84.413672222222,US,United States,North America,Atlanta
GCdDz0hEZrRZ5yYmrCak-g,34.771387,138.015331,JP,Japan,Asia,Kakegawa
5G88siC1D7xpa56mWfyU3g,35.23509,138.99828,JP,Japan,Asia,Hakone
_s5RexSNChM62F22QodOtg,31.949135279167,-83.7499261925,US,United States,North America,Cordele
SLQxtS8X3t7KPrPi7Hx3Aw,41.973312,12.542121,IT,Italy,Europe,Colle Verde
UqLmQMtkMCcQQ8t9WdthOw,-25.515385,-49.130971,BR,Brazil,South America,Sao Jose dos Pinhais
ufEvOf__rVqdgkjP8-VBEw,52.21540211,21.03371806,PL,Poland,Europe,Srodmiescie
QIrEKXxxrtoh7-x7LblOMg,35.6177644,138.6286527,JP,Japan,Asia,Isawa
PrylbueA2Qw1PDT5FRM9Qg,47.376444444444,8.5254277777778,CH,Switzerland,Europe,Zuerich (Kreis 4) / Langstrasse
U4famAXonLYtCZKrBokiiQ,52.338538,4.700098,NL,Netherlands,Europe,Hoofddorp
Hngs3e9MUJscCPUCMuXODQ,22.390059,114.194508,HK,Hong Kong,Asia,Sha Tin
MAQYZ6K3AgrX2Z11uljvJQ,34.948619,138.41064,JP,Japan,Asia,Shizuoka-shi
FYEZBfLAL6fVwpkJG5Jnlg,52.17684969306,0.11287992820144,GB,United Kingdom,Europe,Grantchester
Q5mTtKtvIdk2Yl4pkAL5HA,35.303213,136.910457,JP,Japan,Asia,Komaki
PZNwMPR9nVqWza6JRy5z7w,-23.6734612,-46.7013862,BR,Brazil,South America,Diadema
9yDdiGeYsNHTpjkqXxAyjw,39.8505176045,-86.15707308054,US,United States,North America,Broad Ripple
VcpfW90Tqsf-Vc9uS2FZeg,59.36561,17.96384092,SE,Sweden,Europe,Sundbyberg
oJAdhUthZ3TD6plOYFciKg,47.911651666667,1.8967133333333,FR,France,Europe,Orleans
Nk__u_rHfL_ItgIU_F3fHQ,50.86924036,4.37470256,BE,Belgium,Europe,Brussels
CoZAg1yX5KTG32Ik9iGUmg,55.949725401588,-3.1834394484758,GB,United Kingdom,Europe,Edinburgh
D8XuIBJML2Ll20_lpZjfEQ,44.889419444444,-93.349066666667,US,United States,North America,Edina
2e9PeGNj2wAj2RjSZGj-FA,59.923163888889,30.356358333333,RU,Russian Federation,Europe,Centralniy
d9P4jAaQZTIQqYsT6wDH6Q,24.758872,120.965673,TW,"Taiwan, Province of China",Asia,Hsinchu
qAL102Apzs3SnuP2EuqABA,35.635416,139.767005,JP,Japan,Asia,Tokyo
fKsPE6p8GvwUYecIGGhsjg,48.18661515,16.34099004,AT,Austria,Europe,Vienna
TZNMbYqSJuxIpcU2SYzMow,34.950202,135.7070887,JP,Japan,Asia,Muko
K_txDVnqY87ZmRCVW8HguQ,41.41201342,2.18675819,ES,Spain,Europe,Sant Marti
rwE4LzPy6iOdXgXQq6ag-g,50.054433383889,14.432154543592,CZ,Czechia,Europe,Vysehrad
w01uaekQVdjA0SynReN5Yw,-15.836643,-48.039533,BR,Brazil,South America,Brasilia
bfHfRxeZgfyY2p1ulBTnmA,39.718244,116.44015077,CN,China,Asia,Yinghai
yUbO_mNpL1UoM-Aqd9F5zg,4.72230527,-74.07396417,CO,Colombia,South America,Barrio San Luis
Jnt_XHqrNfSG4NhtfmdGbw,59.92864408996,30.336976451799,RU,Russian Federation,Europe,Centralniy
6PiLHFNQd6eP-byigSrhcw,52.639883718798,-1.7998907305517,GB,United Kingdom,Europe,Shenstone
hOMCXmIMX5gAFOFZrOjb-A,33.377493055556,-112.18530972222,US,United States,North America,Laveen
3l3NvBBZSzg1hpWZd-99Zw,45.410583333333,-75.741002777778,CA,Canada,North America,Ottawa
jTHuwAuMdl-50usve0zP_A,40.724084722222,-73.992509722222,US,United States,North America,New York City
fO9OE-PSe_AYa914ie5_fA,-17.7783042,-63.1800027,BO,"Bolivia, Plurinational State of",South America,Santa Cruz de la Sierra
xfy3gQOF6z_6xxy-ZN3L2A,41.886855,12.48841,IT,Italy,Europe,Rome
cvVk5WpToHOjxqtIZeMc7Q,47.532082,19.066748,HU,Hungary,Europe,Budapest XIII. keruelet
PRfOvConMxszRrT0N07hyg,37.38928304,-6.02219301,ES,Spain,Europe,Camas
gaBXpqhKMBe23XuWMaYjtg,35.042853,136.977914,JP,Japan,Asia,Obu
VC0sq5Tt7KzyIr_nOPYtlA,34.752531269025,138.03207266876,JP,Japan,Asia,Kakegawa
L_DPrxK1ZOCfcC3XMw61Lw,36.143239,-115.157597,US,United States,North America,Las Vegas
dLdKXcWdb9O22FhLyptm-A,47.495114961639,19.06325164251,HU,Hungary,Europe,Budapest VII. keruelet
emw1XMTEDcwBjtQtWpxaQw,60.15781475,24.9335743,FI,Finland,Europe,Helsinki
aX75iflFCVTYmuR-WE8a9w,33.903921,-84.4609603,US,United States,North America,Vinings
w1712b1xLKbwKLdlwKbfgw,36.31727,139.997438,JP,Japan,Asia,Shimodate
UPAOMftmbeGNk2_gUphUbA,38.90965,-77.021566666667,US,United States,North America,"Washington, D.C."
FYoB0UGu40k9nKurB8pucw,18.8039283,99.0613,TH,Thailand,Asia,San Sai
FDKzMUQdKRR4huVow56AIg,47.220206,39.708137,RU,Russian Federation,Europe,Rostov-na-Donu
BOhRWGdo7UI6jKJ67rDw8Q,-19.039731843611,-65.2647790475,BO,"Bolivia, Plurinational State of",South America,Sucre
mhGfhoXP7K0QbFI1mT69dA,37.629323055556,-122.41987805556,US,United States,North America,San Bruno
7CwF-J84LYPQDm1WDXyO-A,33.9171673,-84.4663736,US,United States,North America,Vinings
UY-w77iuCkN1YQblErzjig,37.91152,140.100835,JP,Japan,Asia,Yonezawa
8v9V5Tbe6zyTVTz1_Olmwg,50.061008951856,14.397433908097,CZ,Czechia,Europe,Vysehrad
mPYQDaGZBn5f25m-_RwZnQ,24.5231395,73.6753486,IN,India,Asia,Udaipur
MZo8_z705dGGgYgDeGFbmw,36.64256455,138.22950395,JP,Japan,Asia,Nagano-shi
cTe8PHeqyhdl9pXz1ayjrg,41.155264,-8.629756,PT,Portugal,Europe,Porto
O2nNnf_GIsWpiGKlW9I11w,33.8769645,-84.3801205,US,United States,North America,North Atlanta
kSuPrC3XUP7ieUPaWa7Dlw,44.958044444444,-93.307019444444,US,United States,North America,Saint Louis Park
mzhrMG9-KkAay5mdKHcwPA,56.111078424985,12.699222233336,SE,Sweden,Europe,Odakra
6PRSG7BGxpfiEi5vMyp3Ow,50.832787,4.33033,BE,Belgium,Europe,Brussels
j2ST6vFG3IhJzhnAmj6Fag,-33.90270734,151.20533249,AU,Australia,Oceania,Alexandria
9Rv8usYYQ8-kfG7aFJYuyA,29.726643,-95.391008,US,United States,North America,West University Place
03U2OOIz3Z6r0VUrl6tBMg,47.612669,-122.347551,US,United States,North America,Seattle
Xpf26fvMEru1RBPBTojsCw,41.852921,-87.632089,US,United States,North America,Chicago
yrbfAuAsdOVOem6jLXLXeQ,32.721734,-117.154566,US,United States,North America,San Diego
LnQxK7sVgS9tJWgip_W80w,35.147123,138.713221,JP,Japan,Asia,Fuji
BMsQlcJ3VwLKWFQ_XyHN-g,35.073707365257,138.54346363535,JP,Japan,Asia,Fujinomiya
x6fHmqo0tYpRdHeN7JoXWQ,36.418815,140.424998,JP,Japan,Asia,Mito-shi
f19kDiGBHv_6sTXLFjQu5g,46.94028,7.452883,CH,Switzerland,Europe,Bern
xUjtTp50gV6AOXgug7DLdw,60.17398162,24.95047896,FI,Finland,Europe,Helsinki
5LdW_9_Mci8KnW-djzKyUw,56.98707478,24.2215623,LV,Latvia,Europe,Jaunciems
Jrpv27zAG8yasu1siilV2A,37.688043055556,-122.45600638889,US,United States,North America,Colma
E1bV_6aVhWhUtCeq7CrAaA,41.94683432,-87.85556879,US,United States,North America,Franklin Park
U8EgEcKY3xfpGZGwfj1Y5Q,35.659054,139.77789,JP,Japan,Asia,Tokyo
gueHb4imoqL6i6429NSaWw,41.39106462576,2.1877184820209,ES,Spain,Europe,Ciutat Vella
cQIXK-AXnjNBgvZiFiXUhA,5.3747816,-3.9527083,CI,Côte d'Ivoire,Africa,Bingerville
X3EPh_Bate4EPYqVkXnp3w,34.277503,-118.451923,US,United States,North America,San Fernando
xPBtvY6wJzzrxnFPop9O8g,40.8842391,-73.6194866,US,United States,North America,Lattingtown
lBX9q363DzOMEcnZa1XpNw,35.644518,139.792054,JP,Japan,Asia,Urayasu
8fak7TSxHUlMBSH-YMeTXQ,43.638617159639,-79.39313123423,CA,Canada,North America,Toronto
f1w74sD4ieFanWaymgk8Qg,33.9522655,-84.5470769,US,United States,North America,Marietta
hF5kp3TXQGNTCYH8Bv4VYA,43.455183333333,-79.695761111111,CA,Canada,North America,Oakville
dDWKBPthUrKpPhGLkcvQMQ,49.268586616999,-123.11074619176,CA,Canada,North America,Vancouver
3NwVbwOEUyJUwP0Dwk-FLw,59.96873811,30.31444076,RU,Russian Federation,Europe,Petrogradka
WtI74sihOxy7_rH84d-GTg,46.944944,7.432949,CH,Switzerland,Europe,Bern
AZqSCsj-OMBQ4yViWIcm6g,44.897738888889,-93.198186111111,US,United States,North America,Mendota Heights
t_2Gmxz-EAzaZIEpbTzUIA,63.4357816,10.399709369999,NO,Norway,Europe,Trondheim
yYjNCXNUN2UG2LciJBxkNg,-12.068831,-77.03671,PE,Peru,South America,Lima
ih2dqf7HRl5u2kghbKu-KQ,40.242427777778,24.255386111111,GR,Greece,Europe,Karyes
TIiBuMHEk8v8l8NSVF05_Q,46.94878222,7.4265602,CH,Switzerland,Europe,Bern
YkeCcRIoiANRCwVcREyIew,42.998593,141.345232,JP,Japan,Asia,Sapporo
Nb-EV2WueQPzZrN0NZ8P0A,47.006747222222,-1.3353944444444,FR,France,Europe,Saint-Hilaire-de-Loulay
JKPxehe8swjasUmWAdCeZg,-43.53863142233,172.58633976118,NZ,New Zealand,Oceania,Christchurch
4CTKzhgfsIpshgsclx55jA,47.6135678,-122.1814867,US,United States,North America,Bellevue
Ifpc_S9uW5z0otpofeSKvA,35.285593055556,139.60337472222,JP,Japan,Asia,Zushi
N1Wmvfpqc5Ip8ZKDg9GAEw,38.914855555556,-77.043227777778,US,United States,North America,"Washington, D.C."
YMXuYWtgIST61qJllAurkA,51.4503825,7.0146537,DE,Germany,Europe,Essen
npl8U3QmBSk5ey3yzjvHEw,47.66512561,-122.35377882,US,United States,North America,Seattle
o03y2nm23GLggRa8qLFjZw,33.654638055556,-112.151855,US,United States,North America,Peoria
nlnR55OE7vjgj-0N75Wk-Q,35.655822,139.760182,JP,Japan,Asia,Tokyo
dyLHEpRMsaUEeLOfWXy48g,43.646105555556,-79.392530555556,CA,Canada,North America,Toronto
RWlVeKBl2U9v0gy3m8GN1w,51.4864292,12.0427207,DE,Germany,Europe,Peissen
DT4MKpepOpSI1PTUZI0b1Q,35.212594689722,138.35185937583,JP,Japan,Asia,Shizuoka-shi
D8UHPCdn_YQG6B1Rq6wQ8w,50.090901,14.443843,CZ,Czechia,Europe,Karlin
AfSYRklzt-IpHr2_DS5BnA,-34.590106,-58.401039,AR,Argentina,South America,Retiro
eLe2Xd5RLdx6zzmjUX3bYA,39.282355,-76.575558,US,United States,North America,Baltimore
1fvQ750eF3tjqmTf_aH4UA,42.398026,-71.141787,US,United States,North America,Arlington
MoqLBqXzWTWfZ9_ZNhYe0Q,37.786441666667,-122.49903055556,US,United States,North America,Sausalito
Gg-NIjXeZQxLHIKNnTjhXQ,51.48569023,-0.14523099,GB,United Kingdom,Europe,Battersea
yTZiDh1cNG1aeqFs8vTylA,26.235727,127.731255,JP,Japan,Asia,Ginowan
KXvxXXZsjr0Y5fv1iQZv7g,50.8407301,4.3804907,BE,Belgium,Europe,Brussels
dsAqB5AlHdYsRKoTKa-rxQ,40.74978,-111.882325,US,United States,North America,Salt Lake City
fNCGPXT9VUgmiempV5mPRA,-34.9205264,-57.95341,AR,Argentina,South America,La Plata
z9ygY5eM1L43RFYNSUuGWQ,5.3570111,-4.001466,CI,Côte d'Ivoire,Africa,Abidjan
vIR2qxgHPk4oilh2V7lpmA,-34.92437588,138.59402279,AU,Australia,Oceania,Adelaide
1s3i01A3ZIHFeexfvz-YZg,47.392367063423,8.5329039188432,CH,Switzerland,Europe,Zuerich (Kreis 6) / Unterstrass
m1fjKNHM5w2ACYTNIqAoyQ,22.2821,114.180381,HK,Hong Kong,Asia,Wan Chai
iBn59YWoOxc_vtRQpBfJVA,-41.450009162474,147.14088766724,AU,Australia,Oceania,West Launceston
h101Ixdpe2OsWdnUmY_PPg,40.749791,-111.873285,US,United States,North America,Salt Lake City
VbPDPqvWc1v0YJxV43GrIA,41.867346,-88.017666,US,United States,North America,Lombard
qzBbBIBX7Xz6BKSMQGU9HQ,53.3357953,-6.2565604,IE,Ireland,Europe,Dublin
VExMu3C02RhOmmJiOux5qQ,35.354232,139.59929099992,JP,Japan,Asia,Zushi
6HWHyGi1oGvHBzWrAv2wkw,24.145581,120.623054,TW,"Taiwan, Province of China",Asia,Taichung
d4hENLfxyLRcvTp-TddMxA,22.439497,114.193752,HK,Hong Kong,Asia,Tai Po
sI9xSimScaMy5yyNEjdXyw,35.350422,139.136396,JP,Japan,Asia,Hadano
Qcllave-htOkTSCUkREleQ,34.785639,138.020386,JP,Japan,Asia,Kakegawa
W7GLkytx7Rkye9MLhtm5Nw,13.7453483975,100.530686695,TH,Thailand,Asia,Pathum Wan
h1BCLRy337Mobeq5EB4RfA,35.673843,139.767699,JP,Japan,Asia,Tokyo
0PDg8IEGT1a99C_6Yg85qg,41.155261,-8.628381,PT,Portugal,Europe,Porto
78ALEOsW1oChAu6j4GJobA,51.841045,1.035405,GB,United Kingdom,Europe,Great Bentley
XAb6a4m2iEMe6NCXo8kTFQ,1.318188,103.834299,SG,Singapore,Asia,Singapore
4HIDeL4UjRMnL9M7j5sYrw,4.70994981,-74.079722408056,CO,Colombia,South America,Barrio San Luis
HRi8E7sjTcJlzMZWHbS04w,-7.559896,110.837828,ID,Indonesia,Asia,Surakarta
9pX0iC7RBuTcb_JiFbNDYA,34.94842281,135.70844622,JP,Japan,Asia,Muko
6RVeJGEfsDzlPd_RrmrLAQ,39.228966,-76.51177,US,United States,North America,Dundalk
Ulvx369rZIbCqudNVKi73w,59.32826,18.064915,SE,Sweden,Europe,Stockholm
DCIsHZe2RqNMQGV25r2cKg,35.2777896,139.2077048,JP,Japan,Asia,Ninomiya
oIzdHnIPRcsHC5tNof1_uQ,-36.848189,174.76278,NZ,New Zealand,Oceania,Auckland
SSdhB03T7Pkhrv7qJALY7g,29.504882,-98.499414,US,United States,North America,Castle Hills
XeVjRzuUOOXfzHqneASq-g,53.3408753,-6.2552316,IE,Ireland,Europe,Dublin
0xwQYQNZpjL14kgjpd4aFw,-37.816888888889,145.01029722222,AU,Australia,Oceania,Richmond
pA_XFxfLZbgBhMNFBLHelw,33.56579,-112.368525,US,United States,North America,El Mirage
RK7WT1A3h3g4-BOPEiu8Iw,10.50759341,-66.91849454,VE,"Venezuela, Bolivarian Republic of",South America,Caracas
5vH7bvOMCAtbsEAeOfE77Q,1.308589,103.850621,SG,Singapore,Asia,Singapore
VGRpS-Zlm1X8R4a4dbTYUA,13.7580354975,100.50960017361,TH,Thailand,Asia,Pom Prap Sattru Phai
b92A1lCHH49xD8krzHrjJw,43.10106751,-89.5068395,US,United States,North America,Middleton
GwMaWbgJFwyOlx49rLBl6g,35.457106666667,-97.6012,US,United States,North America,Warr Acres
6CnAjsC0aE8hb24fZfz0rw,50.077001,14.430153,CZ,Czechia,Europe,Stare Mesto
0aAW3UmcBzdYdfWX_Akv0A,35.645677,139.804198,JP,Japan,Asia,Urayasu
CtvmPesrK2ppqgy_Z4S-iQ,55.76309262,37.60430455,RU,Russian Federation,Europe,Moscow
xGdA0IwWgQLmPWKlVmhOAg,51.523427,-0.179362,GB,United Kingdom,Europe,Bayswater
heEHe0-bPztUk30VpZJqVg,50.032020484854,14.408925975617,CZ,Czechia,Europe,Branik
5YVFVvsRs7LxLsjbtR5DPw,36.290734,-115.135846,US,United States,North America,Nellis Air Force Base
1y7aXjIMHDC4U_gp15_Nhg,35.112176,138.948262,JP,Japan,Asia,Mishima
25fFskEyrv3kM1UC2g8k5g,35.216175,136.600664,JP,Japan,Asia,Sobue
fTLvagVm5-I_mfgONNhzhw,60.1771128,24.9408918,FI,Finland,Europe,Helsinki
YTfD8U_OwiWAGbaX_a7akQ,47.510609999299,8.5937632340938,CH,Switzerland,Europe,Embrach / Kellersacker
qRLYh0-Yg5war-BXrcjvjQ,35.028593,138.459556,JP,Japan,Asia,Shizuoka-shi
7Q-AtJP9qe8ObaXmuRdmKQ,43.09075817,-89.5275521,US,United States,North America,Middleton
yKqXeDsPhLZcmWsV6FB6Aw,47.479260424152,19.050798397511,HU,Hungary,Europe,Budapest XI. keruelet
HPJTU5gDRvKwqT-gsmOjMg,41.903168,-88.037839,US,United States,North America,Glendale Heights
BD4rwmzJztMiNiuMKlMZKg,35.133812,138.287165,JP,Japan,Asia,Shizuoka-shi
J4SCfwMpRCS8lh-AR7CMJw,30.6205078,-87.0391011,US,United States,North America,Milton
r6g_goX1jiGVcH_GAGzOxw,33.99174638,-84.38562893,US,United States,North America,Roswell
8Ds06T94LYhGWAObxHlC8A,46.948871527778,7.4365798611111,CH,Switzerland,Europe,Bern
L2IioFQHBYVYsFg12ii6nA,-34.59383853,-58.39005706,AR,Argentina,South America,Retiro
uRTeC0bsgsEWQ5LDw-MBkQ,37.55400629,139.83335346,JP,Japan,Asia,Kitakata
_Uu1yfgmkbji9nkUT3Tikw,29.8931927,-82.1389202,US,United States,North America,Starke
SA-lTsM9WMBZU_lhReIUJw,42.362999,-71.063852,US,United States,North America,Boston
-OU4aqp5RDocPOZxvtKlvQ,-43.534199417962,172.63282151888,NZ,New Zealand,Oceania,Christchurch
b_-W5SHgVUDif1Vr_U0Feg,43.653798,-79.374993000068,CA,Canada,North America,Toronto
X_kqe8md3c9SO39sp8eXkA,51.512945,-0.12601,GB,United Kingdom,Europe,London
Jz0b_bfBjdEhr5CM9VUKxw,37.627504722222,-122.40964305556,US,United States,North America,San Bruno
5EWbQOzNF0smjHHcLPN-jA,47.23686816,-1.56881311,FR,France,Europe,Nantes
YqyQbdrHZWl7AJ8ZWEd1Jw,46.940383,7.421647,CH,Switzerland,Europe,Koniz
-zZvqUIoMscnxGRg_b6AWA,19.473524,-99.070268,MX,Mexico,North America,Venustiano Carranza
G3R1JmMndFAHSB_11XeVTA,10.48853645,-66.88521285,VE,"Venezuela, Bolivarian Republic of",South America,Caracas
1Pm2J1X_qwxWDDGvDePIMQ,-37.826730555556,145.00746111111,AU,Australia,Oceania,Albert Park
bymWwdI1rhIn5wiLtXrAeA,40.7742582,-73.932062,US,United States,North America,Long Island City
GYLijfyf_z5V9lAWl_m3ag,50.913291,4.473188,BE,Belgium,Europe,Zaventem
tka8wJwQywQQgA2sajaFIQ,7.9564318152778,-11.732274088889,SL,Sierra Leone,Africa,Bo
QpwDqMjDWf8shUJWvazcBw,38.192305,13.287643,IT,Italy,Europe,Isola delle Femmine
LAA_gHmg8LPIbpzp07YVPQ,44.970819444444,-93.286969444444,US,United States,North America,Minneapolis
ZVNQa-fLdCKJGByZGRSU_Q,41.91881,12.470994,VA,Holy See (Vatican City State),Europe,Vatican City
opbBlb9ZWbnGJE2AlZr0uQ,47.378783333333,8.5312194444444,CH,Switzerland,Europe,Zuerich (Kreis 4) / Langstrasse
w32pUW1-8r26dONxJQB0gA,29.698119,-98.435852,US,United States,North America,Timberwood Park
djMjFhKXRyYZ45wtE94rWw,54.6717784,25.2859022,LT,Lithuania,Europe,Vilnius
r56lf_eCM5D2rNsIUnOPJA,35.1255039,138.8787069,JP,Japan,Asia,Numazu
F7uhGb2pKA8dwU0xmyQIKw,56.793732,60.575719,RU,Russian Federation,Europe,Sovkhoznyy
BaPyVtd83CG9fkk9Ayb9NA,59.921652,10.776055,NO,Norway,Europe,Oslo
shc62ncG-TBkEBned_Jtvw,43.295,5.375928,FR,France,Europe,Marseille
s6C0DxunuaEvAmtxGoBrKg,48.1091116,-1.6977416,FR,France,Europe,Rennes
3PPsZLcDWI_RLNYvaAtEdw,6.2394156,-75.5824002,CO,Colombia,South America,Medellin
AKMDWcCk2lfqXcDgpcEcKQ,29.5612595,-98.2272554,US,United States,North America,Cibolo
rHr_FEmD7W_DT3hOYh-cJA,37.459014,139.840095,JP,Japan,Asia,Kitakata
anD3T1dYXpY639iQ_Taazg,51.517194444444,-0.087222222222222,GB,United Kingdom,Europe,City of London
dOZTt6C8KM38pWGrtm78vw,37.45957457,139.84117353,JP,Japan,Asia,Kitakata
Sl4UudfvBxXx7KbvysIxNw,59.92433337,10.49793611,NO,Norway,Europe,Sandvika
4THUIryTtewpoRGuyEoNog,1.300049,103.840597,SG,Singapore,Asia,Singapore
_IvdOc9StnedW7okM9IySQ,-33.89543388,151.17143218,AU,Australia,Oceania,Newtown
zapBFA7Qwj3y1kJxjW96Ag,47.6226881,-122.1849755,US,United States,North America,Bellevue
2CLntOlwaJBIIch4v4szQA,22.27648,114.155073,HK,Hong Kong,Asia,Central
Vv_MqBnpCaTN5uNIRTW7eQ,27.9377381,-82.2746759,US,United States,North America,Brandon
HONLMYGmGC8TE7570bQZEw,51.4440015,6.9924677,DE,Germany,Europe,Essen
m2FQ8kyPAM4SsV612cawfg,41.145726,-8.614184,PT,Portugal,Europe,Porto
54EY5nrMZeICC8YxJL7qgQ,29.77669857,-95.40353439,US,United States,North America,Houston
dHVXa4Dfj4XSjBruzTq9xQ,36.151832,-115.151976,US,United States,North America,Las Vegas
keJ84pDZvEru75k6EvZyfQ,40.40829688,-79.94358812,US,United States,North America,Homestead
1oFuZl1NVAhh5YPdIfoHuw,3.22537066,-76.50507833,CO,Colombia,South America,Jamundi
7xzC_ruY31RD6TWnpMzEvw,13.841905,100.571625,TH,Thailand,Asia,Chatuchak
TdyEP_GmCgtoVCfTzgBhNQ,30.02436259,-82.59759835,US,United States,North America,Watertown
soQVzNR_pdJeCq_1O16rvQ,34.00625,-6.826532,MA,Morocco,Africa,Rabat
iYh3EVtbClosNQFklmDKMg,35.815847,139.36476,JP,Japan,Asia,Hanno
OY_UtTVRzmhplN8wy3oAyg,44.834594444444,-93.394775,US,United States,North America,Edina
DOp3zCmgXASYy5pZ2mDh8Q,47.396844444444,8.5324138888889,CH,Switzerland,Europe,Zuerich (Kreis 6) / Unterstrass
y_naFP_DG4jf7hgdJaWtpw,55.856007,-4.232808,GB,United Kingdom,Europe,Glasgow
ak2Ahmx2FM3UavW5RLEMxg,40.455077,-3.690247,ES,Spain,Europe,Chamartin
7auTG5H9urJnc5fjmI1GUQ,59.895904,30.472179,RU,Russian Federation,Europe,Obukhovo
-vJ4x2ERwhXMrsn6CUiTAQ,42.353083,-71.0565,US,United States,North America,Boston
ZWe4tk46PHK59WNE9_LU0w,45.52098507,-73.57903128,CA,Canada,North America,Montreal
38wKcOT4w3arZT4O_WWpDw,53.349157,-6.281879,IE,Ireland,Europe,Rialto
NxJBV_bDAfoLv63WwU8U9A,37.956103,140.869399,JP,Japan,Asia,Watari
JonFA57z2zeFdoLsjh7p5Q,40.73870676,-74.00349662,US,United States,North America,New York City
yFJ7JQbFrwqtsX-LtY5KjA,34.969536,138.382996,JP,Japan,Asia,Shizuoka-shi
VrpVgMCS7dc7DjgO98fZBQ,35.75479334,139.89825233,JP,Japan,Asia,Matsudo
LF4jNvGPWUNcMIgUAR2xNw,45.26742859,15.22870194,HR,Croatia,Europe,Ogulin
VbZXD99UuBakvhTr3cQg8Q,34.884303,137.407215,JP,Japan,Asia,Toyokawa
kEbkcUgc2HOha0vtw__yyA,35.64373,138.537299,JP,Japan,Asia,Kofu-shi
OnZlSQdCtqZCdoj53AIFag,-12.9697174,-38.4224042,BR,Brazil,South America,Salvador
oONLovDSBgOtsAVz-gnxag,40.718583047294,-74.010502616462,US,United States,North America,New York City
x6iLmrW7vBHeTmV8J7W63A,12.104635436748,-86.250722366131,NI,Nicaragua,North America,Managua
dmvFjuCj1N_uZdhgLtJyEA,56.988268,24.237503,LV,Latvia,Europe,Bergi
AJhea_6LJKS7YWWSFa49RA,27.9469659,-82.3254124,US,United States,North America,Mango
k3FWMTlFtEPwULBEhk6nHg,37.980504,23.732781,GR,Greece,Europe,Athens
fPK_Rj5meKkecFwcLt9ghA,12.12442269,-86.25325141,NI,Nicaragua,North America,Managua
XN-vdryA9Ur81Pf6JIsNQg,38.903946,-77.025326,US,United States,North America,"Washington, D.C."
5s8Up3AcS6OwBr6a0re3yA,47.505472521298,19.057888733223,HU,Hungary,Europe,Budapest VI. keruelet
asGpfVo3CeUDuQ8HprK2vA,51.750863888889,-1.2457777777778,GB,United Kingdom,Europe,Oxford
XD5hNTGGRnSDKMNb6oOecQ,45.47551471,12.250671,IT,Italy,Europe,Mestre
X_VjOqAMXMoBUGi62Dfd9Q,41.887092,-88.305302,US,United States,North America,Geneva
F5-Yf5q_S3koPWOCr7M_Wg,42.335469,-83.049769,US,United States,North America,Detroit
EgnI3uqMZYC-KCq8_oNDSw,51.519233333333,-0.10023333333333,GB,United Kingdom,Europe,Barbican
i2kfYXJZYfxXvev6hotVOw,47.479229285382,19.055410120636,HU,Hungary,Europe,Budapest IX. keruelet
D823iQTjMHxdc2W_VzwH9g,35.318664,138.970022,JP,Japan,Asia,Gotemba
3Sdd2AavEmR9IT1yaO9vPg,35.869588888889,-83.959661111111,US,United States,North America,Eagleton Village
TSMG739x829VjZt-8ZSr-Q,13.722124003967,100.55262337824,TH,Thailand,Asia,Khlong Toei
mrpuL1EZxPbivaHORUHGRA,-37.6861196,145.061712,AU,Australia,Oceania,Bundoora
tWyD7pJUk60MwWdlFABkoA,35.4306087,135.2508308,JP,Japan,Asia,Maizuru
NMoCWraA4kbiYvIEUZrxMw,5.32697,-4.01962,CI,Côte d'Ivoire,Africa,Abidjan
ggO0LjifTce5woYmXfGYUw,33.5678494,-112.0654392,US,United States,North America,Phoenix
6ac3I0jHQ_YWdpyNsLSPtg,43.661033333333,-79.596044444444,CA,Canada,North America,Etobicoke
dIHLZWL6IqsLFXu5PeUdPQ,52.34213465,4.94925514,NL,Netherlands,Europe,Diemen
j552osDMCJb-rsbxxstnVw,50.883256861968,4.6826440919619,BE,Belgium,Europe,Leuven
qTKdiW7tktkg0vN4X44f7w,33.95117377,-84.52084185,US,United States,North America,Marietta
naC2aD8nGtTjOlUQaXFxQQ,35.424916,139.389476,JP,Japan,Asia,Atsugi
9m5fPkVqu9VI7CjqU77lWw,41.83458947,-87.86208281,US,United States,North America,La Grange Park
8zaF0iRbpfZVdaQD1YK_Qw,45.40001933,-75.73132201,CA,Canada,North America,Ottawa
QPc3tzYRQZ3h6z_9VJ8LXw,47.42929,9.378609,CH,Switzerland,Europe,Sankt Gallen
POQVGa5cUih4XZu8VdRnmQ,47.7858919,-122.1432457,US,United States,North America,Maltby
bmBDfggFDFxm91JNm0HxIw,26.146327777778,-80.466238888889,US,United States,North America,Weston
CoG8c9yxubnjMgbm22W95A,50.08726,14.434579,CZ,Czechia,Europe,Karlin
-4SR45KuNoLQJJMNstPwRg,-6.7654,39.248366666667,TZ,"Tanzania, United Republic of",Africa,Magomeni
ikEvkl_HizXQb9ue4IuMIQ,8.98237162,-79.51440619,PA,Panama,North America,Panama
q4M54POWdA0aQqU5iWxXVQ,35.481138888889,-120.66049722222,US,United States,North America,Atascadero
e_SHakR3zUILMtQzhakY_Q,-27.451176697523,153.02663933461,AU,Australia,Oceania,Fortitude Valley
VjzmBPuYqZX1yirS2ScwiQ,39.81059409,116.50586753,CN,China,Asia,Jiugong
WU9bHKbNxcIl0H0NawJQEg,5.4124016,-3.995595,CI,Côte d'Ivoire,Africa,Abobo
-asE-g-kqSEenUxYHbzx_w,30.829619960833,-83.278125962222,US,United States,North America,Valdosta
xqWk3ybcl0VdCdrfJTMoSA,29.53257952,-98.56072742,US,United States,North America,Castle Hills
-32tlgoydG0ZCyijh8piZQ,52.394961,4.90335,NL,Netherlands,Europe,Amsterdam
53G4RWFO1C00TCJYP0dDmg,39.896922,-75.189639,US,United States,North America,National Park
EgeaelmUExt68ouFOnL15w,41.389856272353,2.1951639723005,ES,Spain,Europe,Ciutat Vella
yiKCTjQME9EVY8bWVXVJjg,4.533802,-75.676109,CO,Colombia,South America,Armenia
xHJnvz8GWSFE7hTG-qrnNA,35.932258,140.004965,JP,Japan,Asia,Moriya
dpU451Kur3QZ7Sb8AT56zA,52.408876111667,4.941273825,NL,Netherlands,Europe,Landsmeer
5RHePVMFWAvezhQG09o7_Q,4.5341003000026,-75.669708299998,CO,Colombia,South America,Armenia
aMY2kwi1BIO-phE5ON00kA,50.867265365103,4.3569118362584,BE,Belgium,Europe,Brussels
Krvay-znpYDokbN6lJsdiQ,55.66913002,37.52101621,RU,Russian Federation,Europe,Semenovskoye
aQ0Kekm6-FcBzyADt7yBaw,38.90239374,-77.04903638,US,United States,North America,"Washington, D.C."
nCMaoIvrsnPBMzu1_bT8JA,49.181552,-122.964717,CA,Canada,North America,New Westminster
yKpt9Ehb6BLgTGppZknaAA,-12.046309,-77.04317,PE,Peru,South America,Lima
WfWTqQzJhKextPC1yHd02Q,48.846899,2.340764,FR,France,Europe,Paris
MVRePzjbG5jkCwq2uBGKtA,48.192469444444,16.27345,AT,Austria,Europe,Perchtoldsdorf
qiRWFVFgmjo59DMTdDxWMA,35.628965,139.64939,JP,Japan,Asia,Tokyo
KuSMiAuohsmKKlpGoKWL7A,51.441493,7.0327177,DE,Germany,Europe,Essen
ZnsyDhwNgc0t_gAOKY_5dA,43.658091,7.166241,FR,France,Europe,Cagnes-sur-Mer
_rb--jsJ58stmF2n2_o7tg,-27.472236,153.017133,AU,Australia,Oceania,South Brisbane
lroinDzEfrBez0SPibzBqQ,35.205243055556,139.68148805556,JP,Japan,Asia,Yokosuka
0XSaKjXc4DVoyPDYZJ-AzQ,55.945966666667,-3.1850055555556,GB,United Kingdom,Europe,Edinburgh
MOP3BgW5seTbpa4zmqOj-A,45.606779674999,5.2708800137043,FR,France,Europe,Bourgoin-Jallieu
snuDs1yZ0Pu8eQ-IY3BOKA,48.313127873943,7.4788400012803,FR,France,Europe,Ebersheim
XpTVKLaM65lyCO7YC8yDsw,6.2122688,-75.5641068,CO,Colombia,South America,Medellin
xlpaU8gXJCfDbnZvSF0q-A,-27.47893394,153.01245078,AU,Australia,Oceania,South Brisbane
vZkqP0ZKBaVxopLLgU-G0g,-36.847413,174.744126,NZ,New Zealand,Oceania,Auckland
IaTxcELMZhmOGLH5_qrqyw,47.615803429368,-122.3505998949,US,United States,North America,Seattle
upPA0fQE5wEhvXj-VwoI7w,33.6827211,-84.4999465,US,United States,North America,College Park
cRNA3wple9Yc_AECdOqiFA,41.44386263,2.22568438,ES,Spain,Europe,Llefia
_oPt8uFAXEf0qLtIEeHw6Q,24.80409,120.92561,TW,"Taiwan, Province of China",Asia,Hsinchu
iJPlYPkML_pHWGGo6hkpxA,34.968830463611,138.36968518333,JP,Japan,Asia,Shizuoka-shi
HSKLaNydUuv1_jaqcdIhzA,64.11035822,-21.91201468,IS,Iceland,Europe,Kopavogur
jF7UxUHCKbP91jrwCRJdmQ,50.86252298463,4.338054429702,BE,Belgium,Europe,Brussels
8fiu4MFQAcAuxinzbCEJuA,39.285445,-76.741731,US,United States,North America,Catonsville
a9TX8aVW2dBAWkSpTC6yBA,46.950288,7.435068,CH,Switzerland,Europe,Bern
KFERtGyuY1kJi780mPKPiQ,50.868855,4.69755,BE,Belgium,Europe,Leuven
8GiWW_D0kxgLnMpN5dE_7Q,34.772352,138.018866,JP,Japan,Asia,Kakegawa
ulL2QYWwQgD9NPoFhmA8nA,47.391452777778,8.5295333333333,CH,Switzerland,Europe,Zuerich (Kreis 10) / Wipkingen
du02vl-2T5cJpZkkgQbLCg,35.634912,139.769842,JP,Japan,Asia,Tokyo
g3FxqKMF25RC00YsL-lHiQ,37.745209722222,-122.41418638889,US,United States,North America,San Francisco
4dYoPPW6dRVsgPDDB1PjIg,32.712135,-117.149463,US,United States,North America,San Diego
ImLkeq6Wjm65jNWR5TLPcg,59.305276,18.001194,SE,Sweden,Europe,Arsta
TbwvwZ4n7NnDuaxjYd4XKQ,41.886844,12.512839,IT,Italy,Europe,Rome
42TXbFRsuSRQo8cSyyVwRQ,50.8431887,4.3469982,BE,Belgium,Europe,Brussels
CaShJgkEqM0mWgJ8xT7l0g,9.9387092,-84.0333549,CR,Costa Rica,North America,Sabanilla
Xy7dy9HADM4GTpbsSy_dJw,34.119735,-118.321067,US,United States,North America,Hollywood
furbv5QJ-qNV0POp_O_Jlg,43.040847,141.493987,JP,Japan,Asia,Ebetsu
3LWx4UvZpb-UxHRqAcepGQ,40.437425,-3.690273,ES,Spain,Europe,Salamanca
etRnJqJTy78BOFRIZ9_RfA,40.719403,-73.955665,US,United States,North America,Long Island City
C9EH53I9eLpBaPjPVIerDg,30.6546633,-88.1227511,US,United States,North America,Tillmans Corner
uKVJqw6FafteGWC0t_59kA,51.341910172434,12.395232798948,DE,Germany,Europe,Leipzig
v64bbtkBOGcncMuTC5yHsw,-0.18105333333333,-78.48629,EC,Ecuador,South America,Quito
xgW_M0vuTz8i42BkdV-ZWQ,41.879331,-87.642105,US,United States,North America,Chicago
ate3gAA61NMq-9Mt9EdzTg,50.844466,4.34791,BE,Belgium,Europe,Brussels
VaNDyP50fMsQTvj3Usufig,42.058413,-70.189596,US,United States,North America,Provincetown
uaDJRn9rShwZUny8zOwZew,43.051931,141.472348,JP,Japan,Asia,Ebetsu
zXzsAeN9sUvRFr3Oap2uqw,36.156711,139.594242,JP,Japan,Asia,Kazo
GnTMS1dJUStJFAUuUqCpLQ,43.04623,142.651093,JP,Japan,Asia,Shimo-furano
AtiKICmweGeT9KqMRfBw5g,46.93496,7.471601,CH,Switzerland,Europe,Muri
2tcJmerokcX34cwqwHTyvA,-41.43560709734,147.13954089878,AU,Australia,Oceania,Launceston
5mt_kNtN4_GBYqc8oCsuXg,55.74127821,37.61477141,RU,Russian Federation,Europe,Moscow
YuWR5AxmoE9RlT-MLeXJ-g,35.294344,138.948035,JP,Japan,Asia,Gotemba
AbouPkWH7guz1-cru2oCjA,47.468066182919,19.033926129341,HU,Hungary,Europe,Budapest XI. keruelet
pUxl9WjI3jsB6KFm0CzgLg,60.16313957,24.91048243,FI,Finland,Europe,Helsinki
0LaBA0WzOdw4ZDFK4pFEGQ,52.225299592141,20.98852908833,PL,Poland,Europe,Ochota
EtgSxlb_i9iVBytIRHG7Kg,35.0056,138.941406,JP,Japan,Asia,Mishima
5403CnaMPUprlWt5cWcf0A,43.553166666667,-79.675588888889,CA,Canada,North America,Mississauga
Z7D6wcrTf2WWpO5gMvyKcQ,40.4385414,-79.9842661,US,United States,North America,Pittsburgh
P0mdxz07RBD5np3Z-cLOTg,38.91405374,-77.04486249,US,United States,North America,"Washington, D.C."
7JqGalD2liCVwwOWqteNzw,41.385569105734,2.117378283586,ES,Spain,Europe,les Corts
1sqdH2roDkLB-lHDz48y4A,34.897344,137.624932,JP,Japan,Asia,Shinshiro
o5qIMDUIZLS1hPLnS8ezQg,59.3694137,17.9826166,SE,Sweden,Europe,Rasunda
7BGD7nehxXr5Vs1yQQztnA,47.615105,-122.33146,US,United States,North America,Seattle
4f17hPsIAovnvp9HAJBh0w,-34.92454102,138.59733622,AU,Australia,Oceania,Adelaide
mAfYV9NYXE9h1SH0Bl1YUg,43.09024166,-89.52691818,US,United States,North America,Middleton
whxMlJyzK_fLgrjB6hJKGg,-8.03818497,-34.90543279,BR,Brazil,South America,Recife
x7ymAppR0N3oJeVcmwecww,55.65864811,37.51640774,RU,Russian Federation,Europe,Troparevo
fb9xEEiS02f2GQg4BnTPIw,-20.35346867,-40.28639023,BR,Brazil,South America,Vila Velha
HOm_QPe0ob8nDPtGn0pu6A,-31.966933333333,115.8458,AU,Australia,Oceania,West Perth
zcTgKB-sb7JdpZ9qzLH68w,35.277346,138.919135,JP,Japan,Asia,Gotemba
xEJsg1SbEGfI5c6wnfwRLA,52.173219444444,0.12379722222222,GB,United Kingdom,Europe,Cambridge
8H4PDBcu8f7lblAoryzn8w,35.049078,138.240171,JP,Japan,Asia,Shizuoka-shi
n7HSJDG3Nh7YdQqvLuqc3w,50.092266,14.427336,CZ,Czechia,Europe,Prague
n0Vfub4ohYSHdbbhQUkR4A,36.202084,-115.135332,US,United States,North America,North Las Vegas
42y5FzvZO7fn7OaauBfq5Q,36.175988,140.264535,JP,Japan,Asia,Ishioka
tpWnr68_7R0RPcTFf4diJg,35.624786,139.639019,JP,Japan,Asia,Tokyo
l2Zi8r7JRWoiS2vjcfHQgg,37.484503,139.935424,JP,Japan,Asia,Kitakata
GWyr-zc0q6lqQZGHnoWxLQ,39.75291748,116.50246258,CN,China,Asia,Yinghai
GSpqxJ0CE8b34b_kDh_G1w,-34.609589,-58.39887,AR,Argentina,South America,Buenos Aires
2HI5pi-fthAKQ-ZG59HYAA,59.928144,10.959042,NO,Norway,Europe,Kjenn
APVS-8B4aBqy2nG3alduMg,25.77532216,-80.16910054,US,United States,North America,Miami
DnDngjahf_VU-r4cxlj_ow,41.892304,12.484907,IT,Italy,Europe,Rome
UNCf4ooMlw5mfC90Ajgb4A,35.079617,136.667537,JP,Japan,Asia,Tsushima
rn9d2TiwonjjZDXn-nT-cw,41.408517531497,2.2004494071007,ES,Spain,Europe,Sant Marti
VlDV1Ts8u99yfFnksEBsIw,48.20256757,16.35561127,AT,Austria,Europe,Vienna
elbB2XGfVLZenJe5QYviiw,50.453675,30.521555555556,UA,Ukraine,Europe,Kiev
xQGp1j2BUgXxrXrpTbDORg,3.4510509855555,-76.535247629444,CO,Colombia,South America,Cali
whcUUyhIfsM0-Fj9m_jnuw,52.512637,13.407837,DE,Germany,Europe,Mitte
4wlm2-m9bQR9C8AT8bSkUw,41.370803,2.175078,ES,Spain,Europe,Ciutat Vella
JUxutT4X7mC3NREazmrTZg,42.352211,-71.062638,US,United States,North America,Boston
-H9cBUiSMBxs5pm3tCGwAg,44.898375,-93.216977777778,US,United States,North America,Richfield
erayixrY4unpTsc0jij3Cg,33.942928,-84.4771257,US,United States,North America,Smyrna
SyKGAMmbmmim7cW26FsHkg,27.9378353,-82.2975489,US,United States,North America,Brandon
tALtnTa8PwS160J9Vje26w,47.9139759,-122.1063918,US,United States,North America,Snohomish
oxjskrnVaXFlzPutlDrunw,29.710718,-95.385878,US,United States,North America,West University Place
8DhXZYYUVsskrW36cZ65vQ,43.290424511008,5.372374552162,FR,France,Europe,Marseille 02
J-GYhx8kApMhjba-cDC3DA,39.360329,-76.570755,US,United States,North America,Parkville
NV31O7-bhAso9pscIk0H3g,23.133868100777,-82.358741560002,CU,Cuba,North America,La Habana Vieja
jWbex8hfixVSAcQLPexA4A,40.74173354,-74.00110447,US,United States,North America,New York City
0fnoIgmCO-7skSOv7eWlOA,47.478053723462,19.025419838727,HU,Hungary,Europe,Budapest XI. keruelet
spOspH-0HrGlOelKhcrGMA,32.72192775,-117.1635625,US,United States,North America,San Diego
xPRlO9PAG7cIWNICs5hDwA,32.821509,-96.788282,US,United States,North America,Highland Park
gI3ew-5Jp-3yf22GxeLdGw,62.63793,8.795481,NO,Norway,Europe,Sunndalsora
Z5A90qPm2SygREvdxu4V4g,42.042967,-88.108296,US,United States,North America,Schaumburg
UcLmpB_MVqT56UKHd1qw_Q,50.455286111111,30.516988888889,UA,Ukraine,Europe,Kiev
49qVkcKefnaqZlSshJLetg,50.091671,14.385141,CZ,Czechia,Europe,Mala Strana
a9geNiT2JsMC72AEeqDFWQ,51.445373,6.973495,DE,Germany,Europe,Essen
OQ2RhepJStiQouSk5ecuKw,-6.8111722222222,39.287572222222,TZ,"Tanzania, United Republic of",Africa,Dar es Salaam
Vval0ao2aCrAIgzNGRxhUw,35.658786,139.77812,JP,Japan,Asia,Tokyo
ss6XOMLM_faHmGF04wBNug,-38.016337,-57.542461,AR,Argentina,South America,Mar del Plata
EtAJ54fNC1e6EzmQAaGV5g,47.45359,8.580068,CH,Switzerland,Europe,Kloten / Horainli
kD6uQMpoJzF1Ah2bpuG4Pw,35.65159,139.75962,JP,Japan,Asia,Tokyo
vzvlrEh-ipwiYrOUkLeLVQ,24.947241020086,121.37785983843,TW,"Taiwan, Province of China",Asia,Taoyuan
YCrK22PP9vbpnMnEmjO5gg,-22.224092,-49.959442,BR,Brazil,South America,Marilia
B0jyhIc7d-d32huQWoguIg,34.95707189,135.76825089,JP,Japan,Asia,Muko
rtyr-_aJPnTLvnHYy01UUw,-43.55404,172.65107,NZ,New Zealand,Oceania,Christchurch
5Ch4ZXyGsdwj7vVjkzV-7w,50.063307,14.4332811,CZ,Czechia,Europe,Vysehrad
PPOW6EQeEscntqHiCDM-GA,48.42889112,-122.31352588,US,United States,North America,Mount Vernon
pICe4gFgLe3oTuVyVqdv9Q,35.692046,139.752998,JP,Japan,Asia,Tokyo
hKrtDYY73CNhSBLKyHSLHQ,33.45473,-112.074095,US,United States,North America,Phoenix
UBIvxL7vhMgsQCdwkJkydA,40.835174,-73.871066,US,United States,North America,The Bronx
WHToNadC0URQAPSJE2UWpQ,-15.8346223,-48.046324,BR,Brazil,South America,Brasilia
cq0ZUulxe-smIzyilznFXQ,47.39738806,8.53176856,CH,Switzerland,Europe,Zuerich (Kreis 6) / Unterstrass
jEuoZPULqmWMNrgWRdSP0Q,40.8708604,-73.8723357,US,United States,North America,The Bronx
DSWuv8Ub0IkzJk_vJf04MQ,40.44408021,-80.00066294,US,United States,North America,Pittsburgh
CKWavXWzmxsBbQZAwKsk1g,34.972407,139.097889,JP,Japan,Asia,Ito
KvZ1L-oKjh8hPu5ANWm42A,-13.155007,-74.223711,PE,Peru,South America,Ayacucho
Z1aBHI7z4e1FpiFP_VXe1A,48.1663119,5.2231416,FR,France,Europe,Bologne
L0zKtTw1fvBamIeEWGQGuQ,40.743942,-73.959637,US,United States,North America,Long Island City
gVndE6YnXrjDan1X6v5BnA,35.044908195557,138.51018193353,JP,Japan,Asia,Shizuoka-shi
6EmgKA4In5Y-MQBscivM7A,-6.78493081,39.20606953,TZ,"Tanzania, United Republic of",Africa,Magomeni
msX5FOO-oE6abV3dYb9bpQ,-27.47192601,153.02414615,AU,Australia,Oceania,Brisbane
69PE9DtgtsF_5fcs8EOyfA,49.072884,18.328605,SK,Slovakia,Europe,Puchov
6WmSX-n63zVXXEiFwikTYw,43.646584622728,-79.402808874206,CA,Canada,North America,Toronto
SYT1UEAxIC7vgwjvV1dTTw,38.926425,-78.191205,US,United States,North America,Front Royal
WfitE1q5GR0g_ibO-d5fhA,40.725414790205,-111.86497502963,US,United States,North America,South Salt Lake
A3JoYQulMuNyaNZCkSEg2Q,39.70561075,116.39742098,CN,China,Asia,Yinghai
1YjohJoLyEcJ_Eo2GD4w0Q,48.42341707,-123.40701786,CA,Canada,North America,Victoria
5sUQlQqNAFOopSCPB8r06A,42.854416,141.564778,JP,Japan,Asia,Chitose
1IZUxeQDLdZXhJjU1x0DHQ,43.65019,-79.37891,CA,Canada,North America,Toronto
YHywwM1X2Vkj-2G1zp9x5Q,51.516046,-0.134251,GB,United Kingdom,Europe,London
pn-YR4tJTKuD_gfqyYPowQ,10.50910105,-66.91840521,VE,"Venezuela, Bolivarian Republic of",South America,Caracas
ec0eJSuckZTIbiKkHP4CWg,-43.555112,172.651781,NZ,New Zealand,Oceania,Christchurch
Ka1tPXdxFv6sIJTRSst1ew,40.4717,-3.7015628,ES,Spain,Europe,Tetuan de las Victorias
fyQOwxNP4PY-ThFgoSG5gw,6.2470171,-75.5878633,CO,Colombia,South America,Medellin
0TZ4wg5QDLO5vBbRV2y3ug,55.70478991,37.61397023,RU,Russian Federation,Europe,Novyye Cheremushki
j3LPCR0R-U2v5w_0aS0V4w,35.145355,139.66170805556,JP,Japan,Asia,Miura
_OeKsMF2WINzDABczFT9Pw,29.761108,-95.38237,US,United States,North America,Houston
bzxjY2TAFV6vsNYzt5E6UQ,37.203774,140.496047,JP,Japan,Asia,Ishikawa
UZ6AAD0d4NxDRpVD-8QWIA,51.51204,-0.12113,GB,United Kingdom,Europe,London
L0bY5HKnbiU8hi5pYQg7hQ,43.29182,5.375082,FR,France,Europe,Marseille 06
OKLraECXxlI8X7aAxCB-ug,43.7748113,-79.3226898,CA,Canada,North America,Scarborough
fwinIqSN_pqBvqjbE0iRwA,-15.7536853,-47.8818108,BR,Brazil,South America,Brasilia
QPqvjis4dhNk2j97Yv144A,34.95596931,135.76865461,JP,Japan,Asia,Muko
M8nBEKOU-U897ACYPTzcow,40.734636666667,-74.000735,US,United States,North America,New York City
C1Ncxf2qLBrUJjkJa_QLaQ,42.353267,-71.062517,US,United States,North America,Boston
z7oekwYE96QceHAWsvbxlg,47.7905793,-122.3655966,US,United States,North America,Esperance
XnP7cmjP7cwEIvXgve989Q,8.270084,-62.741868,VE,"Venezuela, Bolivarian Republic of",South America,Ciudad Guayana
4iq7AAv9yhZaTAoOIJVorQ,37.779938888889,-122.50906944444,US,United States,North America,Sausalito
7cGH1s5AK1DNPR-8s-D3Dw,55.75431507,37.63713142,RU,Russian Federation,Europe,Zamoskvorech'ye
Zm_UHxkzExBJihbgru3j3w,6.2044649,-75.5872746,CO,Colombia,South America,Itagui
0GUtL7Pmkz_EiC5hSs8U3w,40.412478,-3.704188,ES,Spain,Europe,Madrid
I6jmcTjYisTbb7nh1ah3Tw,41.887365,12.482421,IT,Italy,Europe,Rome
4TGG_yIYTqd_bhBvaeA9pw,35.4369544,139.4043929,JP,Japan,Asia,Atsugi
84XulpNsC6uEOjEKDlWF8g,35.668024,139.772531,JP,Japan,Asia,Tokyo
dg5b2BLtEI3y3LgeqqLnaw,32.63933084,-96.03917044,US,United States,North America,Wills Point
jBBtoq1CUj9iJujlzkKZvA,52.366687,4.911377,NL,Netherlands,Europe,Amsterdam
3zzVwxQIuYzX-9FVu6MKAg,35.688636,139.74555,JP,Japan,Asia,Tokyo
jePRuRtnGYQLTE7T1pErAw,42.391522,-71.099615,US,United States,North America,Somerville
VXTtoQuy6OA0P51khwg6iA,38.712451666667,-9.138445,PT,Portugal,Europe,Lisbon
F6f36gLN6q9C_89Z1FiUnA,42.361171,-71.071539,US,United States,North America,Boston
PW8T_0ZN1QMYnkA9K0fhnw,39.862854927778,-86.157291848212,US,United States,North America,Broad Ripple
zmeH-Cd7Buaik2cF6dk0hQ,27.9231437,-82.2944498,US,United States,North America,Brandon
HDf-dhJVKMHZqpFFbFwe6Q,63.42625,10.393527777778,NO,Norway,Europe,Trondheim
_wxw7N4Uaab48Z2xTKGYwQ,1.328324,103.868804,SG,Singapore,Asia,Singapore
0VZpPpnAb4F5JwCqL8sE5A,42.351187,-71.070165,US,United States,North America,Boston
SLjdEMf4zWumTsfcyQl27A,34.851495,137.93859,JP,Japan,Asia,Mori
QxTY1ttiQBg615vrPBnkzw,55.600852,12.999557,SE,Sweden,Europe,Malmoe
ebkcwU75_i2XVKaV06GgQQ,18.73661,99.12616,TH,Thailand,Asia,San Kamphaeng
l825jxS08pkiXho11aB2yw,36.498704,139.758539,JP,Japan,Asia,Kanuma
-uoC3nD0zlcDgPOmFVMNhw,-15.806118,-47.880766,BR,Brazil,South America,Brasilia
9krAUsqv_LIw4xoufnCCkw,23.347505,120.472364,TW,"Taiwan, Province of China",Asia,Jiayi Shi
QJd4R6N5j3NwU_bNG3EXdg,40.718212,-74.356099,US,United States,North America,Summit
CuKpPvSxlQJjGS4VAzONOQ,55.74581686,37.6255277,RU,Russian Federation,Europe,Moscow
0Utp00q-Fbq5qTX3LkOLcA,41.9372782,-87.85034058,US,United States,North America,Franklin Park
NuhPzfCrXuTDx6X7yVKpcg,37.783603,140.963134,JP,Japan,Asia,Marumori
sqgApamm1CPZyVEwoOeQ7g,49.176711,-122.96874,CA,Canada,North America,New Westminster
q-CcPFBHAqwxBV2Yt4fkPA,47.494146726094,19.040032261983,HU,Hungary,Europe,Budapest I. keruelet
Uudh-FzQX_6weEQLptf3qQ,35.143061388889,139.65845305556,JP,Japan,Asia,Miura
1JAdXW0yh3pWz1T1FxuCCw,50.05052313,14.44266646,CZ,Czechia,Europe,Vysehrad
YRhnnJ0vCKSzI93WhvvWOw,35.2382456,138.9214661,JP,Japan,Asia,Gotemba
7QDXMNdtennNhUuWffiHNA,63.435851689997,10.39944201995,NO,Norway,Europe,Trondheim
gc2sYMu9mrUhX2DX75JBzg,42.35005,-71.077487,US,United States,North America,Boston
1AJxMl2fz3OIzolz3A0nww,63.432505863854,10.353048928776,NO,Norway,Europe,Trondheim
61F0KAXFhRKImCjQ9_WYYw,43.526327777778,-79.889205555556,CA,Canada,North America,Milton
i0UcieuNbJK4vvrdhjtfMQ,29.765453,-95.440382,US,United States,North America,West University Place
HX9OC1yHR804GMz91AZjMA,-41.29076324,174.77339055,NZ,New Zealand,Oceania,Wellington
H9yyNb5MaI3ALVV1sCVjVQ,47.380347222222,8.5279,CH,Switzerland,Europe,Zuerich (Kreis 4) / Langstrasse
Z2VxyouhOFlUnm8vgp_0JQ,-12.0702183,-77.0365071,PE,Peru,South America,Lima
ohaWXQNlja_oabTa_mBkKg,49.011308333333,8.384665,DE,Germany,Europe,Karlsruhe
4bUONk_WnaqNEwoRyM01aA,51.510083,-0.07335,GB,United Kingdom,Europe,City of London
fCsAgM2KUKzp18ZaPeQm3g,56.978225,24.183101,LV,Latvia,Europe,Jaunciems
VgOWEqOwzuZUSm78coBQ7Q,44.882741666667,-93.161475,US,United States,North America,Mendota Heights
A9FQ-xS1EqM3FaN2j1BrRQ,40.665818055556,-74.28601,US,United States,North America,Kenilworth
pq_27SBU0ilpMYf2KbKZjQ,34.95436187,135.77103778,JP,Japan,Asia,Muko
xNIX-Wo4C04Tbxv95HGUAQ,51.329719444444,12.323702777778,DE,Germany,Europe,Leipzig
tWZdCdVJnTXyuPUJsjb54A,57.06945176,24.09734626,LV,Latvia,Europe,Bolderaja
oAQR2pFQf8Wi7MFr4zgE9w,42.3927,-71.093647,US,United States,North America,Somerville
ymrU-YoFl52fmxybywGinA,50.79679695,4.32889284,BE,Belgium,Europe,Drogenbos
I019llGNgeyeQdAvO1FdjQ,-43.533195,172.632863,NZ,New Zealand,Oceania,Christchurch
Q8B_356ngcKPF42fwHPY3Q,-33.927986111111,151.21276944444,AU,Australia,Oceania,Kensington
8lPz98SwrButaB9W4qLJUA,-20.53121027,47.24678028,MG,Madagascar,Africa,Ambositra
ZS9IGdT0X-0RFwzQ3CQATA,37.505898,139.937644,JP,Japan,Asia,Kitakata
WFASDSd3JUJ30kNjQfS52Q,47.382844,19.014485,HU,Hungary,Europe,Halasztelek
PlzksbUcELfWFk2_ifudmg,34.819513888889,-87.656325,US,United States,North America,East Florence
qwMLlRqPKiZwtBc4Ta9wMg,39.81128388,116.50483494,CN,China,Asia,Jiugong
ufTsZlbmMCZh2YqtdlRGhg,-38.73939014,-72.5987661,CL,Chile,South America,Temuco
vfVF3I45O1BrIpn8ldtajQ,37.522961,140.504309,JP,Japan,Asia,Miharu
vw8ffOga8SIWl899FyyTCg,-37.8207904,144.9678024,AU,Australia,Oceania,Southbank
073AXI3zoa1avdLKtTiRXQ,40.46285,-3.689602,ES,Spain,Europe,Chamartin
eLLJULD0sAGD9B6C-w2a7w,51.4712413,-0.1235083,GB,United Kingdom,Europe,Brixton
sjmO3b2REZXRydXDwi7b5w,32.383263888889,-83.336469444444,US,United States,North America,Cochran
9m_UYmaKjFUZhLtkZduVTA,-37.83006102,145.01335684,AU,Australia,Oceania,Toorak
6_YpfI83VP7YF2DCI5fNVQ,35.655628,139.695164,JP,Japan,Asia,Tokyo
4hh5s_o4QSLutGrqVsNfQw,42.993635,141.349637,JP,Japan,Asia,Sapporo
kWLE8CK8WfDxkOKCu7xjOw,36.6612987,138.1702412,JP,Japan,Asia,Nagano-shi
xBEikpc18APlctPz7YRXiA,44.426847,26.068291,RO,Romania,Europe,Bucuresti
rsOOAgU7qk_P19SinSGhsA,-37.7848887,144.9755278,AU,Australia,Oceania,North Fitzroy
fguCq560uYX2LKir8PANPQ,55.66990928,37.51203813,RU,Russian Federation,Europe,Troparevo
fj6ZntIjwaZ-QGjZhSa_oQ,47.80201577,-122.11077807,US,United States,North America,Maltby
l2VeqgdU7UzHehzskNfFDA,-34.909518035129,-56.179720507935,UY,Uruguay,South America,Montevideo
xESiBRaWcdhWoDkKT3F0Vw,41.886822,12.50686,IT,Italy,Europe,Rome
EgCFwjZguLbkKdlfl8s0BQ,33.8134595,-84.6347211,US,United States,North America,Austell
UqwgvrevAqiZ5zlCTUntMQ,42.361149,-71.052614,US,United States,North America,Boston
ASHWk9if92oz8M7Rs8eSNA,43.613013888889,-79.589055555556,CA,Canada,North America,Etobicoke
TLEUPJ3T3nXp-7hfmfOEBQ,51.4471,7.024471,DE,Germany,Europe,Essen
rOKOutw4A7L3bQxqBvub2Q,52.2949272,104.30742405,RU,Russian Federation,Europe,Irkutsk
rbZgfs7xqx_tL9emHbFYxQ,1.32735,103.868937,SG,Singapore,Asia,Singapore
nlZ8ihAgfghzNaRRKj-zWQ,42.052251388889,-87.68984,US,United States,North America,Evanston
LITMxFBNTLuqGAxuBAuO2g,50.912315044798,4.4745041132568,BE,Belgium,Europe,Zaventem
4FwKcFy5ESPPZPeDWXT6GQ,35.95475,-83.915869444444,US,United States,North America,Knoxville
eTxbZsfehkGF6NKVRjXWbg,-12.02348998,-77.05014229,PE,Peru,South America,Lima
tBnPopxY6hj0NRe8XAmtnQ,52.50160914,13.40972515,DE,Germany,Europe,Bezirk Kreuzberg
hzNeyD4vyNjECGMW_5k0qg,40.716712,-73.958939,US,United States,North America,Long Island City
mhC35ayu4dgRPdzn8MCyPg,-41.27275343,174.777186,NZ,New Zealand,Oceania,Wellington
jMxQ9Q8Vu1ysn28-LwKUtA,36.5643127,138.197624,JP,Japan,Asia,Nagano-shi
PwLOTMvL3XeCvQXudx3utw,49.86759,8.674986,DE,Germany,Europe,Darmstadt
kCA4mZhQTMahGWqLhh4c1g,40.720739,-73.999997,US,United States,North America,New York City
eS985I9zW2uMEpCeBOmmiQ,37.292794,140.584137,JP,Japan,Asia,Funehikimachi-funehiki
1kRTBIZtpt_iexwaAVkbdQ,52.368101,4.895299,NL,Netherlands,Europe,Amsterdam
j7bO8i-v9l8TNJ2QcPh--w,40.748119,-111.891081,US,United States,North America,Salt Lake City
IqeyOYB8_jPFuvF9Ump7BA,59.928501,10.802264,NO,Norway,Europe,Oslo
_dSd5GrBmSULmtUXMPXFfA,36.6491427,138.1917892,JP,Japan,Asia,Nagano-shi
muotSXOm5qx4BA5Q_g2_hA,32.718833,-117.157208,US,United States,North America,San Diego
BWWVTYO_esRNWEKhUeNAiw,-12.070829,-77.037713,PE,Peru,South America,Lima
oZx-Y7HLuHkEQAIv3hKJww,24.195738,120.747648,TW,"Taiwan, Province of China",Asia,Fengyuan
F4CJsRWrULArpkRo-Etdcg,50.440570555556,30.512224166667,UA,Ukraine,Europe,Kiev
Uv_hITUsX6zYyq1lxMGHRg,52.258614,21.000207,PL,Poland,Europe,Zoliborz
D-bgLIadnhx6jd_PdYNptQ,35.200438,136.618613,JP,Japan,Asia,Tsushima
PXEDmWPYIBa-TjtgM4u4GQ,-43.517317,172.545432,NZ,New Zealand,Oceania,Prebbleton
PH_Nnjv2u-6nFL4R8vgFxw,3.474585,-76.527473,CO,Colombia,South America,Cali
vXgOHsRsThC0SP4AlyvANg,50.448366666667,30.522266666667,UA,Ukraine,Europe,Kiev
rQ3fmeIkn8ua8EtFMoF4JQ,38.99071185,-77.01622641,US,United States,North America,Silver Spring
6pntMpLo0belhyeJHK6LXQ,35.885344444444,-83.955077777778,US,United States,North America,Knoxville
To9jXidT488nZC6Vm4oLbA,51.492796956087,11.972383260727,DE,Germany,Europe,Halle (Saale)
yi37IqiRd7wQngEEZug6mg,47.6313244,-122.18734196,US,United States,North America,Bellevue
DfKfOO9XorJ4Pk3Zo6B7jQ,38.2591835,-85.7505668,US,United States,North America,Louisville
OJCZor7bH2DWkdTM2lrAiA,37.39061041833,-5.9971656000908,ES,Spain,Europe,Sevilla
_e5LkZtBrEGyKDWqxJbtzg,37.668254722222,-122.09673638889,US,United States,North America,Cherryland
ghkr9aSBMqN-q9qnQeyFug,34.890134,137.471816,JP,Japan,Asia,Shinshiro
lG6FcsMSYLj0JAzN40_ChQ,53.34669676,-6.28904752,IE,Ireland,Europe,Rialto
L5eWTUqquBIycKcqJC2BtQ,56.95493,24.108968,LV,Latvia,Europe,Riga
MYDUDDCjrnaQ1cDYioJ00Q,53.32985661,-6.26635906,IE,Ireland,Europe,Rathmines
ZxyVaBSJx_NE5zdXmtSARA,30.401483,-97.745914,US,United States,North America,Jollyville
f0uZL2EdkIHE1tEfxCcDYw,-27.64268,153.143514,AU,Australia,Oceania,Slacks Creek
3VdeVi9lWfCFZQLhigWQyg,51.51389,-0.248481,GB,United Kingdom,Europe,Hammersmith
WYDWz-5cHaUlROmg6_PNzg,42.342707,-71.119699,US,United States,North America,Brookline
VBzVVBzVirAj7vm7INK6bg,48.85685657,2.34856751,FR,France,Europe,Paris
cf9xdUkbR-9vrMby47q47g,37.46718,139.934148,JP,Japan,Asia,Kitakata
ES5Lv8Y0yn0te5vFjbN8zw,11.93700766,-85.95529672,NI,Nicaragua,North America,Granada
9V_16-i3N7quFBMwglShUQ,52.52542946,13.304706,DE,Germany,Europe,Charlottenburg-Nord
xvP4XNeVP_pZIKxHexYhwg,47.781617,-122.233085,US,United States,North America,Kenmore
rnxQXHnDGmlpCF9lbPPKqg,10.46666824,-66.97608806,VE,"Venezuela, Bolivarian Republic of",South America,Caricuao
rVJKh54dietEXiDtKNckrA,48.065643,-122.185175,US,United States,North America,Marysville
ttqL9eXhJ1-Rjb9RQt-kRw,40.726961,-73.993739,US,United States,North America,New York City
SRip5s0pzwRnsy1YQCh8Zw,19.460823,-99.126592,MX,Mexico,North America,Cuauhtemoc
X9lVFDXFav3vPbr9r_seyA,37.79227,-122.398532,US,United States,North America,San Francisco
8PpZudf9q1ojxyA8sYtRSQ,35.100098,138.369145,JP,Japan,Asia,Shizuoka-shi
u9LO56p3spla6P1lhPFuVw,34.902415,137.448685,JP,Japan,Asia,Shinshiro
WCTH71OJHh2zSARdTe-jOg,-37.7881286,144.9292863,AU,Australia,Oceania,Flemington
PQDC1oNAnJL7PcYZPIUqjw,32.72532194,-117.15634692,US,United States,North America,San Diego
GaZcYRRsC7hgbHFuIThclg,40.749839,-111.86479,US,United States,North America,Salt Lake City
c4pZi4g7_BmOsufVIoXQnQ,-38.005642,-57.554816,AR,Argentina,South America,Mar del Plata
TjbKoWtzj9EDfgqPa9bnJw,34.77309,138.021101,JP,Japan,Asia,Kakegawa
YVaonPpWQF75FWgOvQ6reg,-33.4148831,-70.6058396,CL,Chile,South America,"Villa Presidente Frei, Nunoa, Santiago, Chile"
TdyK4CP1nOeo8NOqz0rDng,-37.821630555556,145.00518611111,AU,Australia,Oceania,Richmond
J8XOFgi053cBwN0X9EZqiQ,39.8539893,-86.15480631,US,United States,North America,Broad Ripple
GwWnEmc0886Ut4JcEE8IaA,43.8166239,-79.3363141,CA,Canada,North America,Willowdale
cNqwYKBnKeN5EvN6BVR-5w,56.465624107663,-2.9678648748508,GB,United Kingdom,Europe,Dundee
kLXySb6BJycE8Py-uMQq-w,50.843761,4.346925,BE,Belgium,Europe,Brussels
KSq23J1ibgw_ufqayMOGPA,-43.540033357308,172.63645054324,NZ,New Zealand,Oceania,Christchurch
2HIgWImJ7NbfGCbpPc5p-g,43.295484,5.365001,FR,France,Europe,Marseille 02
db-VjejPScpdRGgqTlWHZQ,40.433006,-3.687344,ES,Spain,Europe,Salamanca
yf9MsgWm5MD4bkgc6kAvcg,41.968762,-87.682757,US,United States,North America,Lincolnwood
pLR4PxhIlrnNpDCE8zhZOA,47.475573,19.040654,HU,Hungary,Europe,Budapest XI. keruelet
SKt45f4KV05ebd3Hx7gedg,43.031094,141.461266,JP,Japan,Asia,Ebetsu
XQ8G5CfnxC0ItQLenOzLcg,33.8101975,-84.4387047,US,United States,North America,Vinings
yZZlAK0RDb5-Gon6sdarig,40.598924,-3.711611,ES,Spain,Europe,Tres Cantos
OMwoSqgTR09a8qT4R9GkXA,29.60997108,-98.47099878,US,United States,North America,Hollywood Park
s-rwQzHfSpjBeHqMDpk1bg,50.10869242,14.54455192,CZ,Czechia,Europe,Hostavice
C25h_hjaHjlUeZbRwn4XBw,38.830508,-77.196429,US,United States,North America,Annandale
ej67DCOzMATKbvyRTkB3qw,-33.90290585,151.20705834,AU,Australia,Oceania,Alexandria
DjYmyJnckqzL7l7MjNFUKg,43.657554,7.17032,FR,France,Europe,Saint-Laurent-du-Var
7XEfPqcafRbYstwwT4jzuA,51.528769444444,-0.080036111111111,GB,United Kingdom,Europe,Barbican
emE9vfFLH_cZ85EDhBYrYA,46.661094,32.656121,UA,Ukraine,Europe,Kherson
-8uEGk5o-Mm4J_WrNd-lVg,42.91645,142.374391,JP,Japan,Asia,Shimo-furano
LzUuL86lQHKlokA7o3CbpA,-34.588835,-58.403229,AR,Argentina,South America,Retiro
qMziGbMFjnsek83lzYSCzg,34.863223,134.549044,JP,Japan,Asia,Tatsunocho-tominaga
dy-ytY_nJkWqblUL2uFvag,45.497419,15.550643,HR,Croatia,Europe,Karlovac
7-1Ymn-KzexhtR8JVyuPrQ,-33.720134210782,151.10594195105,AU,Australia,Oceania,Normanhurst
xje5EdDPMsWzeT5FsKseJA,49.667602777778,8.6024222222222,DE,Germany,Europe,Bensheim
5UIDjjCd-ZX6kIIlUIqY-A,2.3544262,-76.6855554,CO,Colombia,South America,Rosas
XXaoGQTd2gjv78jM4GezeA,-25.443766,-49.1966078,BR,Brazil,South America,Pinhais
P2h7xzLy_qsq4eyAP2iAcw,55.71923681,37.62758308,RU,Russian Federation,Europe,Zamoskvorech'ye
SzysQm-CpJ7PT442x9MhJQ,43.49360399,142.66626254,JP,Japan,Asia,Shimo-furano
CfiBvYC0MwXlE3aRsmTMZw,-33.429403224874,-70.599967092276,CL,Chile,South America,"Villa Presidente Frei, Nunoa, Santiago, Chile"
n_6vAKn_8oeCKuZgqVCbsQ,30.397344,-97.74566,US,United States,North America,Jollyville
XTJNtQYvJu0kpyaV_U1dUA,49.210635228056,-122.94307284056,CA,Canada,North America,New Westminster
_S7ROKytFvHpEx8rOg43dw,35.624241,139.636391,JP,Japan,Asia,Tokyo
ezKv_CCDj8SibFClgM8_eA,-37.7986051,144.9643915,AU,Australia,Oceania,Carlton
Iz8irvLYSOcDrIbWGeKlAQ,41.39654085,2.205011,ES,Spain,Europe,Sant Marti
uIZoYlMJP0q-T3P7IOx2yw,41.902917,12.463031,VA,Holy See (Vatican City State),Europe,Vatican City
xHkLiKxLhBkI39yv5IAwXw,35.262293055556,139.69700638889,JP,Japan,Asia,Yokosuka
47rv_nX9aNbpNAjD289cHA,42.36091,-71.06136,US,United States,North America,Boston
zPAghpj78Z1dQbIYKjPScw,51.341106388718,9.883580468595,DE,Germany,Europe,Witzenhausen
gVJHiQC4MZmhYpfEtnpuWg,50.0630758,14.4354296,CZ,Czechia,Europe,Vysehrad
Xa7JGF0WG3V63wemJe51dQ,50.03878356,14.50661708,CZ,Czechia,Europe,Vestec
5T2RlQp69lvsFF9iD3rJ8Q,61.110731,10.469607,NO,Norway,Europe,Lillehammer
7rwkXN_RdhJR_ei6wFCqmA,51.514401,-0.073228,GB,United Kingdom,Europe,Bethnal Green
-vZmlbSsrt2EBaw4ZQ2GfQ,55.866291,-4.272325,GB,United Kingdom,Europe,Glasgow
B8suFnd3SwNuYjSokZDTTQ,52.53250319,13.28733946,DE,Germany,Europe,Charlottenburg-Nord
18WJWDHeuWwh8QACYPqA_Q,-34.4131852,-58.7011534,AR,Argentina,South America,Santa Catalina - Dique Lujan
74TUDq6_cqo1W3VPyi4HUA,50.88677127,4.31092442,BE,Belgium,Europe,Wemmel
MOjLdebxAq5lHOjS-4xgtg,48.19175,16.28694,AT,Austria,Europe,Perchtoldsdorf
O-q_-Fei-dAO9GzGQgUinw,39.296748,-76.610083,US,United States,North America,Baltimore
sFFYlCe17skESEiBD9BZuA,37.90375,140.026114,JP,Japan,Asia,Yonezawa
LN_3YxfU-nJD3KmmMbqRLA,19.417629,-99.142487,MX,Mexico,North America,Mexico City
Il0dYbQYCj8w3TMlp5ukCw,19.426806,-99.198217,MX,Mexico,North America,Miguel Hidalgo
UvH8lCiI1Xb6nWnp3XIZMQ,30.477952,-87.2084212,US,United States,North America,Brent
gGuR54qtPo81paI-kLnRXw,-37.8223243,144.9640658,AU,Australia,Oceania,Southbank
cCfJCcHXOYPBxF6SziLqng,52.016463,4.352442,NL,Netherlands,Europe,Delft
uvsq23iS_bHfzHN6oiqi7g,1.308668,103.850528,SG,Singapore,Asia,Singapore
FLzuuLo8p13XX6fYwWo8Bg,51.331644444444,12.370980555556,DE,Germany,Europe,Leipzig
YHjX_lqKWnVa2vONdbZ6Rg,35.660868,139.787975,JP,Japan,Asia,Tokyo
AsxiyikkKP5CXUW7tA6JPA,34.9383079,135.7169943,JP,Japan,Asia,Muko
87H51F7PIGsEiDYicH02oA,50.02437159,14.50870553,CZ,Czechia,Europe,Vestec
Cw3H34f4qc5mKF3ZtXMGFw,47.220462532461,39.725859100151,RU,Russian Federation,Europe,Rostov-na-Donu
h8lxEewlrYeG_2ZHoyVuAw,25.168149,55.22639,AE,United Arab Emirates,Asia,Dubai
rO6jWHmwrqpxPjxNhSuU9g,-27.445044,153.029539,AU,Australia,Oceania,Windsor
Sa6z27tMNEoHK68vnNQGJQ,51.500601,-0.194528,GB,United Kingdom,Europe,Kensington
x5X3jpD40mbY9PWNpmjGkg,50.081416,14.413853,CZ,Czechia,Europe,Stare Mesto
jMMUlp_Jcs8F75qngJyRGw,52.445677777778,13.046011111111,DE,Germany,Europe,Potsdam
p5DN_hI6cdCYcFqzZ3aZcw,41.44512866,2.24184309,ES,Spain,Europe,Badalona
HAb86v9EFo8Yxo0k8eJJcw,13.774991584722,100.57359332194,TH,Thailand,Asia,Huai Khwang
7yqcp5hJKRsUK7xl49A6Pg,52.328819,4.796079,NL,Netherlands,Europe,Amstelveen
yyfT1ZLCgA4EniiM-k14qQ,37.723261388889,-122.47430138889,US,United States,North America,Daly City
t-vb6qcxtV7nPd-jxr2gVQ,51.3466768,12.1850432,DE,Germany,Europe,Gunthersdorf
juW3wss37XAgPmpKLAHC-w,40.739461666667,-73.985948333333,US,United States,North America,New York City
kfJQEniXs8qr5gYrEQpTvg,50.0853902,14.3649539,CZ,Czechia,Europe,Mala Strana
n9esTAS02_Lm7GwjBzJAEA,47.478933,19.060024,HU,Hungary,Europe,Budapest IX. keruelet
JV53UNrvoOxyT2xpAQOIpw,23.119418013582,-82.323866278721,CU,Cuba,North America,Regla
Em-H4FxI_FvA-bmibMJHBQ,43.2118,140.961823,JP,Japan,Asia,Otaru
5A-xaZ3A97VK7xkBiDkoLg,37.096417,140.861642,JP,Japan,Asia,Iwaki
HaziywuVMSJVd8e3Sxv-vg,46.943643,7.430186,CH,Switzerland,Europe,Bern
93AeqcbHXlQM12kTx4Skmw,35.310002,136.912841,JP,Japan,Asia,Komaki
8AS0l693AVIydnD_en_3tA,43.639422222222,-79.732230555556,CA,Canada,North America,Brampton
YqYLIukZTgR1-LAiVIjvSQ,52.5113624,13.3904474,DE,Germany,Europe,Mitte
XDZy8LMj45Vq1JJuIHZ7cw,-12.073833333333,-77.04181,PE,Peru,South America,Lima
0bTLLUcpIknkA1K9kMOo7Q,29.640282,-98.45482,US,United States,North America,Hollywood Park
pHtqlxjd5ByNX3IqpVBDjA,38.81374323,-77.04135521,US,United States,North America,Alexandria
EOe6us5MsgvDgnW_mLhqjA,47.589273,-122.180477,US,United States,North America,Newport
Fimn6C65kmRy1bO8BdLQzg,19.435637,-99.192676,MX,Mexico,North America,Miguel Hidalgo
mTwwnA-8OVi7x3bIII88bg,47.7186062,-122.1609153,US,United States,North America,Kingsgate
y-Za6mosn8yxJGzFylD4-Q,-37.8784501,145.0832284,AU,Australia,Oceania,Ashburton
NDwTw4ezOz2xITPDEkshZA,13.00334904,77.66322092,IN,India,Asia,Bangalore
UXAkvCnPeyscsENc97FM6Q,36.018628,139.906252,JP,Japan,Asia,Iwai
kDiHl87G1CLt7sinEl2KBQ,49.871383149154,8.6449757140024,DE,Germany,Europe,Darmstadt
H1xrFSTcU9rzLNtR-lwARQ,-23.6606683,-46.7046468,BR,Brazil,South America,Diadema
aYyXnghNpXKa2SVdCtKBQA,51.450545,7.021108,DE,Germany,Europe,Essen
uGSns_ifj_VqF3bFo2QVkw,50.0576686,14.4304776,CZ,Czechia,Europe,Vysehrad
RTAAhM_Mr3sx07REGcG6LA,13.746900231,100.534187862,TH,Thailand,Asia,Ratchathewi
w0CIblxlz_H6-n6k8lhOMg,30.5325786,-87.247683,US,United States,North America,Ensley
Pt2hIrn7iOumquCTZAnRvg,42.336317,-71.120873,US,United States,North America,Brookline
Caywm3ZvdyWtu-SA1LRh0A,45.526881805963,-73.602863536979,CA,Canada,North America,Montreal
zrN-xd6Cjdo9vtnpuLcglA,34.059551,-118.251447,US,United States,North America,Los Angeles
mVLegZvzQDN0RgAW_xlQ7Q,-27.47709369,153.01218301,AU,Australia,Oceania,South Brisbane
fe8lxoBaIZU-MrKOqgyt5w,50.022680931516,14.413582635133,CZ,Czechia,Europe,Hodkovicky
_FQprYQl5l1w6RWB5NfMow,1.320471,103.825455,SG,Singapore,Asia,Singapore
vfA2autnf1m6uMuK1S2ppg,37.739981388889,-122.43810972222,US,United States,North America,San Francisco
KX4_R-rXInA8Bna_FpEoTQ,-17.77916,-63.180909444444,BO,"Bolivia, Plurinational State of",South America,Santa Cruz de la Sierra
rqHua7sEmE6LT1QP0uKdjg,35.110957,137.661369,JP,Japan,Asia,Shinshiro
7OcKHOcv6KwUvzY7-NvoDw,37.4953045,139.8369975,JP,Japan,Asia,Kitakata
_JjvxmD9o0SSoYGIbidGoQ,45.39583092,-75.74527135,CA,Canada,North America,Ottawa
Dp36CH1n1SM9FSzGShYPdQ,33.912635,-117.931761,US,United States,North America,La Habra
uj61-qMhbnw90NVTj24Yvg,35.606273,139.584233,JP,Japan,Asia,Chofugaoka
9UIlYF1KAZ6HXN3jbCuwUA,43.69178562,12.70736288,IT,Italy,Europe,Canavaccio
LE2FlZ1_7vB2mbDLK6Rx8A,10.48926972,-66.85013678,VE,"Venezuela, Bolivarian Republic of",South America,Chacao
2IqgVMxUH1pMUk0L6ag2ZA,50.857017,4.356367,BE,Belgium,Europe,Brussels
95W6ERGTeebSaXUCyB5ddA,50.859896666667,4.6832316666667,BE,Belgium,Europe,Leuven
gZZEMFPfeOclJWVpCmplOw,48.1625833,16.4292747,AT,Austria,Europe,Schwechat
uAqixUG6DK1GnVTp74CpYA,59.938256,10.78344,NO,Norway,Europe,Oslo
wyYXDqk3OMtAGUCLekUNIw,59.328356544783,18.060336594617,SE,Sweden,Europe,Stockholm
_vx4-OZe0KAW7KsROA1cJQ,32.71845289,-117.16114883,US,United States,North America,San Diego
9KBV6zUNAHcRkPgeAFU50A,12.98491308,77.55667689,IN,India,Asia,Bangalore
bKfIMVBx3DtrZ3jEENPc4w,35.963647222222,-83.938130555556,US,United States,North America,Knoxville
7pHXhYqDki29gF3CPRLjtg,36.019609,139.674786,JP,Japan,Asia,Shiraoka
RKDK7FZtpTdPDJoYYXwFtA,50.075317,14.428178,CZ,Czechia,Europe,Stare Mesto
iD9IqjQZWuRnkgeVetJBTw,36.12557220459,139.6286315918,JP,Japan,Asia,Kazo
g9w4JnbkOkAqbekt-uVFeA,35.126739,138.900461,JP,Japan,Asia,Mishima
6AJn0n3YlgYwFWlB_-JUjg,10.48953969,-66.9374545,VE,"Venezuela, Bolivarian Republic of",South America,Caracas
z6WO82gE0XjPbMID3ca_nQ,35.014484,138.446682,JP,Japan,Asia,Shizuoka-shi
CeJaaze2zM7FFKsqP5w0OQ,34.962939,138.372425,JP,Japan,Asia,Shizuoka-shi
xOG9WcgiY6-1CoHV5ydthA,-33.450534722222,-70.657435,CL,Chile,South America,Santiago
A-m7oXGI8b4_Lz0MrIUjxA,51.512492,-0.167293,GB,United Kingdom,Europe,Bayswater
YR9fOl5BUhevIcvgK_xJmA,35.020552,138.862751,JP,Japan,Asia,Numazu
yyuH15RZh14Lpm8LW9xsNA,47.999794,-122.113466,US,United States,North America,West Lake Stevens
zXINM7XcHiwKH86Oj_qvnQ,8.9564676,-79.53642026,PA,Panama,North America,Ancon
8gnW4s1-0cfR7dJIHaXI3w,45.43846572,-75.70867383,CA,Canada,North America,Ottawa
O4-PSWOB84tIbzJFRpaXzg,29.88049395,-82.45174857,US,United States,North America,Alachua
uq6D8POHWioIeUNM8qnZCQ,50.893913174138,4.4709201474527,BE,Belgium,Europe,Zaventem
7_exkg0rzcYT04p6tbgJaA,34.119691,-118.321068,US,United States,North America,Hollywood
87HntgT1-ww623Jyvvky_A,-36.85113,174.744765,NZ,New Zealand,Oceania,Auckland
fHRdtWsemYlU8H5LU8D6vA,51.504067731808,-0.15172738481385,GB,United Kingdom,Europe,Chelsea
CQHgQ-8UJ52gPPfNFYmAcQ,52.522656926667,13.329497873611,DE,Germany,Europe,Moabit
8dcqHOkqiT9hFQEspn6XSw,-6.8190277777778,39.287344444444,TZ,"Tanzania, United Republic of",Africa,Dar es Salaam
M90HhoRJTJYUvVb6vmea_g,52.326131,5.065599,NL,Netherlands,Europe,Weesp
eRdZjyNXqxUVQQCCD5b46Q,40.760592,-111.888368,US,United States,North America,Salt Lake City
TmToDHAUNZGrtNII1gxJeg,64.08130262,-21.80974756,IS,Iceland,Europe,Reykjavik
YXcgcb93-c4cxfypNQYThA,42.371974,-71.060775,US,United States,North America,Boston
U3NK7bugX71md4VEJ5LDbg,35.459906,139.677555,JP,Japan,Asia,Yokohama
LEhRmEnYEbrwgkk4EiSWuA,51.347413888889,12.180327777778,DE,Germany,Europe,Gunthersdorf
0UHaMnGxr18YG_bi69Z3bw,35.460577,139.470864,JP,Japan,Asia,Minami-rinkan
ngRkojAUPriwtPUhtFOCJg,-33.920288888889,151.25313611111,AU,Australia,Oceania,Coogee
4YDL8FghIl1Z9U8g1X29nA,35.378155,139.267637,JP,Japan,Asia,Isehara
Nnx-NP7QQzdX2JElBzlyyA,46.956519,7.424565,CH,Switzerland,Europe,Bern
lnTb1Draf_IHWcpn40tP8g,-33.93626,151.109628,AU,Australia,Oceania,Bexley North
e18OLuq6ljIASzhpJKrYUQ,36.786094,138.3194929,JP,Japan,Asia,Nakano
vPvdGsVesyd1sXcX9lY1Fg,24.78303,120.9545,TW,"Taiwan, Province of China",Asia,Hsinchu
RFSXFqyiTmnM-Nz9zZ1vCg,37.48573589,139.92173336,JP,Japan,Asia,Kitakata
nT5RAgHRq8k5dow-OQA-xw,50.443534,30.546136,UA,Ukraine,Europe,Kiev
zKUlRnHs_8HuJ1a7ww2Drg,43.26020666,76.94701835,KZ,Kazakhstan,Asia,Almaty
nmuwNmgfdOoI59zvIymVxw,-34.601529,-58.381672,AR,Argentina,South America,Buenos Aires
wZTQeYfkBxNa1nHaqtnLOA,-33.796825,150.853474,AU,Australia,Oceania,Doonside
tJ9Zr-j8DPj_S-lSoHHYhQ,37.538893055556,-122.26315805556,US,United States,North America,Redwood Shores
4BsOt4wZmB2CIXDyNwAOBw,34.979114,138.465381,JP,Japan,Asia,Shizuoka-shi
OekGq613KjzRXTXb4IQAhQ,-13.15938162,-74.22602882,PE,Peru,South America,Ayacucho
hd_7jG8gmIITBQwtIRc_tQ,50.4551858,30.5218815,UA,Ukraine,Europe,Kiev
THc9LZkq2tWeY46mIXpyrw,46.944833,7.422417,CH,Switzerland,Europe,Koniz
yF-UqX4rkwv3fH7bt3vTAg,37.504501,139.852079,JP,Japan,Asia,Kitakata
NdOaFicYCKKAbI-vrJml1Q,36.31509209,140.5669929,JP,Japan,Asia,Oarai
YBIUl3MVfPL22E7FUMDA_Q,53.4807837,-2.2481151,GB,United Kingdom,Europe,Manchester
asuhJspVHqlS3Sebwo-PPg,38.99232689,-77.03232244,US,United States,North America,Silver Spring
dj-Oh3dlZIWlAYGUtSNLVQ,-41.29228269,174.77274679,NZ,New Zealand,Oceania,Wellington
o6bYvK_B4pOWpZTN-y0uvg,33.862319,-117.924326,US,United States,North America,Fullerton
jGsw-EDVw7Rc8QqguPAW_w,42.359156,-82.984196,US,United States,North America,Grosse Pointe Park
Kn8qf-w6BI-gKFCXagK95A,51.43646705,7.00527967,DE,Germany,Europe,Essen
0aA38deY83nWyFxOOFE-vw,35.918243,139.387578,JP,Japan,Asia,Sakado
v_8FwqDaQWWfm8WYfFteKA,35.208421388889,139.62908805556,JP,Japan,Asia,Miura
8CoC_9QGwaALfBiqeBDiMA,35.678127,139.49161,JP,Japan,Asia,Kokubunji
Uq1RQWJ_VTY5wF1ZOQtUSg,51.517235,-0.179469,GB,United Kingdom,Europe,Bayswater
Ooy3yJp5KGWVemFgwTnrQw,37.599411388889,-122.39727805556,US,United States,North America,Millbrae
0_bg9QV4-OGi7e4hLKfnlQ,47.615649,-122.320858,US,United States,North America,Seattle
OVFqCywQzMOSuATpuNbcfQ,43.700261,7.287947,FR,France,Europe,Villefranche-sur-Mer
WSYGBvWMQQHz9mfbBMvfsg,51.4368344,7.0219844,DE,Germany,Europe,Essen
k36utoYuYrjyE0W4BUweMA,52.51731317,13.38934037,DE,Germany,Europe,Mitte
6sOPn6bzqBZOAdzJcdJgRQ,46.944528,7.432591,CH,Switzerland,Europe,Bern
h0GhtcKZH5xJrvFnULqong,59.369016,17.997878,SE,Sweden,Europe,Solna
NudskFzEeVPJdvODln3CdQ,34.119778,-118.35233,US,United States,North America,Universal City
b_vJB1PmTQa6xsC-208tkA,41.343911199114,2.1321625743855,ES,Spain,Europe,L'Hospitalet de Llobregat
vOJEUBCx1jYM1-I5_mxZxg,-34.87448785,138.57555492,AU,Australia,Oceania,Prospect
eHQX2aAMhT2woT73QTokoA,50.027293439903,14.497230129416,CZ,Czechia,Europe,Vestec
5Zcf3vUcs_o59pPN3CkjbA,48.827934,2.246784,FR,France,Europe,Boulogne-Billancourt
BpEAwInYD8re5pmwu0rDIQ,35.4126675,139.3476375,JP,Japan,Asia,Atsugi
OX_eHkSv92jjNS1ZfRvEXQ,40.8664987,-73.5416473,US,United States,North America,Oyster Bay
5SUS7FBwD-tH5W9VlG25nQ,31.207157643333,-83.250158903889,US,United States,North America,Nashville
PrJ_vS7jDjuGPCbJSuYP2g,42.999613,141.325574,JP,Japan,Asia,Sapporo
m7H0NQQ3OSQKuZp_KlmUqQ,-37.745750333,145.0099065,AU,Australia,Oceania,Preston
jJgJVAtgm7qZ34jMEBjD4g,-15.8373854,-48.0445405,BR,Brazil,South America,Brasilia
EHmpMofwWrxedxLc_Fhxbw,-23.09277578,-47.21043872,BR,Brazil,South America,Indaiatuba
2hjcrGPPRq8irEsY2u-z5Q,33.945558,-118.343196,US,United States,North America,Lennox
-5n8RNkx2tWpD7w-ZAZXZA,51.336786111111,12.393016666667,DE,Germany,Europe,Leipzig
GHDUlzDgtwJmW0PJt2uwEg,41.89071907,12.47432316,VA,Holy See (Vatican City State),Europe,Vatican City
MS1VNpzkOsB_XAq1eYEerA,34.925926,137.53428,JP,Japan,Asia,Shinshiro
ikjB-_ZSB-RDK1ziHp6TbA,-33.431122433218,-70.595862895226,CL,Chile,South America,"Villa Presidente Frei, Nunoa, Santiago, Chile"
ueKqxy7QRMGQeneN0jwrqg,47.912902,-122.209313,US,United States,North America,Mill Creek
QdO-SGxmLPeGeER8l89A1w,55.860021,-4.240383,GB,United Kingdom,Europe,Glasgow
A4zrwK7UnE2PA8hhVwjxpw,47.572435,38.864439,RU,Russian Federation,Europe,Matveyev Kurgan
bt6RTOT7WhWdpki0UiIzsA,51.2173743,2.9252484,BE,Belgium,Europe,Ostend
1_T2uWDqVXyZVLKuoPQAeQ,35.138708,138.66536,JP,Japan,Asia,Fuji
1j3CPmAeIgDXyRYq70cG0Q,2.3534118,-76.6829515,CO,Colombia,South America,Rosas
u97Iw6lnkxw8mjqaCHADUw,51.514375,-0.084191666666667,GB,United Kingdom,Europe,City of London
gJWhSqwMGaRRTcQ83UwCnQ,55.58254654,13.00332019,SE,Sweden,Europe,Malmoe
UL1yIIa8MUoap1HDn24wTw,39.802841758355,-86.158942664042,US,United States,North America,Indianapolis
8VD7LzivOp-IFj-_2gWmgw,56.791024,60.575056,RU,Russian Federation,Europe,Sovkhoznyy
swRc3VFbYCXSFVdY14o1AQ,4.539867,-75.665567,CO,Colombia,South America,Armenia
wshQrox4W8znm58Wgc2Deg,-25.456366682619,-49.238522279962,BR,Brazil,South America,Curitiba
EH6RIvvQTrmS1WC-l6fYiQ,41.444623,2.241014,ES,Spain,Europe,Badalona
5SQwIvPZrXblh6wtLc8j4g,43.7960509,-79.3269931,CA,Canada,North America,Scarborough
7hCXTtQh_iAO4Gshhb3BXQ,35.89249,140.057122,JP,Japan,Asia,Toride
AQJS2U4eiLALZQtofQCydw,49.269243,-123.100677,CA,Canada,North America,Vancouver
4oQLqyfF31fcVdFc4JQlsw,-33.86949599,151.19507343,AU,Australia,Oceania,Sydney
2KQMkLhh2Z56pk2AXSn89A,48.849084,2.41031,FR,France,Europe,Saint-Mande
4pCxqmy_5TlxvOFH3KGdUw,37.212713,140.450529,JP,Japan,Asia,Ishikawa
RxXwO4lVc8N6rYUezv4VFQ,48.846284715698,2.278120721714,FR,France,Europe,Issy-les-Moulineaux
9w6HXayxjeHL5K-1-rL8Ng,55.83532946633,-4.1114176928768,GB,United Kingdom,Europe,Uddingston
brDsnkFONJN02V-LCA-n7A,50.461594444444,30.516833333333,UA,Ukraine,Europe,Kiev
_CvcNm_BjjRES6M5yXCTGA,40.450658,-3.739908,ES,Spain,Europe,Moncloa-Aravaca
sJnLWUYAffsAr4rp1unxCw,43.010431,141.56235,JP,Japan,Asia,Kitahiroshima
pXpuQsfQ2yrCyvUw_GlUbQ,43.3794757,-79.7712424,CA,Canada,North America,Burlington
Afk5LVg5hXl3ITK8uBvtjg,31.7321412,-84.1715944,US,United States,North America,Leesburg
iQaFi2dIQSRrhrxIrJZfig,41.44540126,2.24348087,ES,Spain,Europe,Badalona
Qs4FO5v0NGlX2nqANqnrWQ,42.366393,-71.065506,US,United States,North America,Boston
Jg4Te3Wr8lS91k0H6Zjn4g,51.5233,-0.179603,GB,United Kingdom,Europe,Bayswater
trMLmxaHLuWJoa_vkWjuyA,60.16541657,24.93556296,FI,Finland,Europe,Helsinki
e4mBk_vjLfkQi1mwUIEUtA,24.80451,120.975326,TW,"Taiwan, Province of China",Asia,Hsinchu
3PsrujMDDYMve_hS_McRmA,48.833183444202,2.2418496928873,FR,France,Europe,Boulogne-Billancourt
FGRMHxrdSIy2rwmvEOTeGA,55.741329,37.613248,RU,Russian Federation,Europe,Moscow
IwuTZbYgkIZ1Gt8yyifScw,47.6650926,-122.3509088,US,United States,North America,Seattle
UJh5iAl62FfrLiKBL6CqBg,54.606749,-5.924252,GB,United Kingdom,Europe,Belfast
eHuIrx7PbbA92NubkxVAjg,55.61865192,12.98865304,SE,Sweden,Europe,Malmoe
-0xySwkm6plG4nznHLQcHg,39.87147958,116.43806163,CN,China,Asia,Longtan
sXWeJUC2Qe2s4RkyL2KeLw,41.90341305,12.47144739,VA,Holy See (Vatican City State),Europe,Vatican City
l48Gbnmw1lXdyNzKwD2rNg,52.391475,4.912631,NL,Netherlands,Europe,Amsterdam
w0gnh3ZcqLPrrW12nkZgKQ,29.63044549,-98.45988553,US,United States,North America,Hollywood Park
ghEkR6pskKEBLEaVuwDHDA,1.322163,103.863588,SG,Singapore,Asia,Singapore
41ZXS4tlXbHqKqry44Z1aw,37.802681,-122.413588,US,United States,North America,San Francisco
YjmFsv5mLSrka6Fb_ltyog,39.336266,-76.491896,US,United States,North America,Rossville
J2XrgzwThOo5MaOFPMPyMA,59.939586,10.782111,NO,Norway,Europe,Oslo
KDKayeT2KfK0-ACcvkehTA,42.961302,141.499525,JP,Japan,Asia,Kitahiroshima
JK_Yw2uhYxuhlfAsfeSuAg,53.3409689,-6.2582793,IE,Ireland,Europe,Dublin
AK3hKgoinuZar7QDjrVuEQ,40.715459,-73.96253,US,United States,North America,Long Island City
XGHvbPqeWY49EsxQqyR-TA,-6.264904,106.654666,ID,Indonesia,Asia,Ciputat
AEawJJkM23EZGfAxXn1hBA,-43.526302895478,172.63332774591,NZ,New Zealand,Oceania,Christchurch
fVnvGeR2PG_XUZDzU7HUzA,-33.8687956,151.2166402,AU,Australia,Oceania,Sydney
5C1AUBdltpORut3GMhMnhw,58.310308333333,6.3713972222222,NO,Norway,Europe,Hauge i Dalane
SYC0NuFKlLesbljvpB83Yg,10.46186907,-66.90971852,VE,"Venezuela, Bolivarian Republic of",South America,Caracas
Usbso97I1hRMooAY3qhggw,47.114475,-2.0994016666667,FR,France,Europe,Pornic
3p4UmGTA34bUzn-EZFd5Cg,3.0100766,-76.4879302,CO,Colombia,South America,Santander de Quilichao
2AYGzAX8Gg93yIpNfoYnZg,47.87785803,-122.20746753,US,United States,North America,Mill Creek
xawKBiIF8al04JhSSUMgug,42.402882,-83.15961,US,United States,North America,Oak Park
e_UER4mrcSVrB2hGEWtKyA,34.998003775278,138.42935632917,JP,Japan,Asia,Shizuoka-shi
IndgbEcD38yve2CjG9NltA,40.836002,-73.874317,US,United States,North America,The Bronx
OFoBy0eOyrQRPgJWjBPJCA,-6.8238861111111,39.278002777778,TZ,"Tanzania, United Republic of",Africa,Dar es Salaam
mwA3scSTthfKUzRI7gXIGg,35.269486388889,139.68102638889,JP,Japan,Asia,Yokosuka
2TMdzF5LSFnehkHD1PWk5g,55.94441,-3.206083,GB,United Kingdom,Europe,Edinburgh
j5sZZRl2R5GgLMxd8ydikw,55.946852,-3.191285,GB,United Kingdom,Europe,Edinburgh
QUYXJ3paV4ZsMzH-w17Mbg,50.884124759926,4.3251240326482,BE,Belgium,Europe,Wemmel
cmtQmkRym8A00iA-2amv4g,62.472953,14.270073,SE,Sweden,Europe,Hoverberg
AMgWF_US_lKzSezYU42qCw,50.79295993,4.30348219,BE,Belgium,Europe,Drogenbos
QEnfgbzvBPkfJ1KnALMGKQ,-41.282162,174.762882,NZ,New Zealand,Oceania,Kelburn
gsK_4FfV1Vgw4rxVf69VPw,52.354164957069,-8.0019087530673,IE,Ireland,Europe,Cahir
PPutuGvNKLGW1Z_xYOZnFg,33.97264253,-84.55191071,US,United States,North America,Marietta
GM9iG_epvrbv2_ikegMw0w,10.52572566,-66.9530745,VE,"Venezuela, Bolivarian Republic of",South America,Maiquetia
Gyjt4i9sCVG3SzUy3P2K5g,47.492326415936,19.073055935664,HU,Hungary,Europe,Budapest VIII. keruelet
PvuhlxupPwjH6Nr3CxnNgQ,43.08980954,-89.51953132,US,United States,North America,Middleton
ZYj8BYpfmQ6ACWI1glxBKQ,44.9097836,-93.2750433,US,United States,North America,Richfield
pUNt1VZvbVvj8XdPGSkWMw,51.495202777778,-0.099336111111111,GB,United Kingdom,Europe,Kennington
4729siAEyUQ6URwE37oz3A,55.851369,-4.270662,GB,United Kingdom,Europe,Glasgow
874eDuzp1eZeDOdzErBgbA,38.91431948,-77.04614771,US,United States,North America,"Washington, D.C."
H3KvObxOLAgcUlEdt_IQYQ,55.958729,-3.205425,GB,United Kingdom,Europe,Edinburgh
iyZelm5IuUiS95ecufA_BA,59.36461428,17.99506021,SE,Sweden,Europe,Solna
vkNAneFMcUWnWdAJtW8nPw,46.949887,7.434679,CH,Switzerland,Europe,Bern
V5BU2cL4KYfAKrYEeWcsgA,-27.81941396,-50.32283517,BR,Brazil,South America,Lages
BE_D9rEwnKIaQEKfK1uW2g,47.48768367,19.05528817,HU,Hungary,Europe,Budapest IX. keruelet
TFB2mICqMnJwhSXuGZK4Ew,47.47608456295,19.069255683571,HU,Hungary,Europe,Budapest IX. keruelet
L5NvEU03Y-m2-yWSaqj3Kg,32.73002744,-117.14670986,US,United States,North America,San Diego
BIfNQLESr1ayb_hv4FGZBw,-33.452771388889,-70.664675,CL,Chile,South America,Santiago
BZlLGsylqquM18DdUa2l1Q,50.075418370359,14.430126213533,CZ,Czechia,Europe,Stare Mesto
PPCk396cuKyNjIFPkRS7Lg,-33.921606715038,151.18429728658,AU,Australia,Oceania,Mascot
q6oIeKQWsVefvxskjbeKsQ,50.083962210002,14.42314797,CZ,Czechia,Europe,Stare Mesto
JfFvqIZoGrJzeBWTXJkyrw,39.271927,-76.595597,US,United States,North America,Baltimore
ZKL26DFUZWUbvA5Z4TV5Gw,43.432044444444,-79.774322222222,CA,Canada,North America,Burlington
t2CoTRepcUwSPRKuV84uNA,-23.64936319,-46.67001405,BR,Brazil,South America,Diadema
fiak7BuGnSqtLYDYCg4W-w,52.1796215,0.1524771,GB,United Kingdom,Europe,Cambridge
L0T0P3Ar3Bfq-h45cJfSqg,48.205211111111,16.191191666667,AT,Austria,Europe,Purkersdorf
HMPHvE04RN1c21pdN2XUSw,25.2314478,55.297655,AE,United Arab Emirates,Asia,Sharjah
869-T_3dSwz-EWN993xanA,50.8718623,4.7024916,BE,Belgium,Europe,Leuven
t3Dizymh7iyL5k9o3JBa3A,47.505344361998,19.074504850432,HU,Hungary,Europe,Budapest VII. keruelet
49khrzHNDYtXKCugEeSqmw,35.4343129,139.4024412,JP,Japan,Asia,Atsugi
T3Vo3brkXrQC1iz4cH2nMw,53.3599883,-6.2445775,IE,Ireland,Europe,Fairview
1e6cXLPJ7Co6hFnvh0yjsQ,47.7210532,-122.3495348,US,United States,North America,Shoreline
6ATF7pfLoBN0zYbcWKTNOw,45.436205555556,-75.681538888889,CA,Canada,North America,Ottawa
0s68xTBkClaI37EqcgRRaw,51.503422,-0.191727,GB,United Kingdom,Europe,Kensington
BiS27oJL8nElJui02815ZA,-34.84008696,138.52767497,AU,Australia,Oceania,Alberton
7R-zJWxj5NbdBDSFtX4HLw,50.0582847,14.4246691,CZ,Czechia,Europe,Vysehrad
fS64Ltw2cQMORiMsraTVvg,49.20439121,-122.90506528,CA,Canada,North America,New Westminster
2vlh6fMgfwf3DuGYWLf43Q,-33.895193,151.22256,AU,Australia,Oceania,Paddington
kwWc_cQjka7R20MVvSgogw,25.2026122,55.2410588,AE,United Arab Emirates,Asia,Dubai
YGIYDzdAliVaFAh0dXk4ng,45.84872084,15.81119756,HR,Croatia,Europe,Zapresic
ZIqLYOcgml0OyoL9KliIiQ,35.1433717925,138.36559035806,JP,Japan,Asia,Shizuoka-shi
rMqdTNhQ3gk2fFheVYQaug,47.389023,8.544475,CH,Switzerland,Europe,Zuerich (Kreis 6)
B6TNfVUMGKZ6bQxO2BYhqQ,35.173955,138.90724,JP,Japan,Asia,Mishima
z4hTW3S8CfLzZUrWjTzqQw,34.040402,-117.989273,US,United States,North America,Avocado Heights
ewn2aup4y_Kd755fg-MB8g,42.351048,-71.064459,US,United States,North America,Boston
QrLmvqlXLNEV1vOc2FfWog,18.7931952,98.9875306,TH,Thailand,Asia,Chiang Mai
usTAmYVf1Kx3vqR9LH68cA,59.9101238,10.47838479,NO,Norway,Europe,Billingstad
cSIWRe-lEeTiYV58ybQtmg,40.611111,-74.0974071,US,United States,North America,Bayonne
i1Mkho0fz1WbSoAkF4JCQw,8.96640806,-79.53374097,PA,Panama,North America,Ancon
if4TG8oxhgqQEGdG_kthww,-34.89227043,138.56893548,AU,Australia,Oceania,Allenby Gardens
Mlr_YRgxNLKsdlXvETPeiQ,46.979543,7.478961,CH,Switzerland,Europe,Bolligen
3IB-95Cm7SjcydpeBy5SZg,-33.396816,-70.618486,CL,Chile,South America,Santiago
_2WngOxw65t8UrBoixDOTQ,37.7742,-122.40915555556,US,United States,North America,San Francisco
BitgA43OAkvvi05N4F5qXQ,36.287588,139.617794,JP,Japan,Asia,Sano
-tpmjcVylShgHq6uKICQhQ,-34.921739907884,138.59964946847,AU,Australia,Oceania,Adelaide
7XH3J0LCYRW4Ab4x-QHEiw,53.3363256,-6.2631330900877,IE,Ireland,Europe,Dublin
BXhh-qqP56adAb_SPNnfFg,35.668266,139.77295,JP,Japan,Asia,Tokyo
eHLyBFC92sZOf9Y-ePwdxw,50.4494363,30.5120344,UA,Ukraine,Europe,Kiev
74GIBVpaYFUwRQ5MxDhoQw,51.326462742965,12.37935726513,DE,Germany,Europe,Leipzig
CWgINXv_qp4j1Wq84anfVw,35.070079177039,138.54253850063,JP,Japan,Asia,Fujinomiya
tH_yc-tc7N2BUl-3dDicBQ,-33.929758,151.19482078792,AU,Australia,Oceania,Mascot
qX_bwaigdSwt0Mzze-hxjQ,-41.28913625,174.76417034,NZ,New Zealand,Oceania,Kelburn
eZCdkacQqGlkmP4GbNICcg,36.179454,140.071614,JP,Japan,Asia,Tsukuba
QQwr-PyKVrN9MqF5E0flBg,9.9303774,-84.0903926,CR,Costa Rica,North America,San Jose
FusAX7FTQA_1FOcjUDV8Nw,-34.89221051,-56.15885036,UY,Uruguay,South America,Montevideo
Rnd44l5YT6De9xazPe5gog,1.323782,103.854914,SG,Singapore,Asia,Singapore
3tsu7laemjGwxtIlonab_Q,36.955332,140.570991,JP,Japan,Asia,Ishikawa
kd3C0vBtNCQkclJ-87sXHw,40.49561962,-79.93987441,US,United States,North America,Etna
D326cunV3ggIbNTe4CSIUA,40.47638692,-3.7134077000001,ES,Spain,Europe,Tetuan de las Victorias
9I6q-cK0nokuFTfZPeNkCg,35.094731105278,138.37466862972,JP,Japan,Asia,Shizuoka-shi
hrD9BiPPak6cUugIphWqVg,47.475167373195,19.085495369509,HU,Hungary,Europe,Budapest VIII. keruelet
oa2v8Rl3VznaUPvR385aBw,46.781738458078,15.541242753589,AT,Austria,Europe,Leibnitz
42iZxKOcI70Ab-UZ8RNdUg,18.742398333333,98.974338333333,TH,Thailand,Asia,Chiang Mai
2RcjclslnT1oWTxBikAQCQ,55.765937653748,12.120920795757,DK,Denmark,Europe,Jyllinge
7NPyt842d9j3FcfGw45tyQ,45.415315297554,-75.696254571887,CA,Canada,North America,Ottawa
7o-Zx6Y4-T48JQPwBN7gbg,43.6508912,-79.39709698,CA,Canada,North America,Toronto
9SRgE1G0KwmLt6-xUxtsPA,42.51678388,-83.23449186,US,United States,North America,Beverly Hills
0hGMKuBXemoKzHp7I_hvxg,48.18922031,16.39926402,AT,Austria,Europe,Vienna
rWvxm6mp5xQPTw7d5mNKRw,-43.52997986,172.63973234,NZ,New Zealand,Oceania,Christchurch
Rp_1zsO-RcgR0cbTwXmyMQ,22.288652,114.141214,HK,Hong Kong,Asia,Hong Kong
AYoRPx-SrEmZTRFPMSJ3Aw,42.961452,141.274066,JP,Japan,Asia,Sapporo
CQMfzvnl4YbCn-5zRFCfNg,29.50978,-98.308501,US,United States,North America,Converse
7BmdcPDjXHK_nf5QIN2AAw,50.859578401888,4.4007065865342,BE,Belgium,Europe,Diegem
mJMf1obhLzexfaOd2R1Xtw,22.301945,114.180088,HK,Hong Kong,Asia,Kowloon
wMveRkPBCUlgFdy-AtQwbQ,54.6019874,-5.931626,GB,United Kingdom,Europe,Belfast
4eZo1X7MlmUUS-9wB0S0bg,40.79625287,-73.96754801,US,United States,North America,Manhattan
pvPXWyzgtOop_cjPjMazxA,-37.817902777778,145.00868055556,AU,Australia,Oceania,Richmond
QHUBEBCzjk1rUfM2cFLj2Q,40.44586606,-80.00135508,US,United States,North America,Pittsburgh
byMyExH1A1X7iRQiAXigag,34.819828,135.585819,JP,Japan,Asia,Ibaraki
4ZjLVNJ59tPFosHwWGkdxA,43.228255555556,-79.937338888889,CA,Canada,North America,Ancaster
qFnvHkpD5JApgEQZ9Q0kag,-43.539092,172.553859,NZ,New Zealand,Oceania,Prebbleton
x1zvgStxHtnLkIhzdrXL6A,47.8095348,-122.3831559,US,United States,North America,Edmonds
zy9aE6d44_XVGX23xorNvw,35.650184,139.771775,JP,Japan,Asia,Tokyo
4nKNJwmk60VWerggdiPfJg,45.42670959,-75.71510823,CA,Canada,North America,Ottawa
h2DoQrzWCBcyrAMMWOGUiA,33.460837,-112.0847987,US,United States,North America,Phoenix
00rKt4pJadETqgb3NYonSA,38.92517175,-77.03884265,US,United States,North America,"Washington, D.C."
YhKI1fZwxkUVi3Wq6JI-Tg,35.134366,138.912887,JP,Japan,Asia,Mishima
xgbFiGBQNK9MTTkOoCDuXQ,58.269447222222,6.8170166666667,NO,Norway,Europe,Liknes
AkKpKvU57Td04bZ1mltZUA,35.148809,138.620774,JP,Japan,Asia,Fuji
FP_Z4jmd0_nGPzebMvXyYA,10.46229075,-66.91197208,VE,"Venezuela, Bolivarian Republic of",South America,Caracas
ZU58IGGtuheK9JzC1Hx3dg,33.521288,-112.0998719,US,United States,North America,Phoenix
hDjvm4GB-sH3G3gwAOTlcw,-27.46765,153.015313,AU,Australia,Oceania,Spring Hill
f63Hb1Q4WMYRErIByNfLfA,-34.92783775,138.6239657,AU,Australia,Oceania,Trinity Gardens
s-uu9ktXGLVvVItjSTMDRQ,42.021563,-88.119171,US,United States,North America,Hanover Park
OnR7HrrzCHadTwgfyxUYFw,35.454016,137.017418,JP,Japan,Asia,Minokamo
s5ZGD8tI4gv1UZpicaY7hA,-33.453899,-70.607986,CL,Chile,South America,"Villa Presidente Frei, Nunoa, Santiago, Chile"
9lDr0BagJHYMcVfOCJeRpw,-6.8258583333333,39.279363888889,TZ,"Tanzania, United Republic of",Africa,Dar es Salaam
p83r0E6-A6_18C32nr4Fpg,-34.597898,-58.381896,AR,Argentina,South America,Retiro
qIo89PocGxz_lSrn5oIXmg,10.48799213,-66.94073691,VE,"Venezuela, Bolivarian Republic of",South America,Caracas
k53E4nIRjAdP4Qhf_jL4og,-6.8181944444444,39.290575,TZ,"Tanzania, United Republic of",Africa,Dar es Salaam
CxI9oPRVZVTIfB86BLL3Aw,50.4488148,30.5148341,UA,Ukraine,Europe,Kiev
aVVgN9KVGOB1iYDy8o_HUQ,48.830121,2.24552,FR,France,Europe,Boulogne-Billancourt
BZxU0_xFGD5gOaU9WZMnCA,51.492005,-0.102483,GB,United Kingdom,Europe,Kennington
IG8Lz-Dyx_vKdzRk_lOdgg,58.44516044,15.88851981,SE,Sweden,Europe,Linghem
o5JPjBSf1YcPNqXiDFpCIA,36.173075,-115.143981,US,United States,North America,Las Vegas
1zhhrktcVNH36SoqA_3ejw,-34.9118526,-57.9810698,AR,Argentina,South America,La Plata
2GIn2wFcMnSBTHH-zgBCng,41.152801,-8.622489,PT,Portugal,Europe,Porto
o-56w6VvigntHGBlrz5XJQ,-13.0103019,-38.49720043,BR,Brazil,South America,Salvador
Hz0ll23XABKl9LkYllhJzg,55.858599,-4.2626,GB,United Kingdom,Europe,Glasgow
RvHEAMAjsiXe3QUcrHmw4A,30.202632,-97.640134,US,United States,North America,Hornsby Bend
EuQzRWgOidqksKDOI86gvg,1.304792,103.801499,SG,Singapore,Asia,Singapore
cejpuJ_R8E5O8_tx0gyHSg,35.108684,138.890611,JP,Japan,Asia,Numazu
bjJNxn6Yl-V4WPU_WLm72A,41.39594324642,2.1922123432159,ES,Spain,Europe,Sant Marti
ZrmuuDPn_XquYVLzIGjLpQ,51.501308333333,-0.10456388888889,GB,United Kingdom,Europe,Lambeth
RPy69CM6cC_M1mw_tYQWvA,23.135229991667,-82.348256735,CU,Cuba,North America,La Habana Vieja
GHMalr7jFPH81wwsI2RQrw,22.220375,114.21275166667,HK,Hong Kong,Asia,Wan Chai
85ZOwzCzaGJSe7q2pz0BQQ,36.371728,139.653848,JP,Japan,Asia,Tanuma
Grcnp45surMz4epuyGBKHg,-23.6613717,-46.6939137,BR,Brazil,South America,Diadema
nMYqaj-jhOBvuw2da9cxdg,55.723211,12.554722,DK,Denmark,Europe,Charlottenlund
-6KIBA7UMZeUpAF-MreNKw,38.98312692,-77.03626708,US,United States,North America,Silver Spring
9a6zwtZm0pp8zbpz_Qjkdw,42.919647,143.03207,JP,Japan,Asia,Obihiro
m1D1h0c2ONOcv-ehYD9xSg,33.9685006,-84.6658518,US,United States,North America,Kennesaw
P4z0IWGnn_XhKbnPv_pyzQ,59.31505701,18.09525883,SE,Sweden,Europe,OEstermalm
ufweu3Gcwcrq7q9C4O0gng,50.105648460906,14.485144696023,CZ,Czechia,Europe,Liben
CAjAHPaEB0PYNXglida1NA,25.0228537,55.1624105,AE,United Arab Emirates,Asia,Dubai
LIeUSaRiSWppbHqneGdMZQ,41.40208144,2.19453632,ES,Spain,Europe,Sant Marti
absn19iaS5F5_kHI6UYwiQ,41.387018026944,2.1946354547222,ES,Spain,Europe,Ciutat Vella
30uYs1pnMpNILXecHLmeQA,-23.34375687,-51.18153629,BR,Brazil,South America,Londrina
QpmHi0XsbbmNxwMvnqSTQQ,50.0501495,14.4478742,CZ,Czechia,Europe,Vysehrad
GLtbJxEWK6OVf_anuTrWGA,37.594708055556,-122.41635805556,US,United States,North America,Millbrae
Hbf4B4WYjKU6C1Qe2XSoVw,29.806632,-98.35742,US,United States,North America,Bulverde
NcuLP3BYOgfJkgTbtAvxJA,55.75457254,37.62543011,RU,Russian Federation,Europe,Moscow
jRuj1GDfUjFhxEDQHUojYQ,50.074979849109,14.423955811897,CZ,Czechia,Europe,Vysehrad
SavdDnwvzAy1AfOpmbSkAg,3.117561,101.635478,MY,Malaysia,Asia,Petaling Jaya
iXQKOdbJy6C5h28pLKm2gg,-33.852201,151.155604,AU,Australia,Oceania,Drummoyne
c90eYIVQg6f7reRg9L25YQ,33.9466532,-84.5382768,US,United States,North America,Marietta
T1Oq6Zda8597hdqfaAHlLQ,60.1780141,24.92244662,FI,Finland,Europe,Helsinki
CBjnGENfjfaM4O5Y5kj4RQ,44.998644444444,-93.224347222222,US,United States,North America,Lauderdale
kdyMcQfVrAtoyjCe92vupA,12.12818707,-86.24710408,NI,Nicaragua,North America,Managua
KnZ1g2AW_OmV96DDgYzB2g,40.58314656,-74.13008939,US,United States,North America,Staten Island
vMAgfVYxI8-1jQmU209YjQ,35.087419348383,138.24560351204,JP,Japan,Asia,Shizuoka-shi
S_q7cwwoGBOnsiXeeA0T7A,48.2084294,16.30530056,AT,Austria,Europe,Vienna
IdavtfzIxbw1y4GNynfpkA,32.71168,-117.1557,US,United States,North America,San Diego
CLHNitpfLU-9HDxtMq31ww,60.156089012236,24.958369284868,FI,Finland,Europe,Helsinki
Zd_G7-Jb1wCXXvjKkJrCXQ,35.043146,136.992115,JP,Japan,Asia,Obu
KnM8yd2cabsAlGqxWtCYXA,34.925282,137.541362,JP,Japan,Asia,Shinshiro
GKkPJP2fjZNcLXdWNM1KEA,1.307405,103.827801,SG,Singapore,Asia,Singapore
ZkbO39yERlKor0gfGQ_B0Q,45.702686207369,11.484574517235,IT,Italy,Europe,Thiene
n-_J11Mw5OGkVZYiKCoEvg,42.378995,-71.089175,US,United States,North America,Somerville
vlTLQLvYwcRjIc3dBpz0OQ,46.95425355,7.41690649,CH,Switzerland,Europe,Koniz
iNem96FARYyYJu-nHnMT5w,39.31503,-76.619486,US,United States,North America,Baltimore
1yMDwo-6iqR5mq6bIpnEbQ,43.652761,-79.362974,CA,Canada,North America,Toronto
n4lSAZsPbA-fE9RtT1E2fw,34.675448617805,138.04485966906,JP,Japan,Asia,Kakegawa
9zReHTPZvcWK5lrvHF_oeQ,38.86356735,-77.22797138,US,United States,North America,Merrifield
5ZlKdDxPtia8S3rvJij53g,48.829936,2.237951,FR,France,Europe,Boulogne-Billancourt
o-VfERe6wAr5CB-TijRDlA,19.40394442,-99.14434575,MX,Mexico,North America,Benito Juarez
A_GC__EdoDgh1HXVVppIZw,35.636435,139.775021,JP,Japan,Asia,Tokyo
RFFZuOsOSr5qI8gZ8b--8Q,37.766621,140.459244,JP,Japan,Asia,Fukushima-shi
2emRJGyu96_oBCPKjlSTjg,38.900758333333,-77.057088888889,US,United States,North America,"Washington, D.C."
6AfHPvw3nxdAApuGavwslg,25.7716144,-80.19125343,US,United States,North America,Miami
58tPSYNWxKth0J-dWsWxAg,-13.010478,-38.50258423,BR,Brazil,South America,Salvador
TRYsBE6_0ScZKgtogT4Xjg,-22.9994105,-43.2635841,BR,Brazil,South America,Rio de Janeiro
CzW5kvIX1T73Gu1iZzP4LQ,43.681865,7.199057,FR,France,Europe,Saint-Laurent-du-Var
FkFfxCfwVuYNB4zsfmCF2w,29.719005,-95.377172,US,United States,North America,Houston
9YYc_iJPqYlWD_pyqf7MFg,55.74081092,37.61506064,RU,Russian Federation,Europe,Moscow
RPLUrt7NXJgN4ok-ZHho9Q,4.335548,101.155906,MY,Malaysia,Asia,Kampar
ZBTVXdkPoJ81SA_1BezT2g,48.1946,16.28963,AT,Austria,Europe,Perchtoldsdorf
M0Kkp4Xz6tx0GQGwBKlWoQ,37.43976,140.958016,JP,Japan,Asia,Namie
4o6rrwsjhYK8tRRyTPDi1w,48.820574,2.237366,FR,France,Europe,Meudon
SIj-POWcsdiMYnRWHCngBA,37.658421,139.871937,JP,Japan,Asia,Kitakata
vHVCtM3R80S5iba2h2I2JA,40.4377462,-79.9794526,US,United States,North America,Pittsburgh
LgIfYsEan9d6-zbIs285cA,-34.6141377,-58.5294888,AR,Argentina,South America,Caseros
964Bk8crfjzDxD8ODb0POQ,37.542242,127.022328,KR,"Korea, Republic of",Asia,Seoul
tdAMPttXUNoDuJgTdnTy5w,46.745491,23.530767,RO,Romania,Europe,Floresti
bUKUAgOdiRrIMQKcSkZUuQ,53.59792336,-6.2209233999999,IE,Ireland,Europe,Balrothery
wxWVugGychzgFkKQoVN_qQ,35.351131,139.2312,JP,Japan,Asia,Hadano
_3wOt13eozLKpGw0yOBBrg,-6.8068027777778,39.286475,TZ,"Tanzania, United Republic of",Africa,Dar es Salaam
DTvv5K8Fi2TgJQfgTYK9Mg,39.773215083405,-86.168665168807,US,United States,North America,Indianapolis
qiDr25bfyKlsJsTv14AUVQ,36.075146,140.189957,JP,Japan,Asia,Naka
DSQquhbiFSqvzRQCDCO8wQ,40.826986388889,-73.946301388889,US,United States,North America,Edgewater
2QoFlbxaInpTaL9t0O8CXA,35.663146,139.764344,JP,Japan,Asia,Tokyo
7gD0tETG6fqp6k8aBaVHUQ,35.913813888889,-84.087752777778,US,United States,North America,Farragut
5pPMWciz94vZb1DNbkedxw,36.22404,140.32047,JP,Japan,Asia,Ishioka
B8nLfbXjN5phYpR-TM9xJA,-6.7969055555556,39.206938888889,TZ,"Tanzania, United Republic of",Africa,Magomeni
K0-s9zGRipmd7NOFzJ1bxA,33.4406747,-112.0912659,US,United States,North America,Phoenix
8J0HTaPRToLkndKi7awLnQ,33.94810695,-84.51898175,US,United States,North America,Marietta
rl-5k_EIs194T59xDJfcmA,-33.4310191,-70.5877956,CL,Chile,South America,"Villa Presidente Frei, Nunoa, Santiago, Chile"
e8BD4t4xglmRvBIVF9n8SA,41.8730757,-87.66680031,US,United States,North America,Chicago
vhkBXxbnJulV2llCyeqptg,37.806815,-122.473107,US,United States,North America,Sausalito
th76dXMndBNbpVc7Qmf59A,-7.0796416666666,-34.832083333333,BR,Brazil,South America,Joao Pessoa
1tvtg2B5emazY6j9YHCjoQ,43.672071,-79.370476,CA,Canada,North America,Toronto
TZR5d72GWkTDnbl-O4kV4Q,48.185876200004,16.430870680045,AT,Austria,Europe,Vienna
v_jSlbu6GlrSTQ9VqS4jIA,60.16949367,24.95181721,FI,Finland,Europe,Helsinki
2zTSOh3bH634bkJrM9JY8A,29.75186,-95.432607,US,United States,North America,West University Place
vDMOqXtULx6BXXkOSOa25g,50.026313787069,14.416321835135,CZ,Czechia,Europe,Hodkovicky
Ik5C23HH5aeFdc311WYdeg,51.48908897303,-0.078068627044559,GB,United Kingdom,Europe,Camberwell
yvbQvSqW0REgSH-SPgqZpA,52.509630555556,13.376997222222,DE,Germany,Europe,Tiergarten Bezirk
VQc-jC46l1xBr-pOKWQkIQ,43.191855555556,-80.041983333333,CA,Canada,North America,Ancaster
nPvOwdc46Qvwc079lj8H7A,36.189323,140.286972,JP,Japan,Asia,Ishioka
DKvwJNK32SX85LmBafyXHQ,51.514905555556,-0.089505555555556,GB,United Kingdom,Europe,City of London
rE2Po3UqBpBCASQ7n6AlYw,-23.32199972,-51.16878752,BR,Brazil,South America,Londrina
tzn6BxoD4LsbqT1EEaZEZA,10.45571338,-66.91652583,VE,"Venezuela, Bolivarian Republic of",South America,Baruta
2-0fS-4QCcSAwLmtAvR3tA,40.595113,-3.708254,ES,Spain,Europe,Tres Cantos
EMkwZZGKIPdo60jgNCS6ag,51.517739,-0.182372,GB,United Kingdom,Europe,Bayswater
2F347mUCp7cpMquLeeszGw,39.960925,-75.170359,US,United States,North America,Philadelphia
R0cogDipZl7gDayrjgH7Zw,55.704769,12.545193,DK,Denmark,Europe,Frederiksberg
qytz43q3il05Mpy0L8Pxvg,10.58350666,-66.99511264,VE,"Venezuela, Bolivarian Republic of",South America,Catia La Mar
03x1wf0aRT9QaJnkSGCGMg,51.58716633,-0.12162699,GB,United Kingdom,Europe,Crouch End
A9ucM4QDFqX35nbyXqAlXw,64.11758041,-21.8983112,IS,Iceland,Europe,Kopavogur
XC7CJ3_4l-mKiBaoL4igzw,48.00286559,-122.10611762,US,United States,North America,West Lake Stevens
TPro7ULzesy0DrIGbsuTrg,35.78709859,139.92574144,JP,Japan,Asia,Matsudo
NvlUfa9Ux01KFZ293_lI9w,47.640558919111,-122.34632662214,US,United States,North America,Seattle
J3iQrPABpe8ahwIwvpr9ag,35.699736584619,139.76935069522,JP,Japan,Asia,Tokyo
b8loyXQcGxmnSno_6kzeJg,-15.832659,-48.035381,BR,Brazil,South America,Brasilia
WXf7HNKiumdOn_hSucUepw,42.338265,-83.022553,US,United States,North America,Detroit
XNVbgFJs73vG5tHWI9huWQ,9.9334616666666,-84.419066666667,CR,Costa Rica,North America,Atenas
3_iBHJqqvDguqU2fxT_-9A,34.989909937222,138.30078133611,JP,Japan,Asia,Shizuoka-shi
ffdaA2l3TKDqm1xNoyEJzQ,55.950349134133,-3.1882614773224,GB,United Kingdom,Europe,Edinburgh
-DHEVkd576GS3gT-ucMiig,34.959869,137.611227,JP,Japan,Asia,Shinshiro
KNLXZJnuc_GfPaXUC2g_mQ,51.362902777778,12.270813888889,DE,Germany,Europe,Schkeuditz
YHyhhscmjpjwK5_F9gf0Vg,22.375347,114.175754,HK,Hong Kong,Asia,Sha Tin
e3ga6jnhS3jkvzYbpIR8Gg,-34.903452,-57.955512,AR,Argentina,South America,La Plata
SzWMgWLoJPRy7qfGMWswcA,-33.864264235606,151.2127478194,AU,Australia,Oceania,Sydney
CxapEXHROhB8j_Ev5YMBjA,35.846242,137.225336,JP,Japan,Asia,Takayama
adDdw6rkJ6iUIZdFej81Lg,42.353427,-71.071737,US,United States,North America,Boston
SoA1tyiSgJDkdWfyK5OXqw,55.66644649,37.52641756,RU,Russian Federation,Europe,Semenovskoye
SZ7CqhfSaoVaywPGo2l2EQ,52.5074568,13.3780565,DE,Germany,Europe,Tiergarten Bezirk
HG3ll8Anijc7ZNYKnPuiQg,41.44154704,2.22334541,ES,Spain,Europe,Llefia
GmD5tlJ6g824JS5HFbmx-w,-41.28634389,174.77622839,NZ,New Zealand,Oceania,Wellington
-A3duJBYuHa2VtOTTsG1dQ,42.999461,141.348835,JP,Japan,Asia,Sapporo
gAMPjCd1I1x30HM7xTYHXA,36.160976,-115.145553,US,United States,North America,Las Vegas
Bsb77bPxixxVP2-O6E-blA,42.055523,-88.079565,US,United States,North America,Hoffman Estates
h9vgEl2ezUWWcndepSa5nw,27.9379907,-82.2938761,US,United States,North America,Brandon
mpaC2YD20-moyfVHWbwUJw,50.05018867,14.44412274,CZ,Czechia,Europe,Vysehrad
SJvpkvxSWG84Oe3IuI9KeA,41.33836648,2.08614728,ES,Spain,Europe,Cornella de Llobregat
VvPUnHVvTUmnzgB6-HWSSw,46.950332,7.435422,CH,Switzerland,Europe,Bern
ZrylLnosonk3DSVrJS7W0Q,33.513763055556,-112.05029305556,US,United States,North America,Phoenix
sNLF9aHm-76_E4DF2mg-lQ,41.892408,-87.637486,US,United States,North America,Chicago
ciLrgblu8sM_LA8rpDTNag,48.1550027,16.3999045,AT,Austria,Europe,Leopoldsdorf
HAj6t0B8ClIECjz4KdQOvQ,35.144864,138.777421,JP,Japan,Asia,Fuji
gq19jvsW37unH6YUGnAe2Q,52.23443367,21.00913491,PL,Poland,Europe,Warsaw
dhYR8f3GjODvXwFiAAXfNQ,-26.917871581389,-49.090137155833,BR,Brazil,South America,Blumenau
6AmjQLaXDIbwaFH7WJl3Mw,38.92202938,-76.99390494,US,United States,North America,Mount Rainier
yV0BXq6_1R_j_92r5DFQsg,-33.604783,150.757838,AU,Australia,Oceania,Richmond
3QI-3YMMVE8rrwSc6rzx9A,50.842727,4.351175,BE,Belgium,Europe,Brussels
E0mqVai5vasgaTa332CnFQ,46.945985,7.403949,CH,Switzerland,Europe,Koniz
R9ntiUWMx2n-iyknpOyqeg,35.3313372,139.2918849,JP,Japan,Asia,Oiso
6tBK_1NFGYkH5INkB8Ebxg,45.439614392778,-75.713681811389,CA,Canada,North America,Ottawa
4l4zcrVB_vnCAPGWbHOUcw,48.844938800399,2.2453177152707,FR,France,Europe,Boulogne-Billancourt
mBNxkPW5RkRjbzPiS2v_hA,47.24085486,-1.57268237,FR,France,Europe,Nantes
--NSVcUgfVhFd6uzkqHOOg,51.456646,6.974733,DE,Germany,Europe,Essen
w7znQcuqULaW4w4NNuv8lQ,-33.876788,151.23098,AU,Australia,Oceania,Paddington
ECWw0NEKjSpV0mhXbydjCA,52.040905,1.0970516666667,GB,United Kingdom,Europe,Bramford
k0W7B7bmrDX8FE-xQDfVsQ,47.486321666667,19.08489,HU,Hungary,Europe,Budapest VIII. keruelet
OyWWVpI8mtQQe4tTReSvgA,35.687068,139.773613,JP,Japan,Asia,Tokyo
Btk6vg8mxsS2XxXaAJoGWQ,57.13975518,65.58230924,RU,Russian Federation,Europe,Tyumen
T-GxvAalhtHL_8Ab1NRGvw,51.526517900638,-0.10809386149049,GB,United Kingdom,Europe,Clerkenwell
FkQFIMMP2s9GaMBBGaI_sw,43.28199159,143.41864877,JP,Japan,Asia,Otofuke
jD4rK8YUro0p_kaLAzGbRg,50.087207250544,14.443907569592,CZ,Czechia,Europe,Karlin
jrjoyxuv_5J5mK4-R5odxA,52.322152,4.805377,NL,Netherlands,Europe,Amstelveen
0UTXK-0rPSKXTenLg9ibeg,39.286421,-76.597282,US,United States,North America,Baltimore
K3Kp78FnMU6Fr14ESvzraw,47.62462638,-122.35137621,US,United States,North America,Seattle
TM10CKhdTkpj5QFs4oagrQ,40.012796,116.326444,CN,China,Asia,Qinghe
6zmgRcZ-1pAbcQYPs3SpgQ,22.305105,114.17144,HK,Hong Kong,Asia,Kowloon
bou6e2m_8d7lODqyUDkeLw,43.751166666667,-79.585936111111,CA,Canada,North America,Etobicoke
c2bG4N-fWC46PQl6i9w1rA,54.5968975,-5.9346632,GB,United Kingdom,Europe,Belfast
d3s9DcPuHa6BSb9gP_upPA,47.503194,19.03861,HU,Hungary,Europe,Budapest
sjrUIIqcxbP3NLfukDMq5w,50.062422153286,14.422846054838,CZ,Czechia,Europe,Vysehrad
0agl0FVYRkrbsIVPV64NKw,51.026809,4.483912,BE,Belgium,Europe,Mechelen
mX6fSF-HdImR5MTHguucIQ,-23.302094,-51.18085123,BR,Brazil,South America,Londrina
0H93achbX6X9gWnUD5HQ5g,50.08800383,14.45751908,CZ,Czechia,Europe,Karlin
IAaBmANOMCS7oGjnZ4yaOw,38.94527449,-76.97877556,US,United States,North America,Mount Rainier
WD9IO8lHixliN_b0KnJhEg,40.756684,-111.86538,US,United States,North America,Salt Lake City
n0yTcE_xxc652gKNtYK7dQ,52.406879832741,13.060041573534,DE,Germany,Europe,Potsdam
ZixP63elCZ3DQQsSEymFUg,53.501726374961,-2.1906866692007,GB,United Kingdom,Europe,Failsworth
loQ8OQVsqbVd5T7lLUc0bA,47.597635,-122.181685,US,United States,North America,Bellevue
PVNfPJ-nAO60Q6FPq8fd7Q,35.416513,139.598522,JP,Japan,Asia,Yokohama
fPPRkC61fPR2i6TTRJHsAg,42.338963,-83.02336,US,United States,North America,Detroit
g41UCMqtfq-e9JBy6iLZMA,-7.1271916666666,-34.851491666667,BR,Brazil,South America,Joao Pessoa
sIzNxdaXU_PlRHwO8HjQXw,55.865419,-4.270189,GB,United Kingdom,Europe,Glasgow
x1eQLXkFHv6e_lWzSkhqug,1.2888933333333,103.79292,SG,Singapore,Asia,Singapore
QM2R1OyIxAp3OqFnCs8kWg,37.883114,140.09708,JP,Japan,Asia,Yonezawa
3f8I-GGqV7Mb8lV78n6xOg,35.097835,129.010287,KR,"Korea, Republic of",Asia,Busan
BYxMat-2KHNFl8IvCzaoqg,50.021703522555,14.413886065403,CZ,Czechia,Europe,Hodkovicky
g1stE2xVtlh7AHOTprXWOg,50.458544444444,30.518202777778,UA,Ukraine,Europe,Kiev
U5qBltRBQCeUlzuc5NrBig,-27.46812252,153.02677529,AU,Australia,Oceania,Brisbane
kdthMSVDvzQkaHYln729xA,52.5125526,13.32327819,DE,Germany,Europe,Hansaviertel
AzGNbgmqzr-BhqUz0z5rWg,51.498536802828,-0.10590484365821,GB,United Kingdom,Europe,Lambeth
J5BFlgXZdSRc_WAWjs8JHw,13.743026023611,100.52929697556,TH,Thailand,Asia,Pathum Wan
ynkj7s-T6RHlQZDMuXNigw,36.151008,140.216995,JP,Japan,Asia,Ishioka
FRT4dsQSr8ElgBMXOsERlg,24.73633203,46.68565007,SA,Saudi Arabia,Asia,Riyadh
fbH8XxQ2pp8bSfLXmtqjQA,37.667341388889,-122.43059972222,US,United States,North America,South San Francisco
quSc08yM4qdMpwUx6c3cVA,64.09578156,-21.85891446,IS,Iceland,Europe,Reykjavik
P5yOdlqdKZPhvKFqbdpzpg,36.199823,140.303047,JP,Japan,Asia,Ishioka
i5NHCt0Y69x_1ekT7MWGRA,67.233404,14.622034,NO,Norway,Europe,Loding
qGnRLoBKGdFOYGm-NKXHqA,36.058945,140.156243,JP,Japan,Asia,Naka
8LEypMb0JDD1zz-r9MVslg,35.586211,137.461304,JP,Japan,Asia,Nakatsugawa
0R8Zjkw4z7-1xU_GsPPG_w,34.751545,137.956239,JP,Japan,Asia,Fukuroi
n_S32hsxnSh_fNqX8ap1eg,40.57946737,-4.00507676,ES,Spain,Europe,Galapagar
2bA_oGj_RJLagRcIbsud5g,47.375943670003,8.5536301700028,CH,Switzerland,Europe,Zuerich (Kreis 7) / Fluntern
YB7SiWIFHDQ-o7jvpvIqNg,35.875017,137.208251,JP,Japan,Asia,Takayama
U73RutNFWvD1Oi4lpLz8tg,52.51455626433,13.322376140084,DE,Germany,Europe,Hansaviertel
ottXE9BBJmJrYvhiQAyj4Q,33.88375006,-84.45586408,US,United States,North America,Vinings
ZLJO2IYEOJb_qDaL82PTiA,6.2055645,-75.5764385,CO,Colombia,South America,Itagui
d2ylFlWuWroQCxsLhpjZqA,35.661894,139.787453,JP,Japan,Asia,Tokyo
zWUWKCM8-M0hXw07ot6wLQ,59.911883,10.817428,NO,Norway,Europe,Oslo
5ixuSH7aeYKo7Q-2SRRsww,-17.7797752,-63.1801118,BO,"Bolivia, Plurinational State of",South America,Santa Cruz de la Sierra
BpQFotfeU6gGC-FSSaOBBg,40.7667834,-73.8388196,US,United States,North America,Jamaica
SiFSU0UhaJOX9VHz_0YTJQ,55.87011382,-4.24805874,GB,United Kingdom,Europe,Glasgow
PSafIU1QLTzK1lXDrQBmlQ,35.079373,138.897974,JP,Japan,Asia,Numazu
NdFwzz7UstuGHM2pJlXoLg,47.651948055556,-2.0857680555555,FR,France,Europe,Redon
hMWZIDTZRnYJHY2Z9NYYQg,55.67336,12.589697,DK,Denmark,Europe,Christianshavn
d5m1_mHqIvyfMtcQwBpY_Q,42.355828,-71.069299,US,United States,North America,Boston
P5qiKGT6EyPpbcKGtXvUVw,24.971004,105.986402,CN,China,Asia,Tongle
u639zMEjEubowaBaftE5oA,4.488294,101.153696,MY,Malaysia,Asia,Batu Gajah
SYhuo506M7951W1BP3hxag,53.3373097,-6.2790295,IE,Ireland,Europe,Rialto
Z4cmeBxLpUVIGQFuadnvCQ,41.40854472,2.2208202,ES,Spain,Europe,Sant Adria de Besos
VdWb92BY7VZIaIOEYYjqyg,50.901321755742,4.4362312669508,BE,Belgium,Europe,Diegem
4-Vi6yBQey7SGYN1PA2rcw,9.92588489,-84.0844549,CR,Costa Rica,North America,San Jose
JdaV2DjxJY26Vz8RvMXwow,37.495673,139.928056,JP,Japan,Asia,Kitakata
04m4f91ob7I0XpE36ZDFLw,51.505930555556,-0.11106111111111,GB,United Kingdom,Europe,City of Westminster
NjVYl5oLQPRUVh-4oWQ_jg,51.437576,7.031709,DE,Germany,Europe,Essen
uvwV_nsHaVpcR_K3riszoA,34.767553,137.916717,JP,Japan,Asia,Fukuroi
q09PPm4rjYS6EikrcS8qPQ,36.180031,140.050675,JP,Japan,Asia,Tsukuba
VQYVf8NkxchesEAbAs2EGg,49.687613888889,8.6019472222222,DE,Germany,Europe,Bensheim
kto5W_J1TmaV6b37kuJmDw,25.123582,55.212893,AE,United Arab Emirates,Asia,Dubai
AbSAjrHEGJ6SA784p16GMA,37.760574,140.402186,JP,Japan,Asia,Fukushima-shi
irTuEwhCHDez_innQChlNw,-34.92441276,138.59415324,AU,Australia,Oceania,Adelaide
M7H6RBlFPAmhmvkyDA1ZPg,35.3055067,139.2260117,JP,Japan,Asia,Ninomiya
O1TomrrWkMkncuGlYKbDKQ,8.287157,-62.729471,VE,"Venezuela, Bolivarian Republic of",South America,Ciudad Guayana
6nEF0uC5s9hns4ocblkzeg,47.7578965,-122.261499,US,United States,North America,Kenmore
dm4uAgfDvKu-R4EtPFKP7w,50.079284,14.407998,CZ,Czechia,Europe,Mala Strana
vGr6ew8zTAWl2E8RdQPw4w,39.896859554444,-75.213560135833,US,United States,North America,Colwyn
I3OJEUCdetnvuPHpGQsOlQ,-34.87358361,138.5930589,AU,Australia,Oceania,Prospect
MyETkyjEZ4iU84M-jKoA5g,50.09474162809,14.415741410558,CZ,Czechia,Europe,Prague
cm0PTIKktLQW8CYOeFNbWg,56.980678,24.191045,LV,Latvia,Europe,Jaunciems
zug0Jc6DJWNCjHPNn3cCwA,36.6656564,138.151313,JP,Japan,Asia,Nagano-shi
4-JeN-tOFfwIrMM03oGMHQ,34.793518,138.012738,JP,Japan,Asia,Kakegawa
nTjXgSP_uO6_S9jxdORQAw,63.428187530063,10.392680050067,NO,Norway,Europe,Trondheim
X16ARY-WQbxNFBiWjZfwPQ,59.344806,18.064,SE,Sweden,Europe,Stockholm
TcW5tj2fTYO7SUjZIhJ4tw,35.821377,139.759976,JP,Japan,Asia,Hatogaya-honcho
gTglWqh1ATNR1kc6r-YJXw,39.293727,-76.648703,US,United States,North America,Baltimore
GXqC_InwjgdEVFh9mI6cig,41.887992,12.500875,IT,Italy,Europe,Rome
zryllJQGwxq6g23RuSB-ag,35.0642768575,138.87899967833,JP,Japan,Asia,Numazu
k0S6Yma05xtuFVKsnkH5lg,51.887024,0.901946,GB,United Kingdom,Europe,Colchester
FDLRgfWHZx8Tc4S8dogQiQ,35.658618,139.711968,JP,Japan,Asia,Tokyo
hNnXJH_jr3SDAzyC0Qn93g,48.88691,2.359986,FR,France,Europe,Saint-Ouen
fMDOliLCHcHFTvVU8gw1Hg,40.692922,-111.976828,US,United States,North America,West Valley City
qaDAHHm03OD5muj24I5mBQ,34.02633341,-84.46817909,US,United States,North America,Woodstock
H5D8i9-gXY_YldAUlZk3Pw,37.722291388889,-122.43338305556,US,United States,North America,Daly City
VuGrWCFjgmh8yLuKOBfpBA,-33.794065,151.136795,AU,Australia,Oceania,North Ryde
0RbE-oFyNrCzpIJTcKyoQw,34.9570647,135.76827956,JP,Japan,Asia,Muko
RsRbZswf-sOyYnBG1QhoUw,59.32076951,18.06909205,SE,Sweden,Europe,Stockholm
fmHpin6HqmL3KkSSLo-dew,41.44849665,2.23737352,ES,Spain,Europe,Badalona
8hvUJYqHKkehjR50Zkh-fg,43.644011111111,-79.376486111111,CA,Canada,North America,Toronto
TOOIqXp7AvkqXTBQta-jxw,52.556575,13.377133333333,DE,Germany,Europe,Gesundbrunnen
XRKhGPJqMIfcuZOiN9B7Og,34.9213499,135.67721384,JP,Japan,Asia,Muko
2BD9x_UONigszuO6AUBbGg,40.482941666667,-3.6644383333333,ES,Spain,Europe,Pinar de Chamartin
Eu7Npo1slLXz02ywJDiE7Q,40.5077368,-3.6784523,ES,Spain,Europe,Las Tablas
fUolDsqr21RxYgUErk_tVg,47.395449,8.532173,CH,Switzerland,Europe,Zuerich (Kreis 6) / Unterstrass
h4tXIpweJEbYcCpBldsShQ,40.749781,-111.885137,US,United States,North America,Salt Lake City
OkaIZGVtA7flzPwjaydPUw,47.51689,14.386697,AT,Austria,Europe,Rottenmann
S6Bbc5dreELAZiKKcNpeaQ,38.86773844,-77.11249287,US,United States,North America,Arlington
caqN2mIiFWemNVh8Ty2gNQ,1.308018,103.81871,SG,Singapore,Asia,Singapore
fh6Xd43Mj2ayEMBsObsoCQ,49.869622213582,8.6467611831249,DE,Germany,Europe,Darmstadt
q1tE4O7NKkIfKCd0wHLeLA,52.37426,4.9009149999999,NL,Netherlands,Europe,Amsterdam
hfE_uBp2XqnpC_4ahQSaHQ,40.3614058,-3.8093785,ES,Spain,Europe,Alcorcon
eFzSCi9T4kBJm1rja7fbgw,51.206939,4.414961,BE,Belgium,Europe,Antwerpen
l7szNkv3bJMW9uW6Ivz3Zw,46.049484265968,14.514539474621,SI,Slovenia,Europe,Ljubljana
J0YhHke5X_8H63t_h3gd0Q,43.0556585,141.40755621,JP,Japan,Asia,Sapporo
nUqigdzvXIS44sMF2PtOQw,52.381536111111,13.116627777778,DE,Germany,Europe,Potsdam
ZIEmRRALWo5QGP1BPLPiuw,22.312424,114.176138,HK,Hong Kong,Asia,Kowloon
TSQLBOq8vUh6IfkJC6BbfA,13.746437961111,100.54434995167,TH,Thailand,Asia,Ratchathewi
oavZjrv6XMP7bidCmk9gTw,12.12499658,-86.297597,NI,Nicaragua,North America,Managua
c-KVazyiIKlEWMQVffRiBg,19.40404111,-99.14604882,MX,Mexico,North America,Benito Juarez
40ye4e3WlMSUTklWTEp8dg,37.799616,140.411724,JP,Japan,Asia,Fukushima-shi
g9YUetAjhiu_37oKlWR__Q,35.126598,138.868966,JP,Japan,Asia,Numazu
qOnoul_I7qhDh5kuUGyMuA,40.43723234,-79.99675961,US,United States,North America,Pittsburgh
Ox3lRioEl5FwUTxJ-EVKTA,35.643684722222,139.67170694444,JP,Japan,Asia,Tokyo
L0WbB3wWAavbFWBdBBouVw,60.16042723,24.91386173,FI,Finland,Europe,Helsinki
r59XVsFG41XVYYUFiuIFtA,29.5323401,-98.3020941,US,United States,North America,Universal City
j3GSOXGG50GDNbvJsWStyQ,54.607047924081,-5.9094722466311,GB,United Kingdom,Europe,Belfast
j0LpCkxYkzyuDDUcnljvkg,35.965544444444,-83.936880555556,US,United States,North America,Knoxville
4SQP6U7jimbGl1XwltUyLA,42.919936,143.036906,JP,Japan,Asia,Obihiro
4doknTEqs4eQnCA8puL6UQ,34.073995,-118.132665,US,United States,North America,Monterey Park
yfOgBBSywtOOCDIYb5raqw,42.352486,-71.058929,US,United States,North America,Boston
SwZ_75g0yXSAv4MhPEgXyA,25.1848005,55.2274098,AE,United Arab Emirates,Asia,Dubai
ii1lrWU7fP5jLj9poxI-Sw,47.49745644629,19.031094051898,HU,Hungary,Europe,Budapest I. keruelet
SYEKeV5G7aPaRbuhPF0asQ,33.990923,-118.46497,US,United States,North America,Marina del Rey
UgsdrDZ7tX8RRKufhvk3GA,50.0640138,14.4261253,CZ,Czechia,Europe,Vysehrad
hqyrZBcNyVPstdpMivb_0A,40.025263,-75.12783,US,United States,North America,Rockledge
P7Tm5Icq6GqVO1QRhzR76g,52.547778,13.305106,DE,Germany,Europe,Charlottenburg-Nord
uXmV6NXbosSr2bSpr3qiyA,22.30929,114.178738,HK,Hong Kong,Asia,Kowloon
4M4fUQQWV0sklAf4ntUe5Q,4.0836292209807,9.7323679209582,CM,Cameroon,Africa,Douala
SIYLDuZXqFUQy_kPko8meA,37.54154,140.505211,JP,Japan,Asia,Nihommatsu
O6U0tV6_-kwKilYhRc_lnA,47.490883259512,19.07258806708,HU,Hungary,Europe,Budapest VIII. keruelet
sXwfB9iJoZmFMJamOVR7_Q,41.39537882,2.16015141,ES,Spain,Europe,Eixample
97hMGO8xVF2ZlTM6zcYY5w,52.366037,4.842383,NL,Netherlands,Europe,Amsterdam
cWy5Grmr72NM6rpZsWzohA,51.33597504,12.371165,DE,Germany,Europe,Leipzig
31Zsg5NV_i9JEXjqjpoHkA,39.771507270634,-86.167525816709,US,United States,North America,Indianapolis
oCtTCWymTY7xmcX1KtJLIA,34.094813,-118.126459,US,United States,North America,Alhambra
-YF7yrS0WkRqW2CUBmSOtw,-23.646128,-46.6981532,BR,Brazil,South America,Diadema
K2hH5KpKVeR_bFmdQwlyHg,33.530978,-112.047871,US,United States,North America,Phoenix
2CA_QxSmNqrfk8qvpPPyBg,38.96066853,-77.08559643,US,United States,North America,Friendship Village
--WOpVBuHlCygAUADkttpg,60.1633761,24.9449237,FI,Finland,Europe,Helsinki
JdUYIkqYAvKYU_dmtd2xGw,-37.805347222222,144.96755833333,AU,Australia,Oceania,Carlton
cz5Jwg2cv77QcCspDzXzow,51.5153954,-0.1094325,GB,United Kingdom,Europe,Clerkenwell
WN9KqBUhP6zB0P7Tuygmlw,39.77297441,116.51135456,CN,China,Asia,Jiugong
RJA9nJUq41mwAZJ4w2guCQ,-3.9439267,-38.2966783,BR,Brazil,South America,Aquiraz
fCjpcqkUMVdBKL9jNcaQmQ,-34.618047,-58.389025,AR,Argentina,South America,Buenos Aires
WFtKAKmJya4Ez-jz0aat2A,45.010355555556,-93.149777777778,US,United States,North America,Roseville
A37rh1GmTd-dXdaRC5HA1A,-8.0510654,-34.89710081,BR,Brazil,South America,Recife
n2Ll5B2kHEFJ39y_EhEsVA,48.19886843,16.37535965,AT,Austria,Europe,Vienna
jNNl3EEkMZ5X7Kus3zWqCQ,-34.94572588,138.62508869,AU,Australia,Oceania,Fullarton
DpLijOjJQR1mAvaxrRe2ig,-34.59621536,-58.39334328,AR,Argentina,South America,Retiro
l03F0etu3SsIACvSlOssBg,35.008100978889,138.41249822639,JP,Japan,Asia,Shizuoka-shi
V1S2jbljwnCcvE2oZ975qQ,39.770131465048,-86.157979667187,US,United States,North America,Indianapolis
1gP3mX4unGrcmH9jDsBDdg,33.7943744,-84.3875532,US,United States,North America,Atlanta
6jtyZ208GRW_C4kGvfQgvA,34.077022,-118.151521,US,United States,North America,Alhambra
vY_4cvnLK9akRw-yyU7DZA,50.80577912,19.14011207,PL,Poland,Europe,Czestochowa
DmbGTXdEBRrm_Zu5JLDVrA,37.733789722222,-122.39956638889,US,United States,North America,San Francisco
rB5Kio1fTcdbtxdbfhIphA,-25.4253168,-49.2739966,BR,Brazil,South America,Curitiba
qfqiiUoLkmOxgQl9hEmdZg,34.83078,137.958777,JP,Japan,Asia,Mori
WFBAohfOe2q2XtcALJHTXw,50.884715,4.7325566666667,BE,Belgium,Europe,Leuven
GrxjXVQXSruxnFWGKKjklw,59.3278286,18.0732098,SE,Sweden,Europe,Stockholm
7zKUntDt3zAZRDMsSJw9jw,48.860142143781,2.2807549887253,FR,France,Europe,Neuilly-sur-Seine
MdaHU8sdi3lToXFGD8pRWQ,42.354332,-71.053633,US,United States,North America,Boston
XJIL4uUu1f4rybPrHoFtXg,34.958437,138.371944,JP,Japan,Asia,Shizuoka-shi
McN4iT28FFvX-mOtplQ-KA,-34.60014396,-58.39288426,AR,Argentina,South America,Retiro
645n-Hr2m6fkgS9uaqhJlg,19.403492,-99.169534,MX,Mexico,North America,Benito Juarez
t7W81s5r9FwnRq10lcbOpw,55.670804,12.557197,DK,Denmark,Europe,Copenhagen
QigXtX1rvQSBeXfet-XIRw,35.035041273889,138.42720996722,JP,Japan,Asia,Shizuoka-shi
4cauwb3CNKjcz4eVsGdpVQ,13.75006927,100.53148464,TH,Thailand,Asia,Ratchathewi
jSeHWmRxtzES2q_zNZ7xPQ,37.734766388889,-122.43247638889,US,United States,North America,Daly City
TzQUFTFWKQE2NP8wU1c5Dw,45.46925182,12.26863596,IT,Italy,Europe,Campalto
ngAT9F39kW7T-cMmZIUuhQ,35.0167,138.944687,JP,Japan,Asia,Mishima
DRr8Gbk3a6XHLwotr6PAbg,59.94269514,10.66264936,NO,Norway,Europe,Sjolyststranda
KtKQ7L5qvFVukU_X-f_d7w,41.912159,-87.680119,US,United States,North America,Chicago
bsvO0puN-QB_I-jws1IHJQ,47.508082478307,19.021738758311,HU,Hungary,Europe,Budapest II. keruelet
VJT8B4jAiLlHQhnRB8Arxw,52.248573,5.210388,NL,Netherlands,Europe,Laren
dBUEg6An8SkDf2exUXuo6w,44.898086111111,-93.421736111111,US,United States,North America,Minnetonka Mills
ZJTI6zVDtGOs7zG-jYnQsQ,58.6794,5.5569222222222,NO,Norway,Europe,Naerbo
R0LF2x6W3BjkEC_DuX4BKA,38.91189653,-77.07407062,US,United States,North America,"Washington, D.C."
21tTX-49zQ_AgE37ZvjDMQ,45.41672249,-75.67220074,CA,Canada,North America,Ottawa
QOvHrRC05HNgvc20rnFzPw,35.04364,138.942695,JP,Japan,Asia,Mishima
8X15nq2k7spyG8uW2KSN6Q,4.531956,-75.686432,CO,Colombia,South America,Armenia
1ea4B3Ydvy9Qz3KSVL-Jjg,19.419246696486,-99.169678898544,MX,Mexico,North America,Benito Juarez
BCHaen3SPoiVYoCyLin0GQ,41.91202,-87.627842,US,United States,North America,Chicago
_S_HVf7DG-UFPo9urNL6Ew,35.653183,139.749519,JP,Japan,Asia,Tokyo
4Z1lsB0bMRsHVJHM9n2ZdQ,38.12481886,13.3569838,IT,Italy,Europe,Palermo
faSyXYD6n2HJhWJ6iQmAzw,43.734511111111,-79.601394444444,CA,Canada,North America,Etobicoke
pw4FU8moIjBZUNAAR-w-Tw,47.507367962971,19.072356065735,HU,Hungary,Europe,Budapest VI. keruelet
qySr26JuCBPwTFVSa8NeFA,35.814208333333,-83.942969444444,US,United States,North America,Eagleton Village
Hr8ib4ziIUTOr-V0gqx7HA,34.9593339,135.7156494,JP,Japan,Asia,Muko
0RTbCrGWgNbm00djay0zgQ,41.39283842,2.10935456,ES,Spain,Europe,les Corts
UdK4I6lK2zDFrRHKzxdNug,9.93556611,-84.07397924,CR,Costa Rica,North America,San Jose
dfMYjeAMH_sGLsxuvv-FWQ,43.666412,-79.37791,CA,Canada,North America,Toronto
os02-j4CmQTl6cOC2O_8og,37.336368055556,-121.93116472222,US,United States,North America,Burbank
J6CJq9fqzEA7EF97PbWFvw,35.98614,140.139941,JP,Japan,Asia,Ushiku
wbhsqmp9djCKhCapQlbMwA,-36.99701618,174.86920999,NZ,New Zealand,Oceania,Wiri
smCKQRlrBte-H5GBZcyPMQ,52.369492,4.842562,NL,Netherlands,Europe,Amsterdam
HMkLjAKZqJOS0ZmOvJRa8g,51.518694444444,-0.10494166666667,GB,United Kingdom,Europe,Clerkenwell
FDP2_lEL8949GI5MRNYPYg,34.9563269,135.7526566,JP,Japan,Asia,Muko
Bb2It4iGbhyPGh8d1724JA,34.946074,135.75178378,JP,Japan,Asia,Muko
CVJljJbWa94FWoi2aqyVGw,35.3576339,138.9974786,JP,Japan,Asia,Gotemba
L1YI4YAAfNgKMexrWhxKqw,41.410314,2.198611,ES,Spain,Europe,Sant Marti
yz9wpKZsHFbj7p3XY84m_Q,40.47243391,-3.70957034,ES,Spain,Europe,Tetuan de las Victorias
zBcUk0wLv1UOG3lh0Q1IcQ,-27.47393087,153.0182938,AU,Australia,Oceania,South Brisbane
X6DQZ4BpwPaxGDorvfsG7g,59.94626865,10.78650528,NO,Norway,Europe,Oslo
z3OcSNoQddct8iZGum-pLg,47.686908,-122.344913,US,United States,North America,Shoreline
rGZ0mnw8LR0TIc3GbJzk0Q,43.730769444444,-79.576072222222,CA,Canada,North America,Etobicoke
4KBfxSlwaO6VICDrBHnmXA,51.4640475,7.0172495,DE,Germany,Europe,Essen
kRv56I45tvzq3JrFEPhVDg,41.854003,-87.647849,US,United States,North America,Chicago
MoO2D1Muq8gEeraVa0pn6g,-41.29795214,174.77568732,NZ,New Zealand,Oceania,Wellington
OYsZJMC55CpmozrXuhpjrA,55.60277297,13.00507087,SE,Sweden,Europe,Malmoe
VSuR4ZKl17oWZjyM5IoOvg,38.91110926334,-77.049369609888,US,United States,North America,"Washington, D.C."
MK8n46ZhlhFe-PLtH-w4OA,42.366542,-71.058448,US,United States,North America,Boston
wr5N5EiZPV2QApMzyrJ8jw,-37.8011092,144.9549768,AU,Australia,Oceania,North Melbourne
tK64qZXtSK0AQhUjCSmiMg,48.25943629,16.41330199,AT,Austria,Europe,Gerasdorf bei Wien
PvS6yzHPd683Cs96XsV4Sg,1.291206,103.834119,SG,Singapore,Asia,Singapore
RxPgLzQjoEuq7zxEVRvsHw,50.930745614035,11.569074074074,DE,Germany,Europe,Jena
ANnGtxdEZhmATKwsRQIBfg,-33.86508479,151.19329284,AU,Australia,Oceania,Balmain East
CYl1voc3w0_3lefFUK8qdw,-6.8161111111111,39.290522222222,TZ,"Tanzania, United Republic of",Africa,Dar es Salaam
d4ft70oJx8rSOIvwp5te3g,43.64332395,-79.40251615,CA,Canada,North America,Toronto
Vvaihj50TFksuRG48yUP3g,35.722925,139.818812,JP,Japan,Asia,Urayasu
yGtdwkFVJWvNDq2pSBxslA,40.25374037,-76.86611272,US,United States,North America,Harrisburg
gFfZ5yDbjysz5DWiyT1-5Q,49.263841,-123.145465,CA,Canada,North America,West End
L1ecSEUZbd4663D3D88D-Q,42.374054,-71.067345,US,United States,North America,Boston
6pzEsL3jT2ouoXED2Vevjw,-43.536719217255,172.60700805894,NZ,New Zealand,Oceania,Christchurch
RrCWo-q4ZHw7PJdQX7oT3Q,34.961124686389,138.39176634333,JP,Japan,Asia,Shizuoka-shi
hWtRBItlNI3k3LpXOPtlTg,40.420362,-3.71751,ES,Spain,Europe,City Center
YqYDBEhtfPAhV_DdMX2HfA,-23.582286,-46.66352,BR,Brazil,South America,Sao Paulo
R77Lsl9YNYjCAr0jyLvocA,32.709452,-117.157535,US,United States,North America,San Diego
lUDo9opKdU8UUIIkt38xkQ,40.712813055556,-74.00443,US,United States,North America,New York City
CszCHU0Ou29LYoI8Wgc_jA,35.626938,139.776616,JP,Japan,Asia,Tokyo
vKrpK5GO71m4aMqDir45bw,-43.548253494233,172.57932217591,NZ,New Zealand,Oceania,Christchurch
JLzKTDax5RkjYbdMq2SHYA,-41.28757774,174.76695795,NZ,New Zealand,Oceania,Kelburn
fFfNbW7BYln38qDQTzQsoA,34.895203,137.439588,JP,Japan,Asia,Shinshiro
GoQW7AgsgiBtMSosIMcc0A,46.937445,7.429588,CH,Switzerland,Europe,Koniz
6lil341DJG1jpldI6bIufQ,58.511655555556,5.8405305555556,NO,Norway,Europe,Vigrestad
ZVdOOY-_28JFulCE4EQgHw,19.490106,-99.131699,MX,Mexico,North America,Colonia Lindavista
KCT679i1dlAxkZB1JzscSA,37.52637386,139.88939118,JP,Japan,Asia,Kitakata
HJEkOPDU7N6csYHmfbHKAQ,27.9558988,-82.4257731,US,United States,North America,Tampa
ViF-sEddRuWEz_Xo7hWlVw,-0.21592666666667,-78.443806666667,EC,Ecuador,South America,Quito
ip2UheQfroaU5S4l1e4xtg,33.4481637,-112.0747483,US,United States,North America,Phoenix
e5dncZRC4IiVDejAg6YDyA,36.949681,139.695193,JP,Japan,Asia,Nikko
ByNU0cGRB35Q9L87zC8k4w,34.977125,138.35584,JP,Japan,Asia,Shizuoka-shi
pahBlULWzTdyiiGcWY1rdg,55.77489317,12.52427028,DK,Denmark,Europe,Kongens Lyngby
TZkq2Koz5u8KxK4bdeGdRg,54.6067175,-5.9102694,GB,United Kingdom,Europe,Belfast
Nmok2DdsGAsUvBcEhb1T-A,35.672098,139.804969,JP,Japan,Asia,Urayasu
cWFqdIVQb2UMRewXvSDJxA,38.133986,13.358965,IT,Italy,Europe,Palermo
77Z8XE16BSDy-jxiTHSWJQ,34.447936111111,-119.24388611111,US,United States,North America,Ojai
oC81WcPCiVeThJo8K13vag,34.773705231102,138.14684530312,JP,Japan,Asia,Kanaya
wh0wMI49-nnSwtqyCChM-A,34.810343231111,138.06937804889,JP,Japan,Asia,Kanaya
QmV-XMXX9qPUzSIXbfUBxw,41.145741,-8.623006,PT,Portugal,Europe,Porto
pUDckXrfRst15WAjTTyQfg,-41.29953419,174.78049531,NZ,New Zealand,Oceania,Wellington
lLiRNFbgXpeKFE-Ey1K9iA,39.767191009596,-86.158077903092,US,United States,North America,Indianapolis
3Qj_yZ-DBfidchtenHRdqQ,43.6501948,-79.3855847,CA,Canada,North America,Toronto
QMdfvKAeZI0hnPOi-IBugw,-27.477455511975,153.02100892494,AU,Australia,Oceania,South Brisbane
ZBZP_NObpwPFjscZbcqqXg,-23.553976,-46.679625,BR,Brazil,South America,Sao Paulo
nmNWn_0JMZSC1srPZSESVQ,35.181436,138.906011,JP,Japan,Asia,Mishima
hsawsF45XvsqZ8sKLolMeA,12.14190047,-86.28270278,NI,Nicaragua,North America,Managua
gQ6Zzmb4Do2DBVbXL7lFHg,50.8406804,4.3769741,BE,Belgium,Europe,Brussels
7eVt5IkCxGZm-K6RaANjvA,35.490538,137.703008,JP,Japan,Asia,Iida
VZnDJTiIRzl2Ho5hXmL9TA,49.26376278,-123.11481696,CA,Canada,North America,Vancouver
Vtner0MBgPIYRjmpLMPv5g,36.799456,139.705971,JP,Japan,Asia,Imaichi
oV96iocBYAW3DJwbPNJhGA,12.96887755,77.58605835,IN,India,Asia,Bangalore
1UDwLAhDBDzTJKRhE-CFAQ,-33.43169987338,-70.590044260025,CL,Chile,South America,"Villa Presidente Frei, Nunoa, Santiago, Chile"
8U4nYBrZmsHiUv1_TE6eUA,35.957141666667,-83.946088888889,US,United States,North America,Knoxville
YeZFyPEBvfgTck26qeSecg,37.156726,140.995913,JP,Japan,Asia,Iwaki
NrfUzDC31UR1URevYux_kw,51.519099,-0.121176,GB,United Kingdom,Europe,London
6aMOa43EtbNeCYw6xSIEeA,39.411913,-77.411174,US,United States,North America,Frederick
ORJzCyJp1PU7Bi8Vs788iQ,-33.78070071713,150.99736047294,AU,Australia,Oceania,Northmead
lHBqvfX9RP-P7jtpTVr5Vg,43.65803599243,7.1657118201256,FR,France,Europe,Cagnes-sur-Mer
lS2eAyh4pLjSrBx6AoCkTw,32.709651,-117.161084,US,United States,North America,San Diego
vC8Qcs1AqJt9Hf-pS44cAw,41.886288,12.508944,IT,Italy,Europe,Rome
SBdxTlbW6rHMOrcL8OD4Fw,-16.4806361,-49.0887872,BR,Brazil,South America,Goianapolis
c9rgbiv0TK-6evZu3Mws-g,3.44868916,-76.48867048,CO,Colombia,South America,Cali
KdG4Qb_Hu9w2cD9SFq2q0g,32.722816,-117.161625,US,United States,North America,San Diego
9DWQEtNiezLSghZ1vLKFgQ,55.679872,12.563667,DK,Denmark,Europe,Copenhagen
camoHp_U2GRE7I_Beba9yg,49.26396531,-123.18585012,CA,Canada,North America,West End
2afswsOBR05I_Mp3gDLfRw,37.35585092,-5.98060349,ES,Spain,Europe,Sevilla
D1KiMVEoyJv6Y1wC_Tq5-A,45.40804207,-75.72411994,CA,Canada,North America,Ottawa
QKskMVsNKHwv0hfbWt1KrA,52.09518402,5.13030022,NL,Netherlands,Europe,Utrecht
6GdPaavGAssQA-kAcQCRhA,43.05759088,141.40135254,JP,Japan,Asia,Sapporo
VqwAEql39E0Gyry2qDXAdQ,40.4655293,-3.6935011,ES,Spain,Europe,Chamartin
BCnSHTESya8jFC4VoSQRsQ,39.267132,-76.611124,US,United States,North America,Baltimore
LIYF9y4GWiRrAIhwcHIpvg,-33.909639,151.162036,AU,Australia,Oceania,Marrickville
RXpQBYatKF_xEc5MLMUY2A,34.068244,-118.400374,US,United States,North America,Beverly Hills
2GLKEXlO1JWyVfUDVoPMmA,48.820155,2.24016,FR,France,Europe,Meudon
gNdI2tAfgkndHYH_WaxVQw,53.340617,-6.2689901,IE,Ireland,Europe,Rathmines
6dgYlzZAd09CYP2cNXL_yg,35.354673,137.670178,JP,Japan,Asia,Nakatsugawa
GPXeHMX7ig53MDegX2ldvA,40.483602,-3.689159,ES,Spain,Europe,Pinar de Chamartin
J3SKKSQ2xt671w2NTP0rMA,50.1161357,14.4947893,CZ,Czechia,Europe,Strizkov
2eq6we5e64JpCcDY6UCpXQ,59.3723239,17.9812707,SE,Sweden,Europe,Rasunda
ewi5UPg2X1kdPVSuDYaxqg,43.23637492,-7.48262529,ES,Spain,Europe,Castro de Rei
ho-6chTvnwrZ-EzBxuNzkQ,42.350328,-71.060925,US,United States,North America,Boston
1z7UaOdjJ0E9CTK2i5zsOg,10.48308016,-66.94766702,VE,"Venezuela, Bolivarian Republic of",South America,Caricuao
x4FvHgvv44GBOb_9kpEYXA,33.55537152,-112.04401844,US,United States,North America,Paradise Valley
CzSyjI5mjGUQvY-Pl85Yrw,-12.068673333333,-77.035725,PE,Peru,South America,Lima
3QeZrnYpMqXofZPZPAji6A,50.925813,4.428172,BE,Belgium,Europe,Vilvoorde
txRBpdybQ-4GnObbMkRuvw,13.001172222222,77.623586111111,IN,India,Asia,Bangalore
7EodH4Z7ROuSsyZZswTiwA,30.3972214,-97.7426408,US,United States,North America,Jollyville
3OdeVtOrSNbzrsBW5TZwZw,30.394794,-97.744861,US,United States,North America,Jollyville
XJRsw9P2ol0engxgaLlx3g,-34.89331797,-56.19158934,UY,Uruguay,South America,Montevideo
iqYA_f5-m6HETwj3FFGS3g,35.659452,139.80014,JP,Japan,Asia,Urayasu
3CoL4GM2GqGWo-jygUJ5ig,43.060431,-87.97255,US,United States,North America,Wauwatosa
aXZPd8cFiLnh6w2awaki1g,33.531655,-112.06061,US,United States,North America,Phoenix
SIa1p0s7KK0X6Q5VGg34Ng,35.678736,139.78955,JP,Japan,Asia,Tokyo
dr2CLWcUwosXjHRXVKkBHA,50.520129567126,14.992380974032,CZ,Czechia,Europe,Mnichovo Hradiste
3W5k03eqCA7xgfnA-AWuSA,40.424625,-3.725207,ES,Spain,Europe,Moncloa-Aravaca
Xg4PQP_M2A6fBFXiN0Th1A,45.4961053,-122.6718785,US,United States,North America,Portland
xMxqkQNbMq17s9bijkQZnA,27.9232282,-82.26952038,US,United States,North America,Brandon
MsU4yNMQO9hWsS57eLpjwg,50.91304073,4.44080909,BE,Belgium,Europe,Machelen
x0xJhKdfuirOEl8vx_3kzg,55.75402058,37.6240262,RU,Russian Federation,Europe,Moscow
5wCk5J5sM_QCR2-jATUBmg,22.273138,114.15827,HK,Hong Kong,Asia,Central
Vwti7MCE2rbcxTy8TY3isg,49.155507,-123.114267,CA,Canada,North America,Richmond
wU2LR9MhZLoM2mQiKo5zXg,63.435849010007,10.399562510108,NO,Norway,Europe,Trondheim
QgmxWbUvOT5-5b0jUWsKXA,40.44808055,-80.00555259,US,United States,North America,Pittsburgh
IBCZv5Ud2gujFLYPCv1hmA,35.116971939914,138.62298860995,JP,Japan,Asia,Fuji
oorLfQe4za9CF7mRWLnFIQ,-34.6034,-58.38117,AR,Argentina,South America,Buenos Aires
1SzcosFr3-q-YtG66UdmEA,37.976511111111,-81.281102777778,US,United States,North America,Oak Hill
nJ6Ft1i3DQxz-2-rVhSH1g,47.617703732399,-122.34392942655,US,United States,North America,Seattle
x8SuMvWKpASDeTL0x6iFeA,33.403385,-112.16003305556,US,United States,North America,Laveen
cNJ-qALtH0XwhBhTO5LDig,-33.457782726913,-70.600185843537,CL,Chile,South America,"Villa Presidente Frei, Nunoa, Santiago, Chile"
mLEZPj6kwIOPdYcr4ecu1g,33.998543,-6.851796,MA,Morocco,Africa,Rabat
mkWNxaD5nEkcKQkoWaELPg,32.72615157,-117.16116547,US,United States,North America,San Diego
sKWtF-Omtjh1KYQ4SrBDRg,35.04829,138.942014,JP,Japan,Asia,Mishima
khOeaWeOfydV9Xm-HcneDQ,52.5071704,13.3798702,DE,Germany,Europe,Tiergarten Bezirk
A1BnpKRkHVfFRdfVSehnxA,35.66106,139.737753,JP,Japan,Asia,Tokyo
uZXpwMz-ScqH9Ux3wogLIQ,39.872693,139.743415,JP,Japan,Asia,Tenno
fgxUAUqeRCCLL4sH-tgC2A,43.743375,-79.581786111111,CA,Canada,North America,Etobicoke
gJ2V0kW667Uaz7jex4d75A,50.0747134,14.4044817,CZ,Czechia,Europe,Mala Strana
T83dTAiSv1UlV0s6GNur3w,35.659691,139.736772,JP,Japan,Asia,Tokyo
LHKEm8UayWIGZe_0bt8Tfg,35.121426598639,138.62162389783,JP,Japan,Asia,Fuji
